run,method,rows,batch,fork,phase,iteration,log,after_cleanup_line,before_next_cleanup_line,non_forced_pause_count,non_forced_pause_ms,events
destination-primary,arrayListRows,100000,8192,1,warmup,1,gc/destination-primary-79556-2026-09-16_22-53-50.txt,63,65,0,0,[]
destination-primary,arrayListRows,100000,8192,1,warmup,2,gc/destination-primary-79556-2026-09-16_22-53-50.txt,101,103,0,0,[]
destination-primary,arrayListRows,100000,8192,1,warmup,3,gc/destination-primary-79556-2026-09-16_22-53-50.txt,139,141,0,0,[]
destination-primary,arrayListRows,100000,8192,1,warmup,4,gc/destination-primary-79556-2026-09-16_22-53-50.txt,177,179,0,0,[]
destination-primary,arrayListRows,100000,8192,1,warmup,5,gc/destination-primary-79556-2026-09-16_22-53-50.txt,215,217,0,0,[]
destination-primary,arrayListRows,100000,8192,1,measurement,1,gc/destination-primary-79556-2026-09-16_22-53-50.txt,253,255,0,0,[]
destination-primary,arrayListRows,100000,8192,1,measurement,2,gc/destination-primary-79556-2026-09-16_22-53-50.txt,291,293,0,0,[]
destination-primary,arrayListRows,100000,8192,1,measurement,3,gc/destination-primary-79556-2026-09-16_22-53-50.txt,329,331,0,0,[]
destination-primary,arrayListRows,100000,8192,1,measurement,4,gc/destination-primary-79556-2026-09-16_22-53-50.txt,367,369,0,0,[]
destination-primary,arrayListRows,100000,8192,1,measurement,5,gc/destination-primary-79556-2026-09-16_22-53-50.txt,405,407,0,0,[]
destination-primary,arrayListRows,100000,8192,1,measurement,6,gc/destination-primary-79556-2026-09-16_22-53-50.txt,443,445,0,0,[]
destination-primary,arrayListRows,100000,8192,1,measurement,7,gc/destination-primary-79556-2026-09-16_22-53-50.txt,481,483,0,0,[]
destination-primary,arrayListRows,100000,8192,1,measurement,8,gc/destination-primary-79556-2026-09-16_22-53-50.txt,519,521,0,0,[]
destination-primary,arrayListRows,100000,8192,1,measurement,9,gc/destination-primary-79556-2026-09-16_22-53-50.txt,557,559,0,0,[]
destination-primary,arrayListRows,100000,8192,1,measurement,10,gc/destination-primary-79556-2026-09-16_22-53-50.txt,595,602,0,0,[]
destination-primary,arrayListRows,100000,8192,2,warmup,1,gc/destination-primary-79607-2026-09-16_22-53-59.txt,63,65,0,0,[]
destination-primary,arrayListRows,100000,8192,2,warmup,2,gc/destination-primary-79607-2026-09-16_22-53-59.txt,101,103,0,0,[]
destination-primary,arrayListRows,100000,8192,2,warmup,3,gc/destination-primary-79607-2026-09-16_22-53-59.txt,139,141,0,0,[]
destination-primary,arrayListRows,100000,8192,2,warmup,4,gc/destination-primary-79607-2026-09-16_22-53-59.txt,177,179,0,0,[]
destination-primary,arrayListRows,100000,8192,2,warmup,5,gc/destination-primary-79607-2026-09-16_22-53-59.txt,215,217,0,0,[]
destination-primary,arrayListRows,100000,8192,2,measurement,1,gc/destination-primary-79607-2026-09-16_22-53-59.txt,253,255,0,0,[]
destination-primary,arrayListRows,100000,8192,2,measurement,2,gc/destination-primary-79607-2026-09-16_22-53-59.txt,291,293,0,0,[]
destination-primary,arrayListRows,100000,8192,2,measurement,3,gc/destination-primary-79607-2026-09-16_22-53-59.txt,329,331,0,0,[]
destination-primary,arrayListRows,100000,8192,2,measurement,4,gc/destination-primary-79607-2026-09-16_22-53-59.txt,367,369,0,0,[]
destination-primary,arrayListRows,100000,8192,2,measurement,5,gc/destination-primary-79607-2026-09-16_22-53-59.txt,405,407,0,0,[]
destination-primary,arrayListRows,100000,8192,2,measurement,6,gc/destination-primary-79607-2026-09-16_22-53-59.txt,443,445,0,0,[]
destination-primary,arrayListRows,100000,8192,2,measurement,7,gc/destination-primary-79607-2026-09-16_22-53-59.txt,481,483,0,0,[]
destination-primary,arrayListRows,100000,8192,2,measurement,8,gc/destination-primary-79607-2026-09-16_22-53-59.txt,519,521,0,0,[]
destination-primary,arrayListRows,100000,8192,2,measurement,9,gc/destination-primary-79607-2026-09-16_22-53-59.txt,557,559,0,0,[]
destination-primary,arrayListRows,100000,8192,2,measurement,10,gc/destination-primary-79607-2026-09-16_22-53-59.txt,595,602,0,0,[]
destination-primary,arrayListRows,100000,8192,3,warmup,1,gc/destination-primary-79636-2026-09-16_22-54-09.txt,63,65,0,0,[]
destination-primary,arrayListRows,100000,8192,3,warmup,2,gc/destination-primary-79636-2026-09-16_22-54-09.txt,101,103,0,0,[]
destination-primary,arrayListRows,100000,8192,3,warmup,3,gc/destination-primary-79636-2026-09-16_22-54-09.txt,139,141,0,0,[]
destination-primary,arrayListRows,100000,8192,3,warmup,4,gc/destination-primary-79636-2026-09-16_22-54-09.txt,177,179,0,0,[]
destination-primary,arrayListRows,100000,8192,3,warmup,5,gc/destination-primary-79636-2026-09-16_22-54-09.txt,215,217,0,0,[]
destination-primary,arrayListRows,100000,8192,3,measurement,1,gc/destination-primary-79636-2026-09-16_22-54-09.txt,253,255,0,0,[]
destination-primary,arrayListRows,100000,8192,3,measurement,2,gc/destination-primary-79636-2026-09-16_22-54-09.txt,291,293,0,0,[]
destination-primary,arrayListRows,100000,8192,3,measurement,3,gc/destination-primary-79636-2026-09-16_22-54-09.txt,329,331,0,0,[]
destination-primary,arrayListRows,100000,8192,3,measurement,4,gc/destination-primary-79636-2026-09-16_22-54-09.txt,367,369,0,0,[]
destination-primary,arrayListRows,100000,8192,3,measurement,5,gc/destination-primary-79636-2026-09-16_22-54-09.txt,405,407,0,0,[]
destination-primary,arrayListRows,100000,8192,3,measurement,6,gc/destination-primary-79636-2026-09-16_22-54-09.txt,443,445,0,0,[]
destination-primary,arrayListRows,100000,8192,3,measurement,7,gc/destination-primary-79636-2026-09-16_22-54-09.txt,481,483,0,0,[]
destination-primary,arrayListRows,100000,8192,3,measurement,8,gc/destination-primary-79636-2026-09-16_22-54-09.txt,519,521,0,0,[]
destination-primary,arrayListRows,100000,8192,3,measurement,9,gc/destination-primary-79636-2026-09-16_22-54-09.txt,557,559,0,0,[]
destination-primary,arrayListRows,100000,8192,3,measurement,10,gc/destination-primary-79636-2026-09-16_22-54-09.txt,595,602,0,0,[]
destination-primary,arrayListRows,10000000,8192,1,warmup,1,gc/destination-primary-79663-2026-09-16_22-54-19.txt,63,108,3,446.79600000000005,"[{""line"":77,""gc_id"":2,""kind"":""Pause Young (Normal) (G1 Evacuation Pause) 765M->749M(4096M)"",""pause_ms"":165.092},{""line"":92,""gc_id"":3,""kind"":""Pause Young (Normal) (G1 Evacuation Pause) 927M->932M(4096M)"",""pause_ms"":240.311},{""line"":106,""gc_id"":4,""kind"":""Pause Young (Normal) (G1 Evacuation Pause) 1110M->1115M(4096M)"",""pause_ms"":41.393}]"
destination-primary,arrayListRows,10000000,8192,1,warmup,2,gc/destination-primary-79663-2026-09-16_22-54-19.txt,144,174,2,44.816,"[{""line"":158,""gc_id"":7,""kind"":""Pause Young (Normal) (G1 Evacuation Pause) 769M->774M(4096M)"",""pause_ms"":14.483},{""line"":172,""gc_id"":8,""kind"":""Pause Young (Normal) (G1 Evacuation Pause) 1050M->1055M(4096M)"",""pause_ms"":30.333}]"
destination-primary,arrayListRows,10000000,8192,1,warmup,3,gc/destination-primary-79663-2026-09-16_22-54-19.txt,210,226,1,26.75,"[{""line"":224,""gc_id"":11,""kind"":""Pause Young (Normal) (G1 Evacuation Pause) 905M->908M(4096M)"",""pause_ms"":26.75}]"
destination-primary,arrayListRows,10000000,8192,1,warmup,4,gc/destination-primary-79663-2026-09-16_22-54-19.txt,262,278,1,34.57,"[{""line"":276,""gc_id"":14,""kind"":""Pause Young (Normal) (G1 Evacuation Pause) 995M->998M(4096M)"",""pause_ms"":34.57}]"
destination-primary,arrayListRows,10000000,8192,1,warmup,5,gc/destination-primary-79663-2026-09-16_22-54-19.txt,314,330,1,44.087,"[{""line"":328,""gc_id"":17,""kind"":""Pause Young (Normal) (G1 Evacuation Pause) 1099M->1105M(4096M)"",""pause_ms"":44.087}]"
destination-primary,arrayListRows,10000000,8192,1,measurement,1,gc/destination-primary-79663-2026-09-16_22-54-19.txt,366,368,0,0,[]
destination-primary,arrayListRows,10000000,8192,1,measurement,2,gc/destination-primary-79663-2026-09-16_22-54-19.txt,404,406,0,0,[]
destination-primary,arrayListRows,10000000,8192,1,measurement,3,gc/destination-primary-79663-2026-09-16_22-54-19.txt,442,444,0,0,[]
destination-primary,arrayListRows,10000000,8192,1,measurement,4,gc/destination-primary-79663-2026-09-16_22-54-19.txt,480,482,0,0,[]
destination-primary,arrayListRows,10000000,8192,1,measurement,5,gc/destination-primary-79663-2026-09-16_22-54-19.txt,518,520,0,0,[]
destination-primary,arrayListRows,10000000,8192,1,measurement,6,gc/destination-primary-79663-2026-09-16_22-54-19.txt,556,558,0,0,[]
destination-primary,arrayListRows,10000000,8192,1,measurement,7,gc/destination-primary-79663-2026-09-16_22-54-19.txt,594,596,0,0,[]
destination-primary,arrayListRows,10000000,8192,1,measurement,8,gc/destination-primary-79663-2026-09-16_22-54-19.txt,632,634,0,0,[]
destination-primary,arrayListRows,10000000,8192,1,measurement,9,gc/destination-primary-79663-2026-09-16_22-54-19.txt,670,672,0,0,[]
destination-primary,arrayListRows,10000000,8192,1,measurement,10,gc/destination-primary-79663-2026-09-16_22-54-19.txt,708,715,0,0,[]
destination-primary,arrayListRows,10000000,8192,2,warmup,1,gc/destination-primary-79728-2026-09-16_22-54-33.txt,63,108,3,425.38399999999996,"[{""line"":77,""gc_id"":2,""kind"":""Pause Young (Normal) (G1 Evacuation Pause) 765M->750M(4096M)"",""pause_ms"":161.203},{""line"":92,""gc_id"":3,""kind"":""Pause Young (Normal) (G1 Evacuation Pause) 928M->934M(4096M)"",""pause_ms"":246.365},{""line"":106,""gc_id"":4,""kind"":""Pause Young (Normal) (G1 Evacuation Pause) 1112M->1117M(4096M)"",""pause_ms"":17.816}]"
destination-primary,arrayListRows,10000000,8192,2,warmup,2,gc/destination-primary-79728-2026-09-16_22-54-33.txt,144,174,2,39.508,"[{""line"":158,""gc_id"":7,""kind"":""Pause Young (Normal) (G1 Evacuation Pause) 767M->772M(4096M)"",""pause_ms"":16.92},{""line"":172,""gc_id"":8,""kind"":""Pause Young (Normal) (G1 Evacuation Pause) 1036M->1041M(4096M)"",""pause_ms"":22.588}]"
destination-primary,arrayListRows,10000000,8192,2,warmup,3,gc/destination-primary-79728-2026-09-16_22-54-33.txt,210,226,1,24.272,"[{""line"":224,""gc_id"":11,""kind"":""Pause Young (Normal) (G1 Evacuation Pause) 901M->904M(4096M)"",""pause_ms"":24.272}]"
destination-primary,arrayListRows,10000000,8192,2,warmup,4,gc/destination-primary-79728-2026-09-16_22-54-33.txt,262,278,1,30.043,"[{""line"":276,""gc_id"":14,""kind"":""Pause Young (Normal) (G1 Evacuation Pause) 987M->992M(4096M)"",""pause_ms"":30.043}]"
destination-primary,arrayListRows,10000000,8192,2,warmup,5,gc/destination-primary-79728-2026-09-16_22-54-33.txt,314,330,1,41.432,"[{""line"":328,""gc_id"":17,""kind"":""Pause Young (Normal) (G1 Evacuation Pause) 1093M->1097M(4096M)"",""pause_ms"":41.432}]"
destination-primary,arrayListRows,10000000,8192,2,measurement,1,gc/destination-primary-79728-2026-09-16_22-54-33.txt,366,368,0,0,[]
destination-primary,arrayListRows,10000000,8192,2,measurement,2,gc/destination-primary-79728-2026-09-16_22-54-33.txt,404,406,0,0,[]
destination-primary,arrayListRows,10000000,8192,2,measurement,3,gc/destination-primary-79728-2026-09-16_22-54-33.txt,442,444,0,0,[]
destination-primary,arrayListRows,10000000,8192,2,measurement,4,gc/destination-primary-79728-2026-09-16_22-54-33.txt,480,482,0,0,[]
destination-primary,arrayListRows,10000000,8192,2,measurement,5,gc/destination-primary-79728-2026-09-16_22-54-33.txt,518,520,0,0,[]
destination-primary,arrayListRows,10000000,8192,2,measurement,6,gc/destination-primary-79728-2026-09-16_22-54-33.txt,556,558,0,0,[]
destination-primary,arrayListRows,10000000,8192,2,measurement,7,gc/destination-primary-79728-2026-09-16_22-54-33.txt,594,596,0,0,[]
destination-primary,arrayListRows,10000000,8192,2,measurement,8,gc/destination-primary-79728-2026-09-16_22-54-33.txt,632,634,0,0,[]
destination-primary,arrayListRows,10000000,8192,2,measurement,9,gc/destination-primary-79728-2026-09-16_22-54-33.txt,670,672,0,0,[]
destination-primary,arrayListRows,10000000,8192,2,measurement,10,gc/destination-primary-79728-2026-09-16_22-54-33.txt,708,715,0,0,[]
destination-primary,arrayListRows,10000000,8192,3,warmup,1,gc/destination-primary-79801-2026-09-16_22-54-48.txt,63,108,3,404.364,"[{""line"":77,""gc_id"":2,""kind"":""Pause Young (Normal) (G1 Evacuation Pause) 765M->749M(4096M)"",""pause_ms"":169.771},{""line"":92,""gc_id"":3,""kind"":""Pause Young (Normal) (G1 Evacuation Pause) 927M->932M(4096M)"",""pause_ms"":215.812},{""line"":106,""gc_id"":4,""kind"":""Pause Young (Normal) (G1 Evacuation Pause) 1110M->1115M(4096M)"",""pause_ms"":18.781}]"
destination-primary,arrayListRows,10000000,8192,3,warmup,2,gc/destination-primary-79801-2026-09-16_22-54-48.txt,144,174,2,43.884,"[{""line"":158,""gc_id"":7,""kind"":""Pause Young (Normal) (G1 Evacuation Pause) 783M->786M(4096M)"",""pause_ms"":16.307},{""line"":172,""gc_id"":8,""kind"":""Pause Young (Normal) (G1 Evacuation Pause) 1068M->1072M(4096M)"",""pause_ms"":27.577}]"
destination-primary,arrayListRows,10000000,8192,3,warmup,3,gc/destination-primary-79801-2026-09-16_22-54-48.txt,210,226,1,36.444,"[{""line"":224,""gc_id"":11,""kind"":""Pause Young (Normal) (G1 Evacuation Pause) 923M->925M(4096M)"",""pause_ms"":36.444}]"
destination-primary,arrayListRows,10000000,8192,3,warmup,4,gc/destination-primary-79801-2026-09-16_22-54-48.txt,262,278,1,39.416,"[{""line"":276,""gc_id"":14,""kind"":""Pause Young (Normal) (G1 Evacuation Pause) 1007M->1011M(4096M)"",""pause_ms"":39.416}]"
destination-primary,arrayListRows,10000000,8192,3,warmup,5,gc/destination-primary-79801-2026-09-16_22-54-48.txt,314,330,1,95.246,"[{""line"":328,""gc_id"":17,""kind"":""Pause Young (Normal) (G1 Evacuation Pause) 1111M->1116M(4096M)"",""pause_ms"":95.246}]"
destination-primary,arrayListRows,10000000,8192,3,measurement,1,gc/destination-primary-79801-2026-09-16_22-54-48.txt,366,368,0,0,[]
destination-primary,arrayListRows,10000000,8192,3,measurement,2,gc/destination-primary-79801-2026-09-16_22-54-48.txt,404,406,0,0,[]
destination-primary,arrayListRows,10000000,8192,3,measurement,3,gc/destination-primary-79801-2026-09-16_22-54-48.txt,442,444,0,0,[]
destination-primary,arrayListRows,10000000,8192,3,measurement,4,gc/destination-primary-79801-2026-09-16_22-54-48.txt,480,482,0,0,[]
destination-primary,arrayListRows,10000000,8192,3,measurement,5,gc/destination-primary-79801-2026-09-16_22-54-48.txt,518,520,0,0,[]
destination-primary,arrayListRows,10000000,8192,3,measurement,6,gc/destination-primary-79801-2026-09-16_22-54-48.txt,556,558,0,0,[]
destination-primary,arrayListRows,10000000,8192,3,measurement,7,gc/destination-primary-79801-2026-09-16_22-54-48.txt,594,596,0,0,[]
destination-primary,arrayListRows,10000000,8192,3,measurement,8,gc/destination-primary-79801-2026-09-16_22-54-48.txt,632,634,0,0,[]
destination-primary,arrayListRows,10000000,8192,3,measurement,9,gc/destination-primary-79801-2026-09-16_22-54-48.txt,670,686,1,73.961,"[{""line"":684,""gc_id"":36,""kind"":""Pause Young (Normal) (G1 Evacuation Pause) 1173M->1177M(4096M)"",""pause_ms"":73.961}]"
destination-primary,arrayListRows,10000000,8192,3,measurement,10,gc/destination-primary-79801-2026-09-16_22-54-48.txt,722,729,0,0,[]
destination-primary,arrayListRows,100000,1000000,1,warmup,1,gc/destination-primary-79863-2026-09-16_22-55-02.txt,63,65,0,0,[]
destination-primary,arrayListRows,100000,1000000,1,warmup,2,gc/destination-primary-79863-2026-09-16_22-55-02.txt,101,103,0,0,[]
destination-primary,arrayListRows,100000,1000000,1,warmup,3,gc/destination-primary-79863-2026-09-16_22-55-02.txt,139,141,0,0,[]
destination-primary,arrayListRows,100000,1000000,1,warmup,4,gc/destination-primary-79863-2026-09-16_22-55-02.txt,177,179,0,0,[]
destination-primary,arrayListRows,100000,1000000,1,warmup,5,gc/destination-primary-79863-2026-09-16_22-55-02.txt,215,217,0,0,[]
destination-primary,arrayListRows,100000,1000000,1,measurement,1,gc/destination-primary-79863-2026-09-16_22-55-02.txt,253,255,0,0,[]
destination-primary,arrayListRows,100000,1000000,1,measurement,2,gc/destination-primary-79863-2026-09-16_22-55-02.txt,291,293,0,0,[]
destination-primary,arrayListRows,100000,1000000,1,measurement,3,gc/destination-primary-79863-2026-09-16_22-55-02.txt,329,331,0,0,[]
destination-primary,arrayListRows,100000,1000000,1,measurement,4,gc/destination-primary-79863-2026-09-16_22-55-02.txt,367,369,0,0,[]
destination-primary,arrayListRows,100000,1000000,1,measurement,5,gc/destination-primary-79863-2026-09-16_22-55-02.txt,405,407,0,0,[]
destination-primary,arrayListRows,100000,1000000,1,measurement,6,gc/destination-primary-79863-2026-09-16_22-55-02.txt,443,445,0,0,[]
destination-primary,arrayListRows,100000,1000000,1,measurement,7,gc/destination-primary-79863-2026-09-16_22-55-02.txt,481,483,0,0,[]
destination-primary,arrayListRows,100000,1000000,1,measurement,8,gc/destination-primary-79863-2026-09-16_22-55-02.txt,519,521,0,0,[]
destination-primary,arrayListRows,100000,1000000,1,measurement,9,gc/destination-primary-79863-2026-09-16_22-55-02.txt,557,559,0,0,[]
destination-primary,arrayListRows,100000,1000000,1,measurement,10,gc/destination-primary-79863-2026-09-16_22-55-02.txt,595,602,0,0,[]
destination-primary,arrayListRows,100000,1000000,2,warmup,1,gc/destination-primary-79888-2026-09-16_22-55-12.txt,63,65,0,0,[]
destination-primary,arrayListRows,100000,1000000,2,warmup,2,gc/destination-primary-79888-2026-09-16_22-55-12.txt,101,103,0,0,[]
destination-primary,arrayListRows,100000,1000000,2,warmup,3,gc/destination-primary-79888-2026-09-16_22-55-12.txt,139,141,0,0,[]
destination-primary,arrayListRows,100000,1000000,2,warmup,4,gc/destination-primary-79888-2026-09-16_22-55-12.txt,177,179,0,0,[]
destination-primary,arrayListRows,100000,1000000,2,warmup,5,gc/destination-primary-79888-2026-09-16_22-55-12.txt,215,217,0,0,[]
destination-primary,arrayListRows,100000,1000000,2,measurement,1,gc/destination-primary-79888-2026-09-16_22-55-12.txt,253,255,0,0,[]
destination-primary,arrayListRows,100000,1000000,2,measurement,2,gc/destination-primary-79888-2026-09-16_22-55-12.txt,291,293,0,0,[]
destination-primary,arrayListRows,100000,1000000,2,measurement,3,gc/destination-primary-79888-2026-09-16_22-55-12.txt,329,331,0,0,[]
destination-primary,arrayListRows,100000,1000000,2,measurement,4,gc/destination-primary-79888-2026-09-16_22-55-12.txt,367,369,0,0,[]
destination-primary,arrayListRows,100000,1000000,2,measurement,5,gc/destination-primary-79888-2026-09-16_22-55-12.txt,405,407,0,0,[]
destination-primary,arrayListRows,100000,1000000,2,measurement,6,gc/destination-primary-79888-2026-09-16_22-55-12.txt,443,445,0,0,[]
destination-primary,arrayListRows,100000,1000000,2,measurement,7,gc/destination-primary-79888-2026-09-16_22-55-12.txt,481,483,0,0,[]
destination-primary,arrayListRows,100000,1000000,2,measurement,8,gc/destination-primary-79888-2026-09-16_22-55-12.txt,519,521,0,0,[]
destination-primary,arrayListRows,100000,1000000,2,measurement,9,gc/destination-primary-79888-2026-09-16_22-55-12.txt,557,559,0,0,[]
destination-primary,arrayListRows,100000,1000000,2,measurement,10,gc/destination-primary-79888-2026-09-16_22-55-12.txt,595,602,0,0,[]
destination-primary,arrayListRows,100000,1000000,3,warmup,1,gc/destination-primary-79911-2026-09-16_22-55-21.txt,63,65,0,0,[]
destination-primary,arrayListRows,100000,1000000,3,warmup,2,gc/destination-primary-79911-2026-09-16_22-55-21.txt,101,103,0,0,[]
destination-primary,arrayListRows,100000,1000000,3,warmup,3,gc/destination-primary-79911-2026-09-16_22-55-21.txt,139,141,0,0,[]
destination-primary,arrayListRows,100000,1000000,3,warmup,4,gc/destination-primary-79911-2026-09-16_22-55-21.txt,177,179,0,0,[]
destination-primary,arrayListRows,100000,1000000,3,warmup,5,gc/destination-primary-79911-2026-09-16_22-55-21.txt,215,217,0,0,[]
destination-primary,arrayListRows,100000,1000000,3,measurement,1,gc/destination-primary-79911-2026-09-16_22-55-21.txt,253,255,0,0,[]
destination-primary,arrayListRows,100000,1000000,3,measurement,2,gc/destination-primary-79911-2026-09-16_22-55-21.txt,291,293,0,0,[]
destination-primary,arrayListRows,100000,1000000,3,measurement,3,gc/destination-primary-79911-2026-09-16_22-55-21.txt,329,331,0,0,[]
destination-primary,arrayListRows,100000,1000000,3,measurement,4,gc/destination-primary-79911-2026-09-16_22-55-21.txt,367,369,0,0,[]
destination-primary,arrayListRows,100000,1000000,3,measurement,5,gc/destination-primary-79911-2026-09-16_22-55-21.txt,405,407,0,0,[]
destination-primary,arrayListRows,100000,1000000,3,measurement,6,gc/destination-primary-79911-2026-09-16_22-55-21.txt,443,445,0,0,[]
destination-primary,arrayListRows,100000,1000000,3,measurement,7,gc/destination-primary-79911-2026-09-16_22-55-21.txt,481,483,0,0,[]
destination-primary,arrayListRows,100000,1000000,3,measurement,8,gc/destination-primary-79911-2026-09-16_22-55-21.txt,519,521,0,0,[]
destination-primary,arrayListRows,100000,1000000,3,measurement,9,gc/destination-primary-79911-2026-09-16_22-55-21.txt,557,559,0,0,[]
destination-primary,arrayListRows,100000,1000000,3,measurement,10,gc/destination-primary-79911-2026-09-16_22-55-21.txt,595,602,0,0,[]
destination-primary,arrayListRows,10000000,1000000,1,warmup,1,gc/destination-primary-79937-2026-09-16_22-55-31.txt,63,108,3,404.19500000000005,"[{""line"":77,""gc_id"":2,""kind"":""Pause Young (Normal) (G1 Evacuation Pause) 765M->747M(4096M)"",""pause_ms"":162.899},{""line"":92,""gc_id"":3,""kind"":""Pause Young (Normal) (G1 Evacuation Pause) 925M->930M(4096M)"",""pause_ms"":222.609},{""line"":106,""gc_id"":4,""kind"":""Pause Young (Normal) (G1 Evacuation Pause) 1108M->1113M(4096M)"",""pause_ms"":18.687}]"
destination-primary,arrayListRows,10000000,1000000,1,warmup,2,gc/destination-primary-79937-2026-09-16_22-55-31.txt,144,174,2,46.985,"[{""line"":158,""gc_id"":7,""kind"":""Pause Young (Normal) (G1 Evacuation Pause) 777M->781M(4096M)"",""pause_ms"":15.419},{""line"":172,""gc_id"":8,""kind"":""Pause Young (Normal) (G1 Evacuation Pause) 1057M->1062M(4096M)"",""pause_ms"":31.566}]"
destination-primary,arrayListRows,10000000,1000000,1,warmup,3,gc/destination-primary-79937-2026-09-16_22-55-31.txt,210,226,1,28.711,"[{""line"":224,""gc_id"":11,""kind"":""Pause Young (Normal) (G1 Evacuation Pause) 909M->912M(4096M)"",""pause_ms"":28.711}]"
destination-primary,arrayListRows,10000000,1000000,1,warmup,4,gc/destination-primary-79937-2026-09-16_22-55-31.txt,262,278,1,51.067,"[{""line"":276,""gc_id"":14,""kind"":""Pause Young (Normal) (G1 Evacuation Pause) 997M->1001M(4096M)"",""pause_ms"":51.067}]"
destination-primary,arrayListRows,10000000,1000000,1,warmup,5,gc/destination-primary-79937-2026-09-16_22-55-31.txt,314,330,1,41.23,"[{""line"":328,""gc_id"":17,""kind"":""Pause Young (Normal) (G1 Evacuation Pause) 1085M->1088M(4096M)"",""pause_ms"":41.23}]"
destination-primary,arrayListRows,10000000,1000000,1,measurement,1,gc/destination-primary-79937-2026-09-16_22-55-31.txt,366,368,0,0,[]
destination-primary,arrayListRows,10000000,1000000,1,measurement,2,gc/destination-primary-79937-2026-09-16_22-55-31.txt,404,406,0,0,[]
destination-primary,arrayListRows,10000000,1000000,1,measurement,3,gc/destination-primary-79937-2026-09-16_22-55-31.txt,442,444,0,0,[]
destination-primary,arrayListRows,10000000,1000000,1,measurement,4,gc/destination-primary-79937-2026-09-16_22-55-31.txt,480,482,0,0,[]
destination-primary,arrayListRows,10000000,1000000,1,measurement,5,gc/destination-primary-79937-2026-09-16_22-55-31.txt,518,520,0,0,[]
destination-primary,arrayListRows,10000000,1000000,1,measurement,6,gc/destination-primary-79937-2026-09-16_22-55-31.txt,556,558,0,0,[]
destination-primary,arrayListRows,10000000,1000000,1,measurement,7,gc/destination-primary-79937-2026-09-16_22-55-31.txt,594,596,0,0,[]
destination-primary,arrayListRows,10000000,1000000,1,measurement,8,gc/destination-primary-79937-2026-09-16_22-55-31.txt,632,634,0,0,[]
destination-primary,arrayListRows,10000000,1000000,1,measurement,9,gc/destination-primary-79937-2026-09-16_22-55-31.txt,670,672,0,0,[]
destination-primary,arrayListRows,10000000,1000000,1,measurement,10,gc/destination-primary-79937-2026-09-16_22-55-31.txt,708,715,0,0,[]
destination-primary,arrayListRows,10000000,1000000,2,warmup,1,gc/destination-primary-80007-2026-09-16_22-55-45.txt,63,108,3,420.592,"[{""line"":77,""gc_id"":2,""kind"":""Pause Young (Normal) (G1 Evacuation Pause) 765M->749M(4096M)"",""pause_ms"":170.043},{""line"":92,""gc_id"":3,""kind"":""Pause Young (Normal) (G1 Evacuation Pause) 927M->933M(4096M)"",""pause_ms"":233.404},{""line"":106,""gc_id"":4,""kind"":""Pause Young (Normal) (G1 Evacuation Pause) 1111M->1115M(4096M)"",""pause_ms"":17.145}]"
destination-primary,arrayListRows,10000000,1000000,2,warmup,2,gc/destination-primary-80007-2026-09-16_22-55-45.txt,144,174,2,35.328,"[{""line"":158,""gc_id"":7,""kind"":""Pause Young (Normal) (G1 Evacuation Pause) 765M->768M(4096M)"",""pause_ms"":14.323},{""line"":172,""gc_id"":8,""kind"":""Pause Young (Normal) (G1 Evacuation Pause) 1042M->1046M(4096M)"",""pause_ms"":21.005}]"
destination-primary,arrayListRows,10000000,1000000,2,warmup,3,gc/destination-primary-80007-2026-09-16_22-55-45.txt,210,226,1,24.208,"[{""line"":224,""gc_id"":11,""kind"":""Pause Young (Normal) (G1 Evacuation Pause) 901M->905M(4096M)"",""pause_ms"":24.208}]"
destination-primary,arrayListRows,10000000,1000000,2,warmup,4,gc/destination-primary-80007-2026-09-16_22-55-45.txt,262,278,1,31.809,"[{""line"":276,""gc_id"":14,""kind"":""Pause Young (Normal) (G1 Evacuation Pause) 987M->992M(4096M)"",""pause_ms"":31.809}]"
destination-primary,arrayListRows,10000000,1000000,2,warmup,5,gc/destination-primary-80007-2026-09-16_22-55-45.txt,314,330,1,37.562,"[{""line"":328,""gc_id"":17,""kind"":""Pause Young (Normal) (G1 Evacuation Pause) 1089M->1094M(4096M)"",""pause_ms"":37.562}]"
destination-primary,arrayListRows,10000000,1000000,2,measurement,1,gc/destination-primary-80007-2026-09-16_22-55-45.txt,366,368,0,0,[]
destination-primary,arrayListRows,10000000,1000000,2,measurement,2,gc/destination-primary-80007-2026-09-16_22-55-45.txt,404,406,0,0,[]
destination-primary,arrayListRows,10000000,1000000,2,measurement,3,gc/destination-primary-80007-2026-09-16_22-55-45.txt,442,444,0,0,[]
destination-primary,arrayListRows,10000000,1000000,2,measurement,4,gc/destination-primary-80007-2026-09-16_22-55-45.txt,480,482,0,0,[]
destination-primary,arrayListRows,10000000,1000000,2,measurement,5,gc/destination-primary-80007-2026-09-16_22-55-45.txt,518,520,0,0,[]
destination-primary,arrayListRows,10000000,1000000,2,measurement,6,gc/destination-primary-80007-2026-09-16_22-55-45.txt,556,558,0,0,[]
destination-primary,arrayListRows,10000000,1000000,2,measurement,7,gc/destination-primary-80007-2026-09-16_22-55-45.txt,594,596,0,0,[]
destination-primary,arrayListRows,10000000,1000000,2,measurement,8,gc/destination-primary-80007-2026-09-16_22-55-45.txt,632,634,0,0,[]
destination-primary,arrayListRows,10000000,1000000,2,measurement,9,gc/destination-primary-80007-2026-09-16_22-55-45.txt,670,672,0,0,[]
destination-primary,arrayListRows,10000000,1000000,2,measurement,10,gc/destination-primary-80007-2026-09-16_22-55-45.txt,708,715,0,0,[]
destination-primary,arrayListRows,10000000,1000000,3,warmup,1,gc/destination-primary-80060-2026-09-16_22-56-00.txt,63,108,3,410.047,"[{""line"":77,""gc_id"":2,""kind"":""Pause Young (Normal) (G1 Evacuation Pause) 765M->751M(4096M)"",""pause_ms"":165.817},{""line"":92,""gc_id"":3,""kind"":""Pause Young (Normal) (G1 Evacuation Pause) 929M->935M(4096M)"",""pause_ms"":226.138},{""line"":106,""gc_id"":4,""kind"":""Pause Young (Normal) (G1 Evacuation Pause) 1113M->1118M(4096M)"",""pause_ms"":18.092}]"
destination-primary,arrayListRows,10000000,1000000,3,warmup,2,gc/destination-primary-80060-2026-09-16_22-56-00.txt,144,174,2,39.022999999999996,"[{""line"":158,""gc_id"":7,""kind"":""Pause Young (Normal) (G1 Evacuation Pause) 769M->773M(4096M)"",""pause_ms"":14.754},{""line"":172,""gc_id"":8,""kind"":""Pause Young (Normal) (G1 Evacuation Pause) 1043M->1048M(4096M)"",""pause_ms"":24.269}]"
destination-primary,arrayListRows,10000000,1000000,3,warmup,3,gc/destination-primary-80060-2026-09-16_22-56-00.txt,210,226,1,24.168,"[{""line"":224,""gc_id"":11,""kind"":""Pause Young (Normal) (G1 Evacuation Pause) 907M->911M(4096M)"",""pause_ms"":24.168}]"
destination-primary,arrayListRows,10000000,1000000,3,warmup,4,gc/destination-primary-80060-2026-09-16_22-56-00.txt,262,278,1,41.147,"[{""line"":276,""gc_id"":14,""kind"":""Pause Young (Normal) (G1 Evacuation Pause) 997M->1001M(4096M)"",""pause_ms"":41.147}]"
destination-primary,arrayListRows,10000000,1000000,3,warmup,5,gc/destination-primary-80060-2026-09-16_22-56-00.txt,314,330,1,50.165,"[{""line"":328,""gc_id"":17,""kind"":""Pause Young (Normal) (G1 Evacuation Pause) 1091M->1096M(4096M)"",""pause_ms"":50.165}]"
destination-primary,arrayListRows,10000000,1000000,3,measurement,1,gc/destination-primary-80060-2026-09-16_22-56-00.txt,366,368,0,0,[]
destination-primary,arrayListRows,10000000,1000000,3,measurement,2,gc/destination-primary-80060-2026-09-16_22-56-00.txt,404,406,0,0,[]
destination-primary,arrayListRows,10000000,1000000,3,measurement,3,gc/destination-primary-80060-2026-09-16_22-56-00.txt,442,444,0,0,[]
destination-primary,arrayListRows,10000000,1000000,3,measurement,4,gc/destination-primary-80060-2026-09-16_22-56-00.txt,480,482,0,0,[]
destination-primary,arrayListRows,10000000,1000000,3,measurement,5,gc/destination-primary-80060-2026-09-16_22-56-00.txt,518,520,0,0,[]
destination-primary,arrayListRows,10000000,1000000,3,measurement,6,gc/destination-primary-80060-2026-09-16_22-56-00.txt,556,558,0,0,[]
destination-primary,arrayListRows,10000000,1000000,3,measurement,7,gc/destination-primary-80060-2026-09-16_22-56-00.txt,594,596,0,0,[]
destination-primary,arrayListRows,10000000,1000000,3,measurement,8,gc/destination-primary-80060-2026-09-16_22-56-00.txt,632,634,0,0,[]
destination-primary,arrayListRows,10000000,1000000,3,measurement,9,gc/destination-primary-80060-2026-09-16_22-56-00.txt,670,672,0,0,[]
destination-primary,arrayListRows,10000000,1000000,3,measurement,10,gc/destination-primary-80060-2026-09-16_22-56-00.txt,708,715,0,0,[]
destination-primary,columnarFixedPoolPerBatchBarrierAppender,100000,8192,1,warmup,1,gc/destination-primary-80101-2026-09-16_22-56-14.txt,63,65,0,0,[]
destination-primary,columnarFixedPoolPerBatchBarrierAppender,100000,8192,1,warmup,2,gc/destination-primary-80101-2026-09-16_22-56-14.txt,101,103,0,0,[]
destination-primary,columnarFixedPoolPerBatchBarrierAppender,100000,8192,1,warmup,3,gc/destination-primary-80101-2026-09-16_22-56-14.txt,139,141,0,0,[]
destination-primary,columnarFixedPoolPerBatchBarrierAppender,100000,8192,1,warmup,4,gc/destination-primary-80101-2026-09-16_22-56-14.txt,177,179,0,0,[]
destination-primary,columnarFixedPoolPerBatchBarrierAppender,100000,8192,1,warmup,5,gc/destination-primary-80101-2026-09-16_22-56-14.txt,215,217,0,0,[]
destination-primary,columnarFixedPoolPerBatchBarrierAppender,100000,8192,1,measurement,1,gc/destination-primary-80101-2026-09-16_22-56-14.txt,253,255,0,0,[]
destination-primary,columnarFixedPoolPerBatchBarrierAppender,100000,8192,1,measurement,2,gc/destination-primary-80101-2026-09-16_22-56-14.txt,291,293,0,0,[]
destination-primary,columnarFixedPoolPerBatchBarrierAppender,100000,8192,1,measurement,3,gc/destination-primary-80101-2026-09-16_22-56-14.txt,329,331,0,0,[]
destination-primary,columnarFixedPoolPerBatchBarrierAppender,100000,8192,1,measurement,4,gc/destination-primary-80101-2026-09-16_22-56-14.txt,367,369,0,0,[]
destination-primary,columnarFixedPoolPerBatchBarrierAppender,100000,8192,1,measurement,5,gc/destination-primary-80101-2026-09-16_22-56-14.txt,405,407,0,0,[]
destination-primary,columnarFixedPoolPerBatchBarrierAppender,100000,8192,1,measurement,6,gc/destination-primary-80101-2026-09-16_22-56-14.txt,443,445,0,0,[]
destination-primary,columnarFixedPoolPerBatchBarrierAppender,100000,8192,1,measurement,7,gc/destination-primary-80101-2026-09-16_22-56-14.txt,481,483,0,0,[]
destination-primary,columnarFixedPoolPerBatchBarrierAppender,100000,8192,1,measurement,8,gc/destination-primary-80101-2026-09-16_22-56-14.txt,519,521,0,0,[]
destination-primary,columnarFixedPoolPerBatchBarrierAppender,100000,8192,1,measurement,9,gc/destination-primary-80101-2026-09-16_22-56-14.txt,557,559,0,0,[]
destination-primary,columnarFixedPoolPerBatchBarrierAppender,100000,8192,1,measurement,10,gc/destination-primary-80101-2026-09-16_22-56-14.txt,595,602,0,0,[]
destination-primary,columnarFixedPoolPerBatchBarrierAppender,100000,8192,2,warmup,1,gc/destination-primary-80127-2026-09-16_22-56-24.txt,63,65,0,0,[]
destination-primary,columnarFixedPoolPerBatchBarrierAppender,100000,8192,2,warmup,2,gc/destination-primary-80127-2026-09-16_22-56-24.txt,101,103,0,0,[]
destination-primary,columnarFixedPoolPerBatchBarrierAppender,100000,8192,2,warmup,3,gc/destination-primary-80127-2026-09-16_22-56-24.txt,139,141,0,0,[]
destination-primary,columnarFixedPoolPerBatchBarrierAppender,100000,8192,2,warmup,4,gc/destination-primary-80127-2026-09-16_22-56-24.txt,177,179,0,0,[]
destination-primary,columnarFixedPoolPerBatchBarrierAppender,100000,8192,2,warmup,5,gc/destination-primary-80127-2026-09-16_22-56-24.txt,215,217,0,0,[]
destination-primary,columnarFixedPoolPerBatchBarrierAppender,100000,8192,2,measurement,1,gc/destination-primary-80127-2026-09-16_22-56-24.txt,253,255,0,0,[]
destination-primary,columnarFixedPoolPerBatchBarrierAppender,100000,8192,2,measurement,2,gc/destination-primary-80127-2026-09-16_22-56-24.txt,291,293,0,0,[]
destination-primary,columnarFixedPoolPerBatchBarrierAppender,100000,8192,2,measurement,3,gc/destination-primary-80127-2026-09-16_22-56-24.txt,329,331,0,0,[]
destination-primary,columnarFixedPoolPerBatchBarrierAppender,100000,8192,2,measurement,4,gc/destination-primary-80127-2026-09-16_22-56-24.txt,367,369,0,0,[]
destination-primary,columnarFixedPoolPerBatchBarrierAppender,100000,8192,2,measurement,5,gc/destination-primary-80127-2026-09-16_22-56-24.txt,405,407,0,0,[]
destination-primary,columnarFixedPoolPerBatchBarrierAppender,100000,8192,2,measurement,6,gc/destination-primary-80127-2026-09-16_22-56-24.txt,443,445,0,0,[]
destination-primary,columnarFixedPoolPerBatchBarrierAppender,100000,8192,2,measurement,7,gc/destination-primary-80127-2026-09-16_22-56-24.txt,481,483,0,0,[]
destination-primary,columnarFixedPoolPerBatchBarrierAppender,100000,8192,2,measurement,8,gc/destination-primary-80127-2026-09-16_22-56-24.txt,519,521,0,0,[]
destination-primary,columnarFixedPoolPerBatchBarrierAppender,100000,8192,2,measurement,9,gc/destination-primary-80127-2026-09-16_22-56-24.txt,557,559,0,0,[]
destination-primary,columnarFixedPoolPerBatchBarrierAppender,100000,8192,2,measurement,10,gc/destination-primary-80127-2026-09-16_22-56-24.txt,595,602,0,0,[]
destination-primary,columnarFixedPoolPerBatchBarrierAppender,100000,8192,3,warmup,1,gc/destination-primary-80151-2026-09-16_22-56-33.txt,63,65,0,0,[]
destination-primary,columnarFixedPoolPerBatchBarrierAppender,100000,8192,3,warmup,2,gc/destination-primary-80151-2026-09-16_22-56-33.txt,101,103,0,0,[]
destination-primary,columnarFixedPoolPerBatchBarrierAppender,100000,8192,3,warmup,3,gc/destination-primary-80151-2026-09-16_22-56-33.txt,139,141,0,0,[]
destination-primary,columnarFixedPoolPerBatchBarrierAppender,100000,8192,3,warmup,4,gc/destination-primary-80151-2026-09-16_22-56-33.txt,177,179,0,0,[]
destination-primary,columnarFixedPoolPerBatchBarrierAppender,100000,8192,3,warmup,5,gc/destination-primary-80151-2026-09-16_22-56-33.txt,215,217,0,0,[]
destination-primary,columnarFixedPoolPerBatchBarrierAppender,100000,8192,3,measurement,1,gc/destination-primary-80151-2026-09-16_22-56-33.txt,253,255,0,0,[]
destination-primary,columnarFixedPoolPerBatchBarrierAppender,100000,8192,3,measurement,2,gc/destination-primary-80151-2026-09-16_22-56-33.txt,291,293,0,0,[]
destination-primary,columnarFixedPoolPerBatchBarrierAppender,100000,8192,3,measurement,3,gc/destination-primary-80151-2026-09-16_22-56-33.txt,329,331,0,0,[]
destination-primary,columnarFixedPoolPerBatchBarrierAppender,100000,8192,3,measurement,4,gc/destination-primary-80151-2026-09-16_22-56-33.txt,367,369,0,0,[]
destination-primary,columnarFixedPoolPerBatchBarrierAppender,100000,8192,3,measurement,5,gc/destination-primary-80151-2026-09-16_22-56-33.txt,405,407,0,0,[]
destination-primary,columnarFixedPoolPerBatchBarrierAppender,100000,8192,3,measurement,6,gc/destination-primary-80151-2026-09-16_22-56-33.txt,443,445,0,0,[]
destination-primary,columnarFixedPoolPerBatchBarrierAppender,100000,8192,3,measurement,7,gc/destination-primary-80151-2026-09-16_22-56-33.txt,481,483,0,0,[]
destination-primary,columnarFixedPoolPerBatchBarrierAppender,100000,8192,3,measurement,8,gc/destination-primary-80151-2026-09-16_22-56-33.txt,519,521,0,0,[]
destination-primary,columnarFixedPoolPerBatchBarrierAppender,100000,8192,3,measurement,9,gc/destination-primary-80151-2026-09-16_22-56-33.txt,557,559,0,0,[]
destination-primary,columnarFixedPoolPerBatchBarrierAppender,100000,8192,3,measurement,10,gc/destination-primary-80151-2026-09-16_22-56-33.txt,595,602,0,0,[]
destination-primary,columnarFixedPoolPerBatchBarrierAppender,10000000,8192,1,warmup,1,gc/destination-primary-80209-2026-09-16_22-56-43.txt,63,65,0,0,[]
destination-primary,columnarFixedPoolPerBatchBarrierAppender,10000000,8192,1,warmup,2,gc/destination-primary-80209-2026-09-16_22-56-43.txt,101,103,0,0,[]
destination-primary,columnarFixedPoolPerBatchBarrierAppender,10000000,8192,1,warmup,3,gc/destination-primary-80209-2026-09-16_22-56-43.txt,139,141,0,0,[]
destination-primary,columnarFixedPoolPerBatchBarrierAppender,10000000,8192,1,warmup,4,gc/destination-primary-80209-2026-09-16_22-56-43.txt,177,179,0,0,[]
destination-primary,columnarFixedPoolPerBatchBarrierAppender,10000000,8192,1,warmup,5,gc/destination-primary-80209-2026-09-16_22-56-43.txt,215,217,0,0,[]
destination-primary,columnarFixedPoolPerBatchBarrierAppender,10000000,8192,1,measurement,1,gc/destination-primary-80209-2026-09-16_22-56-43.txt,253,255,0,0,[]
destination-primary,columnarFixedPoolPerBatchBarrierAppender,10000000,8192,1,measurement,2,gc/destination-primary-80209-2026-09-16_22-56-43.txt,291,293,0,0,[]
destination-primary,columnarFixedPoolPerBatchBarrierAppender,10000000,8192,1,measurement,3,gc/destination-primary-80209-2026-09-16_22-56-43.txt,329,331,0,0,[]
destination-primary,columnarFixedPoolPerBatchBarrierAppender,10000000,8192,1,measurement,4,gc/destination-primary-80209-2026-09-16_22-56-43.txt,367,369,0,0,[]
destination-primary,columnarFixedPoolPerBatchBarrierAppender,10000000,8192,1,measurement,5,gc/destination-primary-80209-2026-09-16_22-56-43.txt,405,407,0,0,[]
destination-primary,columnarFixedPoolPerBatchBarrierAppender,10000000,8192,1,measurement,6,gc/destination-primary-80209-2026-09-16_22-56-43.txt,443,445,0,0,[]
destination-primary,columnarFixedPoolPerBatchBarrierAppender,10000000,8192,1,measurement,7,gc/destination-primary-80209-2026-09-16_22-56-43.txt,481,483,0,0,[]
destination-primary,columnarFixedPoolPerBatchBarrierAppender,10000000,8192,1,measurement,8,gc/destination-primary-80209-2026-09-16_22-56-43.txt,519,521,0,0,[]
destination-primary,columnarFixedPoolPerBatchBarrierAppender,10000000,8192,1,measurement,9,gc/destination-primary-80209-2026-09-16_22-56-43.txt,557,559,0,0,[]
destination-primary,columnarFixedPoolPerBatchBarrierAppender,10000000,8192,1,measurement,10,gc/destination-primary-80209-2026-09-16_22-56-43.txt,595,602,0,0,[]
destination-primary,columnarFixedPoolPerBatchBarrierAppender,10000000,8192,2,warmup,1,gc/destination-primary-80255-2026-09-16_22-56-54.txt,63,65,0,0,[]
destination-primary,columnarFixedPoolPerBatchBarrierAppender,10000000,8192,2,warmup,2,gc/destination-primary-80255-2026-09-16_22-56-54.txt,101,103,0,0,[]
destination-primary,columnarFixedPoolPerBatchBarrierAppender,10000000,8192,2,warmup,3,gc/destination-primary-80255-2026-09-16_22-56-54.txt,139,141,0,0,[]
destination-primary,columnarFixedPoolPerBatchBarrierAppender,10000000,8192,2,warmup,4,gc/destination-primary-80255-2026-09-16_22-56-54.txt,177,179,0,0,[]
destination-primary,columnarFixedPoolPerBatchBarrierAppender,10000000,8192,2,warmup,5,gc/destination-primary-80255-2026-09-16_22-56-54.txt,215,217,0,0,[]
destination-primary,columnarFixedPoolPerBatchBarrierAppender,10000000,8192,2,measurement,1,gc/destination-primary-80255-2026-09-16_22-56-54.txt,253,255,0,0,[]
destination-primary,columnarFixedPoolPerBatchBarrierAppender,10000000,8192,2,measurement,2,gc/destination-primary-80255-2026-09-16_22-56-54.txt,291,293,0,0,[]
destination-primary,columnarFixedPoolPerBatchBarrierAppender,10000000,8192,2,measurement,3,gc/destination-primary-80255-2026-09-16_22-56-54.txt,329,331,0,0,[]
destination-primary,columnarFixedPoolPerBatchBarrierAppender,10000000,8192,2,measurement,4,gc/destination-primary-80255-2026-09-16_22-56-54.txt,367,369,0,0,[]
destination-primary,columnarFixedPoolPerBatchBarrierAppender,10000000,8192,2,measurement,5,gc/destination-primary-80255-2026-09-16_22-56-54.txt,405,407,0,0,[]
destination-primary,columnarFixedPoolPerBatchBarrierAppender,10000000,8192,2,measurement,6,gc/destination-primary-80255-2026-09-16_22-56-54.txt,443,445,0,0,[]
destination-primary,columnarFixedPoolPerBatchBarrierAppender,10000000,8192,2,measurement,7,gc/destination-primary-80255-2026-09-16_22-56-54.txt,481,483,0,0,[]
destination-primary,columnarFixedPoolPerBatchBarrierAppender,10000000,8192,2,measurement,8,gc/destination-primary-80255-2026-09-16_22-56-54.txt,519,521,0,0,[]
destination-primary,columnarFixedPoolPerBatchBarrierAppender,10000000,8192,2,measurement,9,gc/destination-primary-80255-2026-09-16_22-56-54.txt,557,559,0,0,[]
destination-primary,columnarFixedPoolPerBatchBarrierAppender,10000000,8192,2,measurement,10,gc/destination-primary-80255-2026-09-16_22-56-54.txt,595,602,0,0,[]
destination-primary,columnarFixedPoolPerBatchBarrierAppender,10000000,8192,3,warmup,1,gc/destination-primary-80293-2026-09-16_22-57-05.txt,63,65,0,0,[]
destination-primary,columnarFixedPoolPerBatchBarrierAppender,10000000,8192,3,warmup,2,gc/destination-primary-80293-2026-09-16_22-57-05.txt,101,103,0,0,[]
destination-primary,columnarFixedPoolPerBatchBarrierAppender,10000000,8192,3,warmup,3,gc/destination-primary-80293-2026-09-16_22-57-05.txt,139,141,0,0,[]
destination-primary,columnarFixedPoolPerBatchBarrierAppender,10000000,8192,3,warmup,4,gc/destination-primary-80293-2026-09-16_22-57-05.txt,177,179,0,0,[]
destination-primary,columnarFixedPoolPerBatchBarrierAppender,10000000,8192,3,warmup,5,gc/destination-primary-80293-2026-09-16_22-57-05.txt,215,217,0,0,[]
destination-primary,columnarFixedPoolPerBatchBarrierAppender,10000000,8192,3,measurement,1,gc/destination-primary-80293-2026-09-16_22-57-05.txt,253,255,0,0,[]
destination-primary,columnarFixedPoolPerBatchBarrierAppender,10000000,8192,3,measurement,2,gc/destination-primary-80293-2026-09-16_22-57-05.txt,291,293,0,0,[]
destination-primary,columnarFixedPoolPerBatchBarrierAppender,10000000,8192,3,measurement,3,gc/destination-primary-80293-2026-09-16_22-57-05.txt,329,331,0,0,[]
destination-primary,columnarFixedPoolPerBatchBarrierAppender,10000000,8192,3,measurement,4,gc/destination-primary-80293-2026-09-16_22-57-05.txt,367,369,0,0,[]
destination-primary,columnarFixedPoolPerBatchBarrierAppender,10000000,8192,3,measurement,5,gc/destination-primary-80293-2026-09-16_22-57-05.txt,405,407,0,0,[]
destination-primary,columnarFixedPoolPerBatchBarrierAppender,10000000,8192,3,measurement,6,gc/destination-primary-80293-2026-09-16_22-57-05.txt,443,445,0,0,[]
destination-primary,columnarFixedPoolPerBatchBarrierAppender,10000000,8192,3,measurement,7,gc/destination-primary-80293-2026-09-16_22-57-05.txt,481,483,0,0,[]
destination-primary,columnarFixedPoolPerBatchBarrierAppender,10000000,8192,3,measurement,8,gc/destination-primary-80293-2026-09-16_22-57-05.txt,519,521,0,0,[]
destination-primary,columnarFixedPoolPerBatchBarrierAppender,10000000,8192,3,measurement,9,gc/destination-primary-80293-2026-09-16_22-57-05.txt,557,559,0,0,[]
destination-primary,columnarFixedPoolPerBatchBarrierAppender,10000000,8192,3,measurement,10,gc/destination-primary-80293-2026-09-16_22-57-05.txt,595,602,0,0,[]
destination-primary,columnarFixedPoolPerBatchBarrierAppender,100000,1000000,1,warmup,1,gc/destination-primary-80322-2026-09-16_22-57-16.txt,63,65,0,0,[]
destination-primary,columnarFixedPoolPerBatchBarrierAppender,100000,1000000,1,warmup,2,gc/destination-primary-80322-2026-09-16_22-57-16.txt,101,103,0,0,[]
destination-primary,columnarFixedPoolPerBatchBarrierAppender,100000,1000000,1,warmup,3,gc/destination-primary-80322-2026-09-16_22-57-16.txt,139,141,0,0,[]
destination-primary,columnarFixedPoolPerBatchBarrierAppender,100000,1000000,1,warmup,4,gc/destination-primary-80322-2026-09-16_22-57-16.txt,177,179,0,0,[]
destination-primary,columnarFixedPoolPerBatchBarrierAppender,100000,1000000,1,warmup,5,gc/destination-primary-80322-2026-09-16_22-57-16.txt,215,217,0,0,[]
destination-primary,columnarFixedPoolPerBatchBarrierAppender,100000,1000000,1,measurement,1,gc/destination-primary-80322-2026-09-16_22-57-16.txt,253,255,0,0,[]
destination-primary,columnarFixedPoolPerBatchBarrierAppender,100000,1000000,1,measurement,2,gc/destination-primary-80322-2026-09-16_22-57-16.txt,291,293,0,0,[]
destination-primary,columnarFixedPoolPerBatchBarrierAppender,100000,1000000,1,measurement,3,gc/destination-primary-80322-2026-09-16_22-57-16.txt,329,331,0,0,[]
destination-primary,columnarFixedPoolPerBatchBarrierAppender,100000,1000000,1,measurement,4,gc/destination-primary-80322-2026-09-16_22-57-16.txt,367,369,0,0,[]
destination-primary,columnarFixedPoolPerBatchBarrierAppender,100000,1000000,1,measurement,5,gc/destination-primary-80322-2026-09-16_22-57-16.txt,405,407,0,0,[]
destination-primary,columnarFixedPoolPerBatchBarrierAppender,100000,1000000,1,measurement,6,gc/destination-primary-80322-2026-09-16_22-57-16.txt,443,445,0,0,[]
destination-primary,columnarFixedPoolPerBatchBarrierAppender,100000,1000000,1,measurement,7,gc/destination-primary-80322-2026-09-16_22-57-16.txt,481,483,0,0,[]
destination-primary,columnarFixedPoolPerBatchBarrierAppender,100000,1000000,1,measurement,8,gc/destination-primary-80322-2026-09-16_22-57-16.txt,519,521,0,0,[]
destination-primary,columnarFixedPoolPerBatchBarrierAppender,100000,1000000,1,measurement,9,gc/destination-primary-80322-2026-09-16_22-57-16.txt,557,559,0,0,[]
destination-primary,columnarFixedPoolPerBatchBarrierAppender,100000,1000000,1,measurement,10,gc/destination-primary-80322-2026-09-16_22-57-16.txt,595,602,0,0,[]
destination-primary,columnarFixedPoolPerBatchBarrierAppender,100000,1000000,2,warmup,1,gc/destination-primary-80347-2026-09-16_22-57-26.txt,63,65,0,0,[]
destination-primary,columnarFixedPoolPerBatchBarrierAppender,100000,1000000,2,warmup,2,gc/destination-primary-80347-2026-09-16_22-57-26.txt,101,103,0,0,[]
destination-primary,columnarFixedPoolPerBatchBarrierAppender,100000,1000000,2,warmup,3,gc/destination-primary-80347-2026-09-16_22-57-26.txt,139,141,0,0,[]
destination-primary,columnarFixedPoolPerBatchBarrierAppender,100000,1000000,2,warmup,4,gc/destination-primary-80347-2026-09-16_22-57-26.txt,177,179,0,0,[]
destination-primary,columnarFixedPoolPerBatchBarrierAppender,100000,1000000,2,warmup,5,gc/destination-primary-80347-2026-09-16_22-57-26.txt,215,217,0,0,[]
destination-primary,columnarFixedPoolPerBatchBarrierAppender,100000,1000000,2,measurement,1,gc/destination-primary-80347-2026-09-16_22-57-26.txt,253,255,0,0,[]
destination-primary,columnarFixedPoolPerBatchBarrierAppender,100000,1000000,2,measurement,2,gc/destination-primary-80347-2026-09-16_22-57-26.txt,291,293,0,0,[]
destination-primary,columnarFixedPoolPerBatchBarrierAppender,100000,1000000,2,measurement,3,gc/destination-primary-80347-2026-09-16_22-57-26.txt,329,331,0,0,[]
destination-primary,columnarFixedPoolPerBatchBarrierAppender,100000,1000000,2,measurement,4,gc/destination-primary-80347-2026-09-16_22-57-26.txt,367,369,0,0,[]
destination-primary,columnarFixedPoolPerBatchBarrierAppender,100000,1000000,2,measurement,5,gc/destination-primary-80347-2026-09-16_22-57-26.txt,405,407,0,0,[]
destination-primary,columnarFixedPoolPerBatchBarrierAppender,100000,1000000,2,measurement,6,gc/destination-primary-80347-2026-09-16_22-57-26.txt,443,445,0,0,[]
destination-primary,columnarFixedPoolPerBatchBarrierAppender,100000,1000000,2,measurement,7,gc/destination-primary-80347-2026-09-16_22-57-26.txt,481,483,0,0,[]
destination-primary,columnarFixedPoolPerBatchBarrierAppender,100000,1000000,2,measurement,8,gc/destination-primary-80347-2026-09-16_22-57-26.txt,519,521,0,0,[]
destination-primary,columnarFixedPoolPerBatchBarrierAppender,100000,1000000,2,measurement,9,gc/destination-primary-80347-2026-09-16_22-57-26.txt,557,559,0,0,[]
destination-primary,columnarFixedPoolPerBatchBarrierAppender,100000,1000000,2,measurement,10,gc/destination-primary-80347-2026-09-16_22-57-26.txt,595,602,0,0,[]
destination-primary,columnarFixedPoolPerBatchBarrierAppender,100000,1000000,3,warmup,1,gc/destination-primary-80374-2026-09-16_22-57-35.txt,63,65,0,0,[]
destination-primary,columnarFixedPoolPerBatchBarrierAppender,100000,1000000,3,warmup,2,gc/destination-primary-80374-2026-09-16_22-57-35.txt,101,103,0,0,[]
destination-primary,columnarFixedPoolPerBatchBarrierAppender,100000,1000000,3,warmup,3,gc/destination-primary-80374-2026-09-16_22-57-35.txt,139,141,0,0,[]
destination-primary,columnarFixedPoolPerBatchBarrierAppender,100000,1000000,3,warmup,4,gc/destination-primary-80374-2026-09-16_22-57-35.txt,177,179,0,0,[]
destination-primary,columnarFixedPoolPerBatchBarrierAppender,100000,1000000,3,warmup,5,gc/destination-primary-80374-2026-09-16_22-57-35.txt,215,217,0,0,[]
destination-primary,columnarFixedPoolPerBatchBarrierAppender,100000,1000000,3,measurement,1,gc/destination-primary-80374-2026-09-16_22-57-35.txt,253,255,0,0,[]
destination-primary,columnarFixedPoolPerBatchBarrierAppender,100000,1000000,3,measurement,2,gc/destination-primary-80374-2026-09-16_22-57-35.txt,291,293,0,0,[]
destination-primary,columnarFixedPoolPerBatchBarrierAppender,100000,1000000,3,measurement,3,gc/destination-primary-80374-2026-09-16_22-57-35.txt,329,331,0,0,[]
destination-primary,columnarFixedPoolPerBatchBarrierAppender,100000,1000000,3,measurement,4,gc/destination-primary-80374-2026-09-16_22-57-35.txt,367,369,0,0,[]
destination-primary,columnarFixedPoolPerBatchBarrierAppender,100000,1000000,3,measurement,5,gc/destination-primary-80374-2026-09-16_22-57-35.txt,405,407,0,0,[]
destination-primary,columnarFixedPoolPerBatchBarrierAppender,100000,1000000,3,measurement,6,gc/destination-primary-80374-2026-09-16_22-57-35.txt,443,445,0,0,[]
destination-primary,columnarFixedPoolPerBatchBarrierAppender,100000,1000000,3,measurement,7,gc/destination-primary-80374-2026-09-16_22-57-35.txt,481,483,0,0,[]
destination-primary,columnarFixedPoolPerBatchBarrierAppender,100000,1000000,3,measurement,8,gc/destination-primary-80374-2026-09-16_22-57-35.txt,519,521,0,0,[]
destination-primary,columnarFixedPoolPerBatchBarrierAppender,100000,1000000,3,measurement,9,gc/destination-primary-80374-2026-09-16_22-57-35.txt,557,559,0,0,[]
destination-primary,columnarFixedPoolPerBatchBarrierAppender,100000,1000000,3,measurement,10,gc/destination-primary-80374-2026-09-16_22-57-35.txt,595,602,0,0,[]
destination-primary,columnarFixedPoolPerBatchBarrierAppender,10000000,1000000,1,warmup,1,gc/destination-primary-80434-2026-09-16_22-57-45.txt,63,65,0,0,[]
destination-primary,columnarFixedPoolPerBatchBarrierAppender,10000000,1000000,1,warmup,2,gc/destination-primary-80434-2026-09-16_22-57-45.txt,101,103,0,0,[]
destination-primary,columnarFixedPoolPerBatchBarrierAppender,10000000,1000000,1,warmup,3,gc/destination-primary-80434-2026-09-16_22-57-45.txt,139,141,0,0,[]
destination-primary,columnarFixedPoolPerBatchBarrierAppender,10000000,1000000,1,warmup,4,gc/destination-primary-80434-2026-09-16_22-57-45.txt,177,179,0,0,[]
destination-primary,columnarFixedPoolPerBatchBarrierAppender,10000000,1000000,1,warmup,5,gc/destination-primary-80434-2026-09-16_22-57-45.txt,215,217,0,0,[]
destination-primary,columnarFixedPoolPerBatchBarrierAppender,10000000,1000000,1,measurement,1,gc/destination-primary-80434-2026-09-16_22-57-45.txt,253,255,0,0,[]
destination-primary,columnarFixedPoolPerBatchBarrierAppender,10000000,1000000,1,measurement,2,gc/destination-primary-80434-2026-09-16_22-57-45.txt,291,293,0,0,[]
destination-primary,columnarFixedPoolPerBatchBarrierAppender,10000000,1000000,1,measurement,3,gc/destination-primary-80434-2026-09-16_22-57-45.txt,329,331,0,0,[]
destination-primary,columnarFixedPoolPerBatchBarrierAppender,10000000,1000000,1,measurement,4,gc/destination-primary-80434-2026-09-16_22-57-45.txt,367,369,0,0,[]
destination-primary,columnarFixedPoolPerBatchBarrierAppender,10000000,1000000,1,measurement,5,gc/destination-primary-80434-2026-09-16_22-57-45.txt,405,407,0,0,[]
destination-primary,columnarFixedPoolPerBatchBarrierAppender,10000000,1000000,1,measurement,6,gc/destination-primary-80434-2026-09-16_22-57-45.txt,443,445,0,0,[]
destination-primary,columnarFixedPoolPerBatchBarrierAppender,10000000,1000000,1,measurement,7,gc/destination-primary-80434-2026-09-16_22-57-45.txt,481,483,0,0,[]
destination-primary,columnarFixedPoolPerBatchBarrierAppender,10000000,1000000,1,measurement,8,gc/destination-primary-80434-2026-09-16_22-57-45.txt,519,521,0,0,[]
destination-primary,columnarFixedPoolPerBatchBarrierAppender,10000000,1000000,1,measurement,9,gc/destination-primary-80434-2026-09-16_22-57-45.txt,557,559,0,0,[]
destination-primary,columnarFixedPoolPerBatchBarrierAppender,10000000,1000000,1,measurement,10,gc/destination-primary-80434-2026-09-16_22-57-45.txt,595,602,0,0,[]
destination-primary,columnarFixedPoolPerBatchBarrierAppender,10000000,1000000,2,warmup,1,gc/destination-primary-80466-2026-09-16_22-57-56.txt,63,65,0,0,[]
destination-primary,columnarFixedPoolPerBatchBarrierAppender,10000000,1000000,2,warmup,2,gc/destination-primary-80466-2026-09-16_22-57-56.txt,101,103,0,0,[]
destination-primary,columnarFixedPoolPerBatchBarrierAppender,10000000,1000000,2,warmup,3,gc/destination-primary-80466-2026-09-16_22-57-56.txt,139,141,0,0,[]
destination-primary,columnarFixedPoolPerBatchBarrierAppender,10000000,1000000,2,warmup,4,gc/destination-primary-80466-2026-09-16_22-57-56.txt,177,179,0,0,[]
destination-primary,columnarFixedPoolPerBatchBarrierAppender,10000000,1000000,2,warmup,5,gc/destination-primary-80466-2026-09-16_22-57-56.txt,215,217,0,0,[]
destination-primary,columnarFixedPoolPerBatchBarrierAppender,10000000,1000000,2,measurement,1,gc/destination-primary-80466-2026-09-16_22-57-56.txt,253,255,0,0,[]
destination-primary,columnarFixedPoolPerBatchBarrierAppender,10000000,1000000,2,measurement,2,gc/destination-primary-80466-2026-09-16_22-57-56.txt,291,293,0,0,[]
destination-primary,columnarFixedPoolPerBatchBarrierAppender,10000000,1000000,2,measurement,3,gc/destination-primary-80466-2026-09-16_22-57-56.txt,329,331,0,0,[]
destination-primary,columnarFixedPoolPerBatchBarrierAppender,10000000,1000000,2,measurement,4,gc/destination-primary-80466-2026-09-16_22-57-56.txt,367,369,0,0,[]
destination-primary,columnarFixedPoolPerBatchBarrierAppender,10000000,1000000,2,measurement,5,gc/destination-primary-80466-2026-09-16_22-57-56.txt,405,407,0,0,[]
destination-primary,columnarFixedPoolPerBatchBarrierAppender,10000000,1000000,2,measurement,6,gc/destination-primary-80466-2026-09-16_22-57-56.txt,443,445,0,0,[]
destination-primary,columnarFixedPoolPerBatchBarrierAppender,10000000,1000000,2,measurement,7,gc/destination-primary-80466-2026-09-16_22-57-56.txt,481,483,0,0,[]
destination-primary,columnarFixedPoolPerBatchBarrierAppender,10000000,1000000,2,measurement,8,gc/destination-primary-80466-2026-09-16_22-57-56.txt,519,521,0,0,[]
destination-primary,columnarFixedPoolPerBatchBarrierAppender,10000000,1000000,2,measurement,9,gc/destination-primary-80466-2026-09-16_22-57-56.txt,557,559,0,0,[]
destination-primary,columnarFixedPoolPerBatchBarrierAppender,10000000,1000000,2,measurement,10,gc/destination-primary-80466-2026-09-16_22-57-56.txt,595,602,0,0,[]
destination-primary,columnarFixedPoolPerBatchBarrierAppender,10000000,1000000,3,warmup,1,gc/destination-primary-80503-2026-09-16_22-58-06.txt,63,65,0,0,[]
destination-primary,columnarFixedPoolPerBatchBarrierAppender,10000000,1000000,3,warmup,2,gc/destination-primary-80503-2026-09-16_22-58-06.txt,101,103,0,0,[]
destination-primary,columnarFixedPoolPerBatchBarrierAppender,10000000,1000000,3,warmup,3,gc/destination-primary-80503-2026-09-16_22-58-06.txt,139,141,0,0,[]
destination-primary,columnarFixedPoolPerBatchBarrierAppender,10000000,1000000,3,warmup,4,gc/destination-primary-80503-2026-09-16_22-58-06.txt,177,179,0,0,[]
destination-primary,columnarFixedPoolPerBatchBarrierAppender,10000000,1000000,3,warmup,5,gc/destination-primary-80503-2026-09-16_22-58-06.txt,215,217,0,0,[]
destination-primary,columnarFixedPoolPerBatchBarrierAppender,10000000,1000000,3,measurement,1,gc/destination-primary-80503-2026-09-16_22-58-06.txt,253,255,0,0,[]
destination-primary,columnarFixedPoolPerBatchBarrierAppender,10000000,1000000,3,measurement,2,gc/destination-primary-80503-2026-09-16_22-58-06.txt,291,293,0,0,[]
destination-primary,columnarFixedPoolPerBatchBarrierAppender,10000000,1000000,3,measurement,3,gc/destination-primary-80503-2026-09-16_22-58-06.txt,329,331,0,0,[]
destination-primary,columnarFixedPoolPerBatchBarrierAppender,10000000,1000000,3,measurement,4,gc/destination-primary-80503-2026-09-16_22-58-06.txt,367,369,0,0,[]
destination-primary,columnarFixedPoolPerBatchBarrierAppender,10000000,1000000,3,measurement,5,gc/destination-primary-80503-2026-09-16_22-58-06.txt,405,407,0,0,[]
destination-primary,columnarFixedPoolPerBatchBarrierAppender,10000000,1000000,3,measurement,6,gc/destination-primary-80503-2026-09-16_22-58-06.txt,443,445,0,0,[]
destination-primary,columnarFixedPoolPerBatchBarrierAppender,10000000,1000000,3,measurement,7,gc/destination-primary-80503-2026-09-16_22-58-06.txt,481,483,0,0,[]
destination-primary,columnarFixedPoolPerBatchBarrierAppender,10000000,1000000,3,measurement,8,gc/destination-primary-80503-2026-09-16_22-58-06.txt,519,521,0,0,[]
destination-primary,columnarFixedPoolPerBatchBarrierAppender,10000000,1000000,3,measurement,9,gc/destination-primary-80503-2026-09-16_22-58-06.txt,557,559,0,0,[]
destination-primary,columnarFixedPoolPerBatchBarrierAppender,10000000,1000000,3,measurement,10,gc/destination-primary-80503-2026-09-16_22-58-06.txt,595,602,0,0,[]
destination-primary,columnarFixedPoolPipelinedAppender,100000,8192,1,warmup,1,gc/destination-primary-80532-2026-09-16_22-58-17.txt,63,65,0,0,[]
destination-primary,columnarFixedPoolPipelinedAppender,100000,8192,1,warmup,2,gc/destination-primary-80532-2026-09-16_22-58-17.txt,101,103,0,0,[]
destination-primary,columnarFixedPoolPipelinedAppender,100000,8192,1,warmup,3,gc/destination-primary-80532-2026-09-16_22-58-17.txt,139,141,0,0,[]
destination-primary,columnarFixedPoolPipelinedAppender,100000,8192,1,warmup,4,gc/destination-primary-80532-2026-09-16_22-58-17.txt,177,179,0,0,[]
destination-primary,columnarFixedPoolPipelinedAppender,100000,8192,1,warmup,5,gc/destination-primary-80532-2026-09-16_22-58-17.txt,215,217,0,0,[]
destination-primary,columnarFixedPoolPipelinedAppender,100000,8192,1,measurement,1,gc/destination-primary-80532-2026-09-16_22-58-17.txt,253,255,0,0,[]
destination-primary,columnarFixedPoolPipelinedAppender,100000,8192,1,measurement,2,gc/destination-primary-80532-2026-09-16_22-58-17.txt,291,293,0,0,[]
destination-primary,columnarFixedPoolPipelinedAppender,100000,8192,1,measurement,3,gc/destination-primary-80532-2026-09-16_22-58-17.txt,329,331,0,0,[]
destination-primary,columnarFixedPoolPipelinedAppender,100000,8192,1,measurement,4,gc/destination-primary-80532-2026-09-16_22-58-17.txt,367,369,0,0,[]
destination-primary,columnarFixedPoolPipelinedAppender,100000,8192,1,measurement,5,gc/destination-primary-80532-2026-09-16_22-58-17.txt,405,407,0,0,[]
destination-primary,columnarFixedPoolPipelinedAppender,100000,8192,1,measurement,6,gc/destination-primary-80532-2026-09-16_22-58-17.txt,443,445,0,0,[]
destination-primary,columnarFixedPoolPipelinedAppender,100000,8192,1,measurement,7,gc/destination-primary-80532-2026-09-16_22-58-17.txt,481,483,0,0,[]
destination-primary,columnarFixedPoolPipelinedAppender,100000,8192,1,measurement,8,gc/destination-primary-80532-2026-09-16_22-58-17.txt,519,521,0,0,[]
destination-primary,columnarFixedPoolPipelinedAppender,100000,8192,1,measurement,9,gc/destination-primary-80532-2026-09-16_22-58-17.txt,557,559,0,0,[]
destination-primary,columnarFixedPoolPipelinedAppender,100000,8192,1,measurement,10,gc/destination-primary-80532-2026-09-16_22-58-17.txt,595,602,0,0,[]
destination-primary,columnarFixedPoolPipelinedAppender,100000,8192,2,warmup,1,gc/destination-primary-80557-2026-09-16_22-58-27.txt,63,65,0,0,[]
destination-primary,columnarFixedPoolPipelinedAppender,100000,8192,2,warmup,2,gc/destination-primary-80557-2026-09-16_22-58-27.txt,101,103,0,0,[]
destination-primary,columnarFixedPoolPipelinedAppender,100000,8192,2,warmup,3,gc/destination-primary-80557-2026-09-16_22-58-27.txt,139,141,0,0,[]
destination-primary,columnarFixedPoolPipelinedAppender,100000,8192,2,warmup,4,gc/destination-primary-80557-2026-09-16_22-58-27.txt,177,179,0,0,[]
destination-primary,columnarFixedPoolPipelinedAppender,100000,8192,2,warmup,5,gc/destination-primary-80557-2026-09-16_22-58-27.txt,215,217,0,0,[]
destination-primary,columnarFixedPoolPipelinedAppender,100000,8192,2,measurement,1,gc/destination-primary-80557-2026-09-16_22-58-27.txt,253,255,0,0,[]
destination-primary,columnarFixedPoolPipelinedAppender,100000,8192,2,measurement,2,gc/destination-primary-80557-2026-09-16_22-58-27.txt,291,293,0,0,[]
destination-primary,columnarFixedPoolPipelinedAppender,100000,8192,2,measurement,3,gc/destination-primary-80557-2026-09-16_22-58-27.txt,329,331,0,0,[]
destination-primary,columnarFixedPoolPipelinedAppender,100000,8192,2,measurement,4,gc/destination-primary-80557-2026-09-16_22-58-27.txt,367,369,0,0,[]
destination-primary,columnarFixedPoolPipelinedAppender,100000,8192,2,measurement,5,gc/destination-primary-80557-2026-09-16_22-58-27.txt,405,407,0,0,[]
destination-primary,columnarFixedPoolPipelinedAppender,100000,8192,2,measurement,6,gc/destination-primary-80557-2026-09-16_22-58-27.txt,443,445,0,0,[]
destination-primary,columnarFixedPoolPipelinedAppender,100000,8192,2,measurement,7,gc/destination-primary-80557-2026-09-16_22-58-27.txt,481,483,0,0,[]
destination-primary,columnarFixedPoolPipelinedAppender,100000,8192,2,measurement,8,gc/destination-primary-80557-2026-09-16_22-58-27.txt,519,521,0,0,[]
destination-primary,columnarFixedPoolPipelinedAppender,100000,8192,2,measurement,9,gc/destination-primary-80557-2026-09-16_22-58-27.txt,557,559,0,0,[]
destination-primary,columnarFixedPoolPipelinedAppender,100000,8192,2,measurement,10,gc/destination-primary-80557-2026-09-16_22-58-27.txt,595,602,0,0,[]
destination-primary,columnarFixedPoolPipelinedAppender,100000,8192,3,warmup,1,gc/destination-primary-80585-2026-09-16_22-58-36.txt,63,65,0,0,[]
destination-primary,columnarFixedPoolPipelinedAppender,100000,8192,3,warmup,2,gc/destination-primary-80585-2026-09-16_22-58-36.txt,101,103,0,0,[]
destination-primary,columnarFixedPoolPipelinedAppender,100000,8192,3,warmup,3,gc/destination-primary-80585-2026-09-16_22-58-36.txt,139,141,0,0,[]
destination-primary,columnarFixedPoolPipelinedAppender,100000,8192,3,warmup,4,gc/destination-primary-80585-2026-09-16_22-58-36.txt,177,179,0,0,[]
destination-primary,columnarFixedPoolPipelinedAppender,100000,8192,3,warmup,5,gc/destination-primary-80585-2026-09-16_22-58-36.txt,215,217,0,0,[]
destination-primary,columnarFixedPoolPipelinedAppender,100000,8192,3,measurement,1,gc/destination-primary-80585-2026-09-16_22-58-36.txt,253,255,0,0,[]
destination-primary,columnarFixedPoolPipelinedAppender,100000,8192,3,measurement,2,gc/destination-primary-80585-2026-09-16_22-58-36.txt,291,293,0,0,[]
destination-primary,columnarFixedPoolPipelinedAppender,100000,8192,3,measurement,3,gc/destination-primary-80585-2026-09-16_22-58-36.txt,329,331,0,0,[]
destination-primary,columnarFixedPoolPipelinedAppender,100000,8192,3,measurement,4,gc/destination-primary-80585-2026-09-16_22-58-36.txt,367,369,0,0,[]
destination-primary,columnarFixedPoolPipelinedAppender,100000,8192,3,measurement,5,gc/destination-primary-80585-2026-09-16_22-58-36.txt,405,407,0,0,[]
destination-primary,columnarFixedPoolPipelinedAppender,100000,8192,3,measurement,6,gc/destination-primary-80585-2026-09-16_22-58-36.txt,443,445,0,0,[]
destination-primary,columnarFixedPoolPipelinedAppender,100000,8192,3,measurement,7,gc/destination-primary-80585-2026-09-16_22-58-36.txt,481,483,0,0,[]
destination-primary,columnarFixedPoolPipelinedAppender,100000,8192,3,measurement,8,gc/destination-primary-80585-2026-09-16_22-58-36.txt,519,521,0,0,[]
destination-primary,columnarFixedPoolPipelinedAppender,100000,8192,3,measurement,9,gc/destination-primary-80585-2026-09-16_22-58-36.txt,557,559,0,0,[]
destination-primary,columnarFixedPoolPipelinedAppender,100000,8192,3,measurement,10,gc/destination-primary-80585-2026-09-16_22-58-36.txt,595,602,0,0,[]
destination-primary,columnarFixedPoolPipelinedAppender,10000000,8192,1,warmup,1,gc/destination-primary-80640-2026-09-16_22-58-46.txt,63,65,0,0,[]
destination-primary,columnarFixedPoolPipelinedAppender,10000000,8192,1,warmup,2,gc/destination-primary-80640-2026-09-16_22-58-46.txt,101,103,0,0,[]
destination-primary,columnarFixedPoolPipelinedAppender,10000000,8192,1,warmup,3,gc/destination-primary-80640-2026-09-16_22-58-46.txt,139,141,0,0,[]
destination-primary,columnarFixedPoolPipelinedAppender,10000000,8192,1,warmup,4,gc/destination-primary-80640-2026-09-16_22-58-46.txt,177,179,0,0,[]
destination-primary,columnarFixedPoolPipelinedAppender,10000000,8192,1,warmup,5,gc/destination-primary-80640-2026-09-16_22-58-46.txt,215,217,0,0,[]
destination-primary,columnarFixedPoolPipelinedAppender,10000000,8192,1,measurement,1,gc/destination-primary-80640-2026-09-16_22-58-46.txt,253,255,0,0,[]
destination-primary,columnarFixedPoolPipelinedAppender,10000000,8192,1,measurement,2,gc/destination-primary-80640-2026-09-16_22-58-46.txt,291,293,0,0,[]
destination-primary,columnarFixedPoolPipelinedAppender,10000000,8192,1,measurement,3,gc/destination-primary-80640-2026-09-16_22-58-46.txt,329,331,0,0,[]
destination-primary,columnarFixedPoolPipelinedAppender,10000000,8192,1,measurement,4,gc/destination-primary-80640-2026-09-16_22-58-46.txt,367,369,0,0,[]
destination-primary,columnarFixedPoolPipelinedAppender,10000000,8192,1,measurement,5,gc/destination-primary-80640-2026-09-16_22-58-46.txt,405,407,0,0,[]
destination-primary,columnarFixedPoolPipelinedAppender,10000000,8192,1,measurement,6,gc/destination-primary-80640-2026-09-16_22-58-46.txt,443,445,0,0,[]
destination-primary,columnarFixedPoolPipelinedAppender,10000000,8192,1,measurement,7,gc/destination-primary-80640-2026-09-16_22-58-46.txt,481,483,0,0,[]
destination-primary,columnarFixedPoolPipelinedAppender,10000000,8192,1,measurement,8,gc/destination-primary-80640-2026-09-16_22-58-46.txt,519,521,0,0,[]
destination-primary,columnarFixedPoolPipelinedAppender,10000000,8192,1,measurement,9,gc/destination-primary-80640-2026-09-16_22-58-46.txt,557,559,0,0,[]
destination-primary,columnarFixedPoolPipelinedAppender,10000000,8192,1,measurement,10,gc/destination-primary-80640-2026-09-16_22-58-46.txt,595,602,0,0,[]
destination-primary,columnarFixedPoolPipelinedAppender,10000000,8192,2,warmup,1,gc/destination-primary-80687-2026-09-16_22-58-57.txt,63,65,0,0,[]
destination-primary,columnarFixedPoolPipelinedAppender,10000000,8192,2,warmup,2,gc/destination-primary-80687-2026-09-16_22-58-57.txt,101,103,0,0,[]
destination-primary,columnarFixedPoolPipelinedAppender,10000000,8192,2,warmup,3,gc/destination-primary-80687-2026-09-16_22-58-57.txt,139,141,0,0,[]
destination-primary,columnarFixedPoolPipelinedAppender,10000000,8192,2,warmup,4,gc/destination-primary-80687-2026-09-16_22-58-57.txt,177,179,0,0,[]
destination-primary,columnarFixedPoolPipelinedAppender,10000000,8192,2,warmup,5,gc/destination-primary-80687-2026-09-16_22-58-57.txt,215,217,0,0,[]
destination-primary,columnarFixedPoolPipelinedAppender,10000000,8192,2,measurement,1,gc/destination-primary-80687-2026-09-16_22-58-57.txt,253,255,0,0,[]
destination-primary,columnarFixedPoolPipelinedAppender,10000000,8192,2,measurement,2,gc/destination-primary-80687-2026-09-16_22-58-57.txt,291,293,0,0,[]
destination-primary,columnarFixedPoolPipelinedAppender,10000000,8192,2,measurement,3,gc/destination-primary-80687-2026-09-16_22-58-57.txt,329,331,0,0,[]
destination-primary,columnarFixedPoolPipelinedAppender,10000000,8192,2,measurement,4,gc/destination-primary-80687-2026-09-16_22-58-57.txt,367,369,0,0,[]
destination-primary,columnarFixedPoolPipelinedAppender,10000000,8192,2,measurement,5,gc/destination-primary-80687-2026-09-16_22-58-57.txt,405,407,0,0,[]
destination-primary,columnarFixedPoolPipelinedAppender,10000000,8192,2,measurement,6,gc/destination-primary-80687-2026-09-16_22-58-57.txt,443,445,0,0,[]
destination-primary,columnarFixedPoolPipelinedAppender,10000000,8192,2,measurement,7,gc/destination-primary-80687-2026-09-16_22-58-57.txt,481,483,0,0,[]
destination-primary,columnarFixedPoolPipelinedAppender,10000000,8192,2,measurement,8,gc/destination-primary-80687-2026-09-16_22-58-57.txt,519,521,0,0,[]
destination-primary,columnarFixedPoolPipelinedAppender,10000000,8192,2,measurement,9,gc/destination-primary-80687-2026-09-16_22-58-57.txt,557,559,0,0,[]
destination-primary,columnarFixedPoolPipelinedAppender,10000000,8192,2,measurement,10,gc/destination-primary-80687-2026-09-16_22-58-57.txt,595,602,0,0,[]
destination-primary,columnarFixedPoolPipelinedAppender,10000000,8192,3,warmup,1,gc/destination-primary-80717-2026-09-16_22-59-08.txt,63,65,0,0,[]
destination-primary,columnarFixedPoolPipelinedAppender,10000000,8192,3,warmup,2,gc/destination-primary-80717-2026-09-16_22-59-08.txt,101,103,0,0,[]
destination-primary,columnarFixedPoolPipelinedAppender,10000000,8192,3,warmup,3,gc/destination-primary-80717-2026-09-16_22-59-08.txt,139,141,0,0,[]
destination-primary,columnarFixedPoolPipelinedAppender,10000000,8192,3,warmup,4,gc/destination-primary-80717-2026-09-16_22-59-08.txt,177,179,0,0,[]
destination-primary,columnarFixedPoolPipelinedAppender,10000000,8192,3,warmup,5,gc/destination-primary-80717-2026-09-16_22-59-08.txt,215,217,0,0,[]
destination-primary,columnarFixedPoolPipelinedAppender,10000000,8192,3,measurement,1,gc/destination-primary-80717-2026-09-16_22-59-08.txt,253,255,0,0,[]
destination-primary,columnarFixedPoolPipelinedAppender,10000000,8192,3,measurement,2,gc/destination-primary-80717-2026-09-16_22-59-08.txt,291,293,0,0,[]
destination-primary,columnarFixedPoolPipelinedAppender,10000000,8192,3,measurement,3,gc/destination-primary-80717-2026-09-16_22-59-08.txt,329,331,0,0,[]
destination-primary,columnarFixedPoolPipelinedAppender,10000000,8192,3,measurement,4,gc/destination-primary-80717-2026-09-16_22-59-08.txt,367,369,0,0,[]
destination-primary,columnarFixedPoolPipelinedAppender,10000000,8192,3,measurement,5,gc/destination-primary-80717-2026-09-16_22-59-08.txt,405,407,0,0,[]
destination-primary,columnarFixedPoolPipelinedAppender,10000000,8192,3,measurement,6,gc/destination-primary-80717-2026-09-16_22-59-08.txt,443,445,0,0,[]
destination-primary,columnarFixedPoolPipelinedAppender,10000000,8192,3,measurement,7,gc/destination-primary-80717-2026-09-16_22-59-08.txt,481,483,0,0,[]
destination-primary,columnarFixedPoolPipelinedAppender,10000000,8192,3,measurement,8,gc/destination-primary-80717-2026-09-16_22-59-08.txt,519,521,0,0,[]
destination-primary,columnarFixedPoolPipelinedAppender,10000000,8192,3,measurement,9,gc/destination-primary-80717-2026-09-16_22-59-08.txt,557,559,0,0,[]
destination-primary,columnarFixedPoolPipelinedAppender,10000000,8192,3,measurement,10,gc/destination-primary-80717-2026-09-16_22-59-08.txt,595,602,0,0,[]
destination-primary,columnarFixedPoolPipelinedAppender,100000,1000000,1,warmup,1,gc/destination-primary-80747-2026-09-16_22-59-18.txt,63,65,0,0,[]
destination-primary,columnarFixedPoolPipelinedAppender,100000,1000000,1,warmup,2,gc/destination-primary-80747-2026-09-16_22-59-18.txt,101,103,0,0,[]
destination-primary,columnarFixedPoolPipelinedAppender,100000,1000000,1,warmup,3,gc/destination-primary-80747-2026-09-16_22-59-18.txt,139,141,0,0,[]
destination-primary,columnarFixedPoolPipelinedAppender,100000,1000000,1,warmup,4,gc/destination-primary-80747-2026-09-16_22-59-18.txt,177,179,0,0,[]
destination-primary,columnarFixedPoolPipelinedAppender,100000,1000000,1,warmup,5,gc/destination-primary-80747-2026-09-16_22-59-18.txt,215,217,0,0,[]
destination-primary,columnarFixedPoolPipelinedAppender,100000,1000000,1,measurement,1,gc/destination-primary-80747-2026-09-16_22-59-18.txt,253,255,0,0,[]
destination-primary,columnarFixedPoolPipelinedAppender,100000,1000000,1,measurement,2,gc/destination-primary-80747-2026-09-16_22-59-18.txt,291,293,0,0,[]
destination-primary,columnarFixedPoolPipelinedAppender,100000,1000000,1,measurement,3,gc/destination-primary-80747-2026-09-16_22-59-18.txt,329,331,0,0,[]
destination-primary,columnarFixedPoolPipelinedAppender,100000,1000000,1,measurement,4,gc/destination-primary-80747-2026-09-16_22-59-18.txt,367,369,0,0,[]
destination-primary,columnarFixedPoolPipelinedAppender,100000,1000000,1,measurement,5,gc/destination-primary-80747-2026-09-16_22-59-18.txt,405,407,0,0,[]
destination-primary,columnarFixedPoolPipelinedAppender,100000,1000000,1,measurement,6,gc/destination-primary-80747-2026-09-16_22-59-18.txt,443,445,0,0,[]
destination-primary,columnarFixedPoolPipelinedAppender,100000,1000000,1,measurement,7,gc/destination-primary-80747-2026-09-16_22-59-18.txt,481,483,0,0,[]
destination-primary,columnarFixedPoolPipelinedAppender,100000,1000000,1,measurement,8,gc/destination-primary-80747-2026-09-16_22-59-18.txt,519,521,0,0,[]
destination-primary,columnarFixedPoolPipelinedAppender,100000,1000000,1,measurement,9,gc/destination-primary-80747-2026-09-16_22-59-18.txt,557,559,0,0,[]
destination-primary,columnarFixedPoolPipelinedAppender,100000,1000000,1,measurement,10,gc/destination-primary-80747-2026-09-16_22-59-18.txt,595,602,0,0,[]
destination-primary,columnarFixedPoolPipelinedAppender,100000,1000000,2,warmup,1,gc/destination-primary-80772-2026-09-16_22-59-28.txt,63,65,0,0,[]
destination-primary,columnarFixedPoolPipelinedAppender,100000,1000000,2,warmup,2,gc/destination-primary-80772-2026-09-16_22-59-28.txt,101,103,0,0,[]
destination-primary,columnarFixedPoolPipelinedAppender,100000,1000000,2,warmup,3,gc/destination-primary-80772-2026-09-16_22-59-28.txt,139,141,0,0,[]
destination-primary,columnarFixedPoolPipelinedAppender,100000,1000000,2,warmup,4,gc/destination-primary-80772-2026-09-16_22-59-28.txt,177,179,0,0,[]
destination-primary,columnarFixedPoolPipelinedAppender,100000,1000000,2,warmup,5,gc/destination-primary-80772-2026-09-16_22-59-28.txt,215,217,0,0,[]
destination-primary,columnarFixedPoolPipelinedAppender,100000,1000000,2,measurement,1,gc/destination-primary-80772-2026-09-16_22-59-28.txt,253,255,0,0,[]
destination-primary,columnarFixedPoolPipelinedAppender,100000,1000000,2,measurement,2,gc/destination-primary-80772-2026-09-16_22-59-28.txt,291,293,0,0,[]
destination-primary,columnarFixedPoolPipelinedAppender,100000,1000000,2,measurement,3,gc/destination-primary-80772-2026-09-16_22-59-28.txt,329,331,0,0,[]
destination-primary,columnarFixedPoolPipelinedAppender,100000,1000000,2,measurement,4,gc/destination-primary-80772-2026-09-16_22-59-28.txt,367,369,0,0,[]
destination-primary,columnarFixedPoolPipelinedAppender,100000,1000000,2,measurement,5,gc/destination-primary-80772-2026-09-16_22-59-28.txt,405,407,0,0,[]
destination-primary,columnarFixedPoolPipelinedAppender,100000,1000000,2,measurement,6,gc/destination-primary-80772-2026-09-16_22-59-28.txt,443,445,0,0,[]
destination-primary,columnarFixedPoolPipelinedAppender,100000,1000000,2,measurement,7,gc/destination-primary-80772-2026-09-16_22-59-28.txt,481,483,0,0,[]
destination-primary,columnarFixedPoolPipelinedAppender,100000,1000000,2,measurement,8,gc/destination-primary-80772-2026-09-16_22-59-28.txt,519,521,0,0,[]
destination-primary,columnarFixedPoolPipelinedAppender,100000,1000000,2,measurement,9,gc/destination-primary-80772-2026-09-16_22-59-28.txt,557,559,0,0,[]
destination-primary,columnarFixedPoolPipelinedAppender,100000,1000000,2,measurement,10,gc/destination-primary-80772-2026-09-16_22-59-28.txt,595,602,0,0,[]
destination-primary,columnarFixedPoolPipelinedAppender,100000,1000000,3,warmup,1,gc/destination-primary-80800-2026-09-16_22-59-38.txt,63,65,0,0,[]
destination-primary,columnarFixedPoolPipelinedAppender,100000,1000000,3,warmup,2,gc/destination-primary-80800-2026-09-16_22-59-38.txt,101,103,0,0,[]
destination-primary,columnarFixedPoolPipelinedAppender,100000,1000000,3,warmup,3,gc/destination-primary-80800-2026-09-16_22-59-38.txt,139,141,0,0,[]
destination-primary,columnarFixedPoolPipelinedAppender,100000,1000000,3,warmup,4,gc/destination-primary-80800-2026-09-16_22-59-38.txt,177,179,0,0,[]
destination-primary,columnarFixedPoolPipelinedAppender,100000,1000000,3,warmup,5,gc/destination-primary-80800-2026-09-16_22-59-38.txt,215,217,0,0,[]
destination-primary,columnarFixedPoolPipelinedAppender,100000,1000000,3,measurement,1,gc/destination-primary-80800-2026-09-16_22-59-38.txt,253,255,0,0,[]
destination-primary,columnarFixedPoolPipelinedAppender,100000,1000000,3,measurement,2,gc/destination-primary-80800-2026-09-16_22-59-38.txt,291,293,0,0,[]
destination-primary,columnarFixedPoolPipelinedAppender,100000,1000000,3,measurement,3,gc/destination-primary-80800-2026-09-16_22-59-38.txt,329,331,0,0,[]
destination-primary,columnarFixedPoolPipelinedAppender,100000,1000000,3,measurement,4,gc/destination-primary-80800-2026-09-16_22-59-38.txt,367,369,0,0,[]
destination-primary,columnarFixedPoolPipelinedAppender,100000,1000000,3,measurement,5,gc/destination-primary-80800-2026-09-16_22-59-38.txt,405,407,0,0,[]
destination-primary,columnarFixedPoolPipelinedAppender,100000,1000000,3,measurement,6,gc/destination-primary-80800-2026-09-16_22-59-38.txt,443,445,0,0,[]
destination-primary,columnarFixedPoolPipelinedAppender,100000,1000000,3,measurement,7,gc/destination-primary-80800-2026-09-16_22-59-38.txt,481,483,0,0,[]
destination-primary,columnarFixedPoolPipelinedAppender,100000,1000000,3,measurement,8,gc/destination-primary-80800-2026-09-16_22-59-38.txt,519,521,0,0,[]
destination-primary,columnarFixedPoolPipelinedAppender,100000,1000000,3,measurement,9,gc/destination-primary-80800-2026-09-16_22-59-38.txt,557,559,0,0,[]
destination-primary,columnarFixedPoolPipelinedAppender,100000,1000000,3,measurement,10,gc/destination-primary-80800-2026-09-16_22-59-38.txt,595,602,0,0,[]
destination-primary,columnarFixedPoolPipelinedAppender,10000000,1000000,1,warmup,1,gc/destination-primary-80851-2026-09-16_22-59-47.txt,63,65,0,0,[]
destination-primary,columnarFixedPoolPipelinedAppender,10000000,1000000,1,warmup,2,gc/destination-primary-80851-2026-09-16_22-59-47.txt,101,103,0,0,[]
destination-primary,columnarFixedPoolPipelinedAppender,10000000,1000000,1,warmup,3,gc/destination-primary-80851-2026-09-16_22-59-47.txt,139,141,0,0,[]
destination-primary,columnarFixedPoolPipelinedAppender,10000000,1000000,1,warmup,4,gc/destination-primary-80851-2026-09-16_22-59-47.txt,177,179,0,0,[]
destination-primary,columnarFixedPoolPipelinedAppender,10000000,1000000,1,warmup,5,gc/destination-primary-80851-2026-09-16_22-59-47.txt,215,217,0,0,[]
destination-primary,columnarFixedPoolPipelinedAppender,10000000,1000000,1,measurement,1,gc/destination-primary-80851-2026-09-16_22-59-47.txt,253,255,0,0,[]
destination-primary,columnarFixedPoolPipelinedAppender,10000000,1000000,1,measurement,2,gc/destination-primary-80851-2026-09-16_22-59-47.txt,291,293,0,0,[]
destination-primary,columnarFixedPoolPipelinedAppender,10000000,1000000,1,measurement,3,gc/destination-primary-80851-2026-09-16_22-59-47.txt,329,331,0,0,[]
destination-primary,columnarFixedPoolPipelinedAppender,10000000,1000000,1,measurement,4,gc/destination-primary-80851-2026-09-16_22-59-47.txt,367,369,0,0,[]
destination-primary,columnarFixedPoolPipelinedAppender,10000000,1000000,1,measurement,5,gc/destination-primary-80851-2026-09-16_22-59-47.txt,405,407,0,0,[]
destination-primary,columnarFixedPoolPipelinedAppender,10000000,1000000,1,measurement,6,gc/destination-primary-80851-2026-09-16_22-59-47.txt,443,445,0,0,[]
destination-primary,columnarFixedPoolPipelinedAppender,10000000,1000000,1,measurement,7,gc/destination-primary-80851-2026-09-16_22-59-47.txt,481,483,0,0,[]
destination-primary,columnarFixedPoolPipelinedAppender,10000000,1000000,1,measurement,8,gc/destination-primary-80851-2026-09-16_22-59-47.txt,519,521,0,0,[]
destination-primary,columnarFixedPoolPipelinedAppender,10000000,1000000,1,measurement,9,gc/destination-primary-80851-2026-09-16_22-59-47.txt,557,559,0,0,[]
destination-primary,columnarFixedPoolPipelinedAppender,10000000,1000000,1,measurement,10,gc/destination-primary-80851-2026-09-16_22-59-47.txt,595,602,0,0,[]
destination-primary,columnarFixedPoolPipelinedAppender,10000000,1000000,2,warmup,1,gc/destination-primary-80894-2026-09-16_22-59-58.txt,63,65,0,0,[]
destination-primary,columnarFixedPoolPipelinedAppender,10000000,1000000,2,warmup,2,gc/destination-primary-80894-2026-09-16_22-59-58.txt,101,103,0,0,[]
destination-primary,columnarFixedPoolPipelinedAppender,10000000,1000000,2,warmup,3,gc/destination-primary-80894-2026-09-16_22-59-58.txt,139,141,0,0,[]
destination-primary,columnarFixedPoolPipelinedAppender,10000000,1000000,2,warmup,4,gc/destination-primary-80894-2026-09-16_22-59-58.txt,177,179,0,0,[]
destination-primary,columnarFixedPoolPipelinedAppender,10000000,1000000,2,warmup,5,gc/destination-primary-80894-2026-09-16_22-59-58.txt,215,217,0,0,[]
destination-primary,columnarFixedPoolPipelinedAppender,10000000,1000000,2,measurement,1,gc/destination-primary-80894-2026-09-16_22-59-58.txt,253,255,0,0,[]
destination-primary,columnarFixedPoolPipelinedAppender,10000000,1000000,2,measurement,2,gc/destination-primary-80894-2026-09-16_22-59-58.txt,291,293,0,0,[]
destination-primary,columnarFixedPoolPipelinedAppender,10000000,1000000,2,measurement,3,gc/destination-primary-80894-2026-09-16_22-59-58.txt,329,331,0,0,[]
destination-primary,columnarFixedPoolPipelinedAppender,10000000,1000000,2,measurement,4,gc/destination-primary-80894-2026-09-16_22-59-58.txt,367,369,0,0,[]
destination-primary,columnarFixedPoolPipelinedAppender,10000000,1000000,2,measurement,5,gc/destination-primary-80894-2026-09-16_22-59-58.txt,405,407,0,0,[]
destination-primary,columnarFixedPoolPipelinedAppender,10000000,1000000,2,measurement,6,gc/destination-primary-80894-2026-09-16_22-59-58.txt,443,445,0,0,[]
destination-primary,columnarFixedPoolPipelinedAppender,10000000,1000000,2,measurement,7,gc/destination-primary-80894-2026-09-16_22-59-58.txt,481,483,0,0,[]
destination-primary,columnarFixedPoolPipelinedAppender,10000000,1000000,2,measurement,8,gc/destination-primary-80894-2026-09-16_22-59-58.txt,519,521,0,0,[]
destination-primary,columnarFixedPoolPipelinedAppender,10000000,1000000,2,measurement,9,gc/destination-primary-80894-2026-09-16_22-59-58.txt,557,559,0,0,[]
destination-primary,columnarFixedPoolPipelinedAppender,10000000,1000000,2,measurement,10,gc/destination-primary-80894-2026-09-16_22-59-58.txt,595,602,0,0,[]
destination-primary,columnarFixedPoolPipelinedAppender,10000000,1000000,3,warmup,1,gc/destination-primary-80926-2026-09-16_23-00-09.txt,63,65,0,0,[]
destination-primary,columnarFixedPoolPipelinedAppender,10000000,1000000,3,warmup,2,gc/destination-primary-80926-2026-09-16_23-00-09.txt,101,103,0,0,[]
destination-primary,columnarFixedPoolPipelinedAppender,10000000,1000000,3,warmup,3,gc/destination-primary-80926-2026-09-16_23-00-09.txt,139,141,0,0,[]
destination-primary,columnarFixedPoolPipelinedAppender,10000000,1000000,3,warmup,4,gc/destination-primary-80926-2026-09-16_23-00-09.txt,177,179,0,0,[]
destination-primary,columnarFixedPoolPipelinedAppender,10000000,1000000,3,warmup,5,gc/destination-primary-80926-2026-09-16_23-00-09.txt,215,217,0,0,[]
destination-primary,columnarFixedPoolPipelinedAppender,10000000,1000000,3,measurement,1,gc/destination-primary-80926-2026-09-16_23-00-09.txt,253,255,0,0,[]
destination-primary,columnarFixedPoolPipelinedAppender,10000000,1000000,3,measurement,2,gc/destination-primary-80926-2026-09-16_23-00-09.txt,291,293,0,0,[]
destination-primary,columnarFixedPoolPipelinedAppender,10000000,1000000,3,measurement,3,gc/destination-primary-80926-2026-09-16_23-00-09.txt,329,331,0,0,[]
destination-primary,columnarFixedPoolPipelinedAppender,10000000,1000000,3,measurement,4,gc/destination-primary-80926-2026-09-16_23-00-09.txt,367,369,0,0,[]
destination-primary,columnarFixedPoolPipelinedAppender,10000000,1000000,3,measurement,5,gc/destination-primary-80926-2026-09-16_23-00-09.txt,405,407,0,0,[]
destination-primary,columnarFixedPoolPipelinedAppender,10000000,1000000,3,measurement,6,gc/destination-primary-80926-2026-09-16_23-00-09.txt,443,445,0,0,[]
destination-primary,columnarFixedPoolPipelinedAppender,10000000,1000000,3,measurement,7,gc/destination-primary-80926-2026-09-16_23-00-09.txt,481,483,0,0,[]
destination-primary,columnarFixedPoolPipelinedAppender,10000000,1000000,3,measurement,8,gc/destination-primary-80926-2026-09-16_23-00-09.txt,519,521,0,0,[]
destination-primary,columnarFixedPoolPipelinedAppender,10000000,1000000,3,measurement,9,gc/destination-primary-80926-2026-09-16_23-00-09.txt,557,559,0,0,[]
destination-primary,columnarFixedPoolPipelinedAppender,10000000,1000000,3,measurement,10,gc/destination-primary-80926-2026-09-16_23-00-09.txt,595,602,0,0,[]
destination-primary,columnarSequentialRangedBatches,100000,8192,1,warmup,1,gc/destination-primary-80955-2026-09-16_23-00-19.txt,63,65,0,0,[]
destination-primary,columnarSequentialRangedBatches,100000,8192,1,warmup,2,gc/destination-primary-80955-2026-09-16_23-00-19.txt,101,103,0,0,[]
destination-primary,columnarSequentialRangedBatches,100000,8192,1,warmup,3,gc/destination-primary-80955-2026-09-16_23-00-19.txt,139,141,0,0,[]
destination-primary,columnarSequentialRangedBatches,100000,8192,1,warmup,4,gc/destination-primary-80955-2026-09-16_23-00-19.txt,177,179,0,0,[]
destination-primary,columnarSequentialRangedBatches,100000,8192,1,warmup,5,gc/destination-primary-80955-2026-09-16_23-00-19.txt,215,217,0,0,[]
destination-primary,columnarSequentialRangedBatches,100000,8192,1,measurement,1,gc/destination-primary-80955-2026-09-16_23-00-19.txt,253,255,0,0,[]
destination-primary,columnarSequentialRangedBatches,100000,8192,1,measurement,2,gc/destination-primary-80955-2026-09-16_23-00-19.txt,291,293,0,0,[]
destination-primary,columnarSequentialRangedBatches,100000,8192,1,measurement,3,gc/destination-primary-80955-2026-09-16_23-00-19.txt,329,331,0,0,[]
destination-primary,columnarSequentialRangedBatches,100000,8192,1,measurement,4,gc/destination-primary-80955-2026-09-16_23-00-19.txt,367,369,0,0,[]
destination-primary,columnarSequentialRangedBatches,100000,8192,1,measurement,5,gc/destination-primary-80955-2026-09-16_23-00-19.txt,405,407,0,0,[]
destination-primary,columnarSequentialRangedBatches,100000,8192,1,measurement,6,gc/destination-primary-80955-2026-09-16_23-00-19.txt,443,445,0,0,[]
destination-primary,columnarSequentialRangedBatches,100000,8192,1,measurement,7,gc/destination-primary-80955-2026-09-16_23-00-19.txt,481,483,0,0,[]
destination-primary,columnarSequentialRangedBatches,100000,8192,1,measurement,8,gc/destination-primary-80955-2026-09-16_23-00-19.txt,519,521,0,0,[]
destination-primary,columnarSequentialRangedBatches,100000,8192,1,measurement,9,gc/destination-primary-80955-2026-09-16_23-00-19.txt,557,559,0,0,[]
destination-primary,columnarSequentialRangedBatches,100000,8192,1,measurement,10,gc/destination-primary-80955-2026-09-16_23-00-19.txt,595,602,0,0,[]
destination-primary,columnarSequentialRangedBatches,100000,8192,2,warmup,1,gc/destination-primary-80982-2026-09-16_23-00-29.txt,63,65,0,0,[]
destination-primary,columnarSequentialRangedBatches,100000,8192,2,warmup,2,gc/destination-primary-80982-2026-09-16_23-00-29.txt,101,103,0,0,[]
destination-primary,columnarSequentialRangedBatches,100000,8192,2,warmup,3,gc/destination-primary-80982-2026-09-16_23-00-29.txt,139,141,0,0,[]
destination-primary,columnarSequentialRangedBatches,100000,8192,2,warmup,4,gc/destination-primary-80982-2026-09-16_23-00-29.txt,177,179,0,0,[]
destination-primary,columnarSequentialRangedBatches,100000,8192,2,warmup,5,gc/destination-primary-80982-2026-09-16_23-00-29.txt,215,217,0,0,[]
destination-primary,columnarSequentialRangedBatches,100000,8192,2,measurement,1,gc/destination-primary-80982-2026-09-16_23-00-29.txt,253,255,0,0,[]
destination-primary,columnarSequentialRangedBatches,100000,8192,2,measurement,2,gc/destination-primary-80982-2026-09-16_23-00-29.txt,291,293,0,0,[]
destination-primary,columnarSequentialRangedBatches,100000,8192,2,measurement,3,gc/destination-primary-80982-2026-09-16_23-00-29.txt,329,331,0,0,[]
destination-primary,columnarSequentialRangedBatches,100000,8192,2,measurement,4,gc/destination-primary-80982-2026-09-16_23-00-29.txt,367,369,0,0,[]
destination-primary,columnarSequentialRangedBatches,100000,8192,2,measurement,5,gc/destination-primary-80982-2026-09-16_23-00-29.txt,405,407,0,0,[]
destination-primary,columnarSequentialRangedBatches,100000,8192,2,measurement,6,gc/destination-primary-80982-2026-09-16_23-00-29.txt,443,445,0,0,[]
destination-primary,columnarSequentialRangedBatches,100000,8192,2,measurement,7,gc/destination-primary-80982-2026-09-16_23-00-29.txt,481,483,0,0,[]
destination-primary,columnarSequentialRangedBatches,100000,8192,2,measurement,8,gc/destination-primary-80982-2026-09-16_23-00-29.txt,519,521,0,0,[]
destination-primary,columnarSequentialRangedBatches,100000,8192,2,measurement,9,gc/destination-primary-80982-2026-09-16_23-00-29.txt,557,559,0,0,[]
destination-primary,columnarSequentialRangedBatches,100000,8192,2,measurement,10,gc/destination-primary-80982-2026-09-16_23-00-29.txt,595,602,0,0,[]
destination-primary,columnarSequentialRangedBatches,100000,8192,3,warmup,1,gc/destination-primary-81010-2026-09-16_23-00-39.txt,63,65,0,0,[]
destination-primary,columnarSequentialRangedBatches,100000,8192,3,warmup,2,gc/destination-primary-81010-2026-09-16_23-00-39.txt,101,103,0,0,[]
destination-primary,columnarSequentialRangedBatches,100000,8192,3,warmup,3,gc/destination-primary-81010-2026-09-16_23-00-39.txt,139,141,0,0,[]
destination-primary,columnarSequentialRangedBatches,100000,8192,3,warmup,4,gc/destination-primary-81010-2026-09-16_23-00-39.txt,177,179,0,0,[]
destination-primary,columnarSequentialRangedBatches,100000,8192,3,warmup,5,gc/destination-primary-81010-2026-09-16_23-00-39.txt,215,217,0,0,[]
destination-primary,columnarSequentialRangedBatches,100000,8192,3,measurement,1,gc/destination-primary-81010-2026-09-16_23-00-39.txt,253,255,0,0,[]
destination-primary,columnarSequentialRangedBatches,100000,8192,3,measurement,2,gc/destination-primary-81010-2026-09-16_23-00-39.txt,291,293,0,0,[]
destination-primary,columnarSequentialRangedBatches,100000,8192,3,measurement,3,gc/destination-primary-81010-2026-09-16_23-00-39.txt,329,331,0,0,[]
destination-primary,columnarSequentialRangedBatches,100000,8192,3,measurement,4,gc/destination-primary-81010-2026-09-16_23-00-39.txt,367,369,0,0,[]
destination-primary,columnarSequentialRangedBatches,100000,8192,3,measurement,5,gc/destination-primary-81010-2026-09-16_23-00-39.txt,405,407,0,0,[]
destination-primary,columnarSequentialRangedBatches,100000,8192,3,measurement,6,gc/destination-primary-81010-2026-09-16_23-00-39.txt,443,445,0,0,[]
destination-primary,columnarSequentialRangedBatches,100000,8192,3,measurement,7,gc/destination-primary-81010-2026-09-16_23-00-39.txt,481,483,0,0,[]
destination-primary,columnarSequentialRangedBatches,100000,8192,3,measurement,8,gc/destination-primary-81010-2026-09-16_23-00-39.txt,519,521,0,0,[]
destination-primary,columnarSequentialRangedBatches,100000,8192,3,measurement,9,gc/destination-primary-81010-2026-09-16_23-00-39.txt,557,559,0,0,[]
destination-primary,columnarSequentialRangedBatches,100000,8192,3,measurement,10,gc/destination-primary-81010-2026-09-16_23-00-39.txt,595,602,0,0,[]
destination-primary,columnarSequentialRangedBatches,10000000,8192,1,warmup,1,gc/destination-primary-81059-2026-09-16_23-00-48.txt,63,65,0,0,[]
destination-primary,columnarSequentialRangedBatches,10000000,8192,1,warmup,2,gc/destination-primary-81059-2026-09-16_23-00-48.txt,101,103,0,0,[]
destination-primary,columnarSequentialRangedBatches,10000000,8192,1,warmup,3,gc/destination-primary-81059-2026-09-16_23-00-48.txt,139,141,0,0,[]
destination-primary,columnarSequentialRangedBatches,10000000,8192,1,warmup,4,gc/destination-primary-81059-2026-09-16_23-00-48.txt,177,179,0,0,[]
destination-primary,columnarSequentialRangedBatches,10000000,8192,1,warmup,5,gc/destination-primary-81059-2026-09-16_23-00-48.txt,215,217,0,0,[]
destination-primary,columnarSequentialRangedBatches,10000000,8192,1,measurement,1,gc/destination-primary-81059-2026-09-16_23-00-48.txt,253,255,0,0,[]
destination-primary,columnarSequentialRangedBatches,10000000,8192,1,measurement,2,gc/destination-primary-81059-2026-09-16_23-00-48.txt,291,293,0,0,[]
destination-primary,columnarSequentialRangedBatches,10000000,8192,1,measurement,3,gc/destination-primary-81059-2026-09-16_23-00-48.txt,329,331,0,0,[]
destination-primary,columnarSequentialRangedBatches,10000000,8192,1,measurement,4,gc/destination-primary-81059-2026-09-16_23-00-48.txt,367,369,0,0,[]
destination-primary,columnarSequentialRangedBatches,10000000,8192,1,measurement,5,gc/destination-primary-81059-2026-09-16_23-00-48.txt,405,407,0,0,[]
destination-primary,columnarSequentialRangedBatches,10000000,8192,1,measurement,6,gc/destination-primary-81059-2026-09-16_23-00-48.txt,443,445,0,0,[]
destination-primary,columnarSequentialRangedBatches,10000000,8192,1,measurement,7,gc/destination-primary-81059-2026-09-16_23-00-48.txt,481,483,0,0,[]
destination-primary,columnarSequentialRangedBatches,10000000,8192,1,measurement,8,gc/destination-primary-81059-2026-09-16_23-00-48.txt,519,521,0,0,[]
destination-primary,columnarSequentialRangedBatches,10000000,8192,1,measurement,9,gc/destination-primary-81059-2026-09-16_23-00-48.txt,557,559,0,0,[]
destination-primary,columnarSequentialRangedBatches,10000000,8192,1,measurement,10,gc/destination-primary-81059-2026-09-16_23-00-48.txt,595,602,0,0,[]
destination-primary,columnarSequentialRangedBatches,10000000,8192,2,warmup,1,gc/destination-primary-81120-2026-09-16_23-00-59.txt,63,65,0,0,[]
destination-primary,columnarSequentialRangedBatches,10000000,8192,2,warmup,2,gc/destination-primary-81120-2026-09-16_23-00-59.txt,101,103,0,0,[]
destination-primary,columnarSequentialRangedBatches,10000000,8192,2,warmup,3,gc/destination-primary-81120-2026-09-16_23-00-59.txt,139,141,0,0,[]
destination-primary,columnarSequentialRangedBatches,10000000,8192,2,warmup,4,gc/destination-primary-81120-2026-09-16_23-00-59.txt,177,179,0,0,[]
destination-primary,columnarSequentialRangedBatches,10000000,8192,2,warmup,5,gc/destination-primary-81120-2026-09-16_23-00-59.txt,215,217,0,0,[]
destination-primary,columnarSequentialRangedBatches,10000000,8192,2,measurement,1,gc/destination-primary-81120-2026-09-16_23-00-59.txt,253,255,0,0,[]
destination-primary,columnarSequentialRangedBatches,10000000,8192,2,measurement,2,gc/destination-primary-81120-2026-09-16_23-00-59.txt,291,293,0,0,[]
destination-primary,columnarSequentialRangedBatches,10000000,8192,2,measurement,3,gc/destination-primary-81120-2026-09-16_23-00-59.txt,329,331,0,0,[]
destination-primary,columnarSequentialRangedBatches,10000000,8192,2,measurement,4,gc/destination-primary-81120-2026-09-16_23-00-59.txt,367,369,0,0,[]
destination-primary,columnarSequentialRangedBatches,10000000,8192,2,measurement,5,gc/destination-primary-81120-2026-09-16_23-00-59.txt,405,407,0,0,[]
destination-primary,columnarSequentialRangedBatches,10000000,8192,2,measurement,6,gc/destination-primary-81120-2026-09-16_23-00-59.txt,443,445,0,0,[]
destination-primary,columnarSequentialRangedBatches,10000000,8192,2,measurement,7,gc/destination-primary-81120-2026-09-16_23-00-59.txt,481,483,0,0,[]
destination-primary,columnarSequentialRangedBatches,10000000,8192,2,measurement,8,gc/destination-primary-81120-2026-09-16_23-00-59.txt,519,521,0,0,[]
destination-primary,columnarSequentialRangedBatches,10000000,8192,2,measurement,9,gc/destination-primary-81120-2026-09-16_23-00-59.txt,557,559,0,0,[]
destination-primary,columnarSequentialRangedBatches,10000000,8192,2,measurement,10,gc/destination-primary-81120-2026-09-16_23-00-59.txt,595,602,0,0,[]
destination-primary,columnarSequentialRangedBatches,10000000,8192,3,warmup,1,gc/destination-primary-81146-2026-09-16_23-01-10.txt,63,65,0,0,[]
destination-primary,columnarSequentialRangedBatches,10000000,8192,3,warmup,2,gc/destination-primary-81146-2026-09-16_23-01-10.txt,101,103,0,0,[]
destination-primary,columnarSequentialRangedBatches,10000000,8192,3,warmup,3,gc/destination-primary-81146-2026-09-16_23-01-10.txt,139,141,0,0,[]
destination-primary,columnarSequentialRangedBatches,10000000,8192,3,warmup,4,gc/destination-primary-81146-2026-09-16_23-01-10.txt,177,179,0,0,[]
destination-primary,columnarSequentialRangedBatches,10000000,8192,3,warmup,5,gc/destination-primary-81146-2026-09-16_23-01-10.txt,215,217,0,0,[]
destination-primary,columnarSequentialRangedBatches,10000000,8192,3,measurement,1,gc/destination-primary-81146-2026-09-16_23-01-10.txt,253,255,0,0,[]
destination-primary,columnarSequentialRangedBatches,10000000,8192,3,measurement,2,gc/destination-primary-81146-2026-09-16_23-01-10.txt,291,293,0,0,[]
destination-primary,columnarSequentialRangedBatches,10000000,8192,3,measurement,3,gc/destination-primary-81146-2026-09-16_23-01-10.txt,329,331,0,0,[]
destination-primary,columnarSequentialRangedBatches,10000000,8192,3,measurement,4,gc/destination-primary-81146-2026-09-16_23-01-10.txt,367,369,0,0,[]
destination-primary,columnarSequentialRangedBatches,10000000,8192,3,measurement,5,gc/destination-primary-81146-2026-09-16_23-01-10.txt,405,407,0,0,[]
destination-primary,columnarSequentialRangedBatches,10000000,8192,3,measurement,6,gc/destination-primary-81146-2026-09-16_23-01-10.txt,443,445,0,0,[]
destination-primary,columnarSequentialRangedBatches,10000000,8192,3,measurement,7,gc/destination-primary-81146-2026-09-16_23-01-10.txt,481,483,0,0,[]
destination-primary,columnarSequentialRangedBatches,10000000,8192,3,measurement,8,gc/destination-primary-81146-2026-09-16_23-01-10.txt,519,521,0,0,[]
destination-primary,columnarSequentialRangedBatches,10000000,8192,3,measurement,9,gc/destination-primary-81146-2026-09-16_23-01-10.txt,557,559,0,0,[]
destination-primary,columnarSequentialRangedBatches,10000000,8192,3,measurement,10,gc/destination-primary-81146-2026-09-16_23-01-10.txt,595,602,0,0,[]
destination-primary,columnarSequentialRangedBatches,100000,1000000,1,warmup,1,gc/destination-primary-81174-2026-09-16_23-01-21.txt,63,65,0,0,[]
destination-primary,columnarSequentialRangedBatches,100000,1000000,1,warmup,2,gc/destination-primary-81174-2026-09-16_23-01-21.txt,101,103,0,0,[]
destination-primary,columnarSequentialRangedBatches,100000,1000000,1,warmup,3,gc/destination-primary-81174-2026-09-16_23-01-21.txt,139,141,0,0,[]
destination-primary,columnarSequentialRangedBatches,100000,1000000,1,warmup,4,gc/destination-primary-81174-2026-09-16_23-01-21.txt,177,179,0,0,[]
destination-primary,columnarSequentialRangedBatches,100000,1000000,1,warmup,5,gc/destination-primary-81174-2026-09-16_23-01-21.txt,215,217,0,0,[]
destination-primary,columnarSequentialRangedBatches,100000,1000000,1,measurement,1,gc/destination-primary-81174-2026-09-16_23-01-21.txt,253,255,0,0,[]
destination-primary,columnarSequentialRangedBatches,100000,1000000,1,measurement,2,gc/destination-primary-81174-2026-09-16_23-01-21.txt,291,293,0,0,[]
destination-primary,columnarSequentialRangedBatches,100000,1000000,1,measurement,3,gc/destination-primary-81174-2026-09-16_23-01-21.txt,329,331,0,0,[]
destination-primary,columnarSequentialRangedBatches,100000,1000000,1,measurement,4,gc/destination-primary-81174-2026-09-16_23-01-21.txt,367,369,0,0,[]
destination-primary,columnarSequentialRangedBatches,100000,1000000,1,measurement,5,gc/destination-primary-81174-2026-09-16_23-01-21.txt,405,407,0,0,[]
destination-primary,columnarSequentialRangedBatches,100000,1000000,1,measurement,6,gc/destination-primary-81174-2026-09-16_23-01-21.txt,443,445,0,0,[]
destination-primary,columnarSequentialRangedBatches,100000,1000000,1,measurement,7,gc/destination-primary-81174-2026-09-16_23-01-21.txt,481,483,0,0,[]
destination-primary,columnarSequentialRangedBatches,100000,1000000,1,measurement,8,gc/destination-primary-81174-2026-09-16_23-01-21.txt,519,521,0,0,[]
destination-primary,columnarSequentialRangedBatches,100000,1000000,1,measurement,9,gc/destination-primary-81174-2026-09-16_23-01-21.txt,557,559,0,0,[]
destination-primary,columnarSequentialRangedBatches,100000,1000000,1,measurement,10,gc/destination-primary-81174-2026-09-16_23-01-21.txt,595,602,0,0,[]
destination-primary,columnarSequentialRangedBatches,100000,1000000,2,warmup,1,gc/destination-primary-81200-2026-09-16_23-01-31.txt,63,65,0,0,[]
destination-primary,columnarSequentialRangedBatches,100000,1000000,2,warmup,2,gc/destination-primary-81200-2026-09-16_23-01-31.txt,101,103,0,0,[]
destination-primary,columnarSequentialRangedBatches,100000,1000000,2,warmup,3,gc/destination-primary-81200-2026-09-16_23-01-31.txt,139,141,0,0,[]
destination-primary,columnarSequentialRangedBatches,100000,1000000,2,warmup,4,gc/destination-primary-81200-2026-09-16_23-01-31.txt,177,179,0,0,[]
destination-primary,columnarSequentialRangedBatches,100000,1000000,2,warmup,5,gc/destination-primary-81200-2026-09-16_23-01-31.txt,215,217,0,0,[]
destination-primary,columnarSequentialRangedBatches,100000,1000000,2,measurement,1,gc/destination-primary-81200-2026-09-16_23-01-31.txt,253,255,0,0,[]
destination-primary,columnarSequentialRangedBatches,100000,1000000,2,measurement,2,gc/destination-primary-81200-2026-09-16_23-01-31.txt,291,293,0,0,[]
destination-primary,columnarSequentialRangedBatches,100000,1000000,2,measurement,3,gc/destination-primary-81200-2026-09-16_23-01-31.txt,329,331,0,0,[]
destination-primary,columnarSequentialRangedBatches,100000,1000000,2,measurement,4,gc/destination-primary-81200-2026-09-16_23-01-31.txt,367,369,0,0,[]
destination-primary,columnarSequentialRangedBatches,100000,1000000,2,measurement,5,gc/destination-primary-81200-2026-09-16_23-01-31.txt,405,407,0,0,[]
destination-primary,columnarSequentialRangedBatches,100000,1000000,2,measurement,6,gc/destination-primary-81200-2026-09-16_23-01-31.txt,443,445,0,0,[]
destination-primary,columnarSequentialRangedBatches,100000,1000000,2,measurement,7,gc/destination-primary-81200-2026-09-16_23-01-31.txt,481,483,0,0,[]
destination-primary,columnarSequentialRangedBatches,100000,1000000,2,measurement,8,gc/destination-primary-81200-2026-09-16_23-01-31.txt,519,521,0,0,[]
destination-primary,columnarSequentialRangedBatches,100000,1000000,2,measurement,9,gc/destination-primary-81200-2026-09-16_23-01-31.txt,557,559,0,0,[]
destination-primary,columnarSequentialRangedBatches,100000,1000000,2,measurement,10,gc/destination-primary-81200-2026-09-16_23-01-31.txt,595,602,0,0,[]
destination-primary,columnarSequentialRangedBatches,100000,1000000,3,warmup,1,gc/destination-primary-81226-2026-09-16_23-01-41.txt,63,65,0,0,[]
destination-primary,columnarSequentialRangedBatches,100000,1000000,3,warmup,2,gc/destination-primary-81226-2026-09-16_23-01-41.txt,101,103,0,0,[]
destination-primary,columnarSequentialRangedBatches,100000,1000000,3,warmup,3,gc/destination-primary-81226-2026-09-16_23-01-41.txt,139,141,0,0,[]
destination-primary,columnarSequentialRangedBatches,100000,1000000,3,warmup,4,gc/destination-primary-81226-2026-09-16_23-01-41.txt,177,179,0,0,[]
destination-primary,columnarSequentialRangedBatches,100000,1000000,3,warmup,5,gc/destination-primary-81226-2026-09-16_23-01-41.txt,215,217,0,0,[]
destination-primary,columnarSequentialRangedBatches,100000,1000000,3,measurement,1,gc/destination-primary-81226-2026-09-16_23-01-41.txt,253,255,0,0,[]
destination-primary,columnarSequentialRangedBatches,100000,1000000,3,measurement,2,gc/destination-primary-81226-2026-09-16_23-01-41.txt,291,293,0,0,[]
destination-primary,columnarSequentialRangedBatches,100000,1000000,3,measurement,3,gc/destination-primary-81226-2026-09-16_23-01-41.txt,329,331,0,0,[]
destination-primary,columnarSequentialRangedBatches,100000,1000000,3,measurement,4,gc/destination-primary-81226-2026-09-16_23-01-41.txt,367,369,0,0,[]
destination-primary,columnarSequentialRangedBatches,100000,1000000,3,measurement,5,gc/destination-primary-81226-2026-09-16_23-01-41.txt,405,407,0,0,[]
destination-primary,columnarSequentialRangedBatches,100000,1000000,3,measurement,6,gc/destination-primary-81226-2026-09-16_23-01-41.txt,443,445,0,0,[]
destination-primary,columnarSequentialRangedBatches,100000,1000000,3,measurement,7,gc/destination-primary-81226-2026-09-16_23-01-41.txt,481,483,0,0,[]
destination-primary,columnarSequentialRangedBatches,100000,1000000,3,measurement,8,gc/destination-primary-81226-2026-09-16_23-01-41.txt,519,521,0,0,[]
destination-primary,columnarSequentialRangedBatches,100000,1000000,3,measurement,9,gc/destination-primary-81226-2026-09-16_23-01-41.txt,557,559,0,0,[]
destination-primary,columnarSequentialRangedBatches,100000,1000000,3,measurement,10,gc/destination-primary-81226-2026-09-16_23-01-41.txt,595,602,0,0,[]
destination-primary,columnarSequentialRangedBatches,10000000,1000000,1,warmup,1,gc/destination-primary-81281-2026-09-16_23-01-51.txt,63,65,0,0,[]
destination-primary,columnarSequentialRangedBatches,10000000,1000000,1,warmup,2,gc/destination-primary-81281-2026-09-16_23-01-51.txt,101,103,0,0,[]
destination-primary,columnarSequentialRangedBatches,10000000,1000000,1,warmup,3,gc/destination-primary-81281-2026-09-16_23-01-51.txt,139,141,0,0,[]
destination-primary,columnarSequentialRangedBatches,10000000,1000000,1,warmup,4,gc/destination-primary-81281-2026-09-16_23-01-51.txt,177,179,0,0,[]
destination-primary,columnarSequentialRangedBatches,10000000,1000000,1,warmup,5,gc/destination-primary-81281-2026-09-16_23-01-51.txt,215,217,0,0,[]
destination-primary,columnarSequentialRangedBatches,10000000,1000000,1,measurement,1,gc/destination-primary-81281-2026-09-16_23-01-51.txt,253,255,0,0,[]
destination-primary,columnarSequentialRangedBatches,10000000,1000000,1,measurement,2,gc/destination-primary-81281-2026-09-16_23-01-51.txt,291,293,0,0,[]
destination-primary,columnarSequentialRangedBatches,10000000,1000000,1,measurement,3,gc/destination-primary-81281-2026-09-16_23-01-51.txt,329,331,0,0,[]
destination-primary,columnarSequentialRangedBatches,10000000,1000000,1,measurement,4,gc/destination-primary-81281-2026-09-16_23-01-51.txt,367,369,0,0,[]
destination-primary,columnarSequentialRangedBatches,10000000,1000000,1,measurement,5,gc/destination-primary-81281-2026-09-16_23-01-51.txt,405,407,0,0,[]
destination-primary,columnarSequentialRangedBatches,10000000,1000000,1,measurement,6,gc/destination-primary-81281-2026-09-16_23-01-51.txt,443,445,0,0,[]
destination-primary,columnarSequentialRangedBatches,10000000,1000000,1,measurement,7,gc/destination-primary-81281-2026-09-16_23-01-51.txt,481,483,0,0,[]
destination-primary,columnarSequentialRangedBatches,10000000,1000000,1,measurement,8,gc/destination-primary-81281-2026-09-16_23-01-51.txt,519,521,0,0,[]
destination-primary,columnarSequentialRangedBatches,10000000,1000000,1,measurement,9,gc/destination-primary-81281-2026-09-16_23-01-51.txt,557,559,0,0,[]
destination-primary,columnarSequentialRangedBatches,10000000,1000000,1,measurement,10,gc/destination-primary-81281-2026-09-16_23-01-51.txt,595,602,0,0,[]
destination-primary,columnarSequentialRangedBatches,10000000,1000000,2,warmup,1,gc/destination-primary-81328-2026-09-16_23-02-02.txt,63,65,0,0,[]
destination-primary,columnarSequentialRangedBatches,10000000,1000000,2,warmup,2,gc/destination-primary-81328-2026-09-16_23-02-02.txt,101,103,0,0,[]
destination-primary,columnarSequentialRangedBatches,10000000,1000000,2,warmup,3,gc/destination-primary-81328-2026-09-16_23-02-02.txt,139,141,0,0,[]
destination-primary,columnarSequentialRangedBatches,10000000,1000000,2,warmup,4,gc/destination-primary-81328-2026-09-16_23-02-02.txt,177,179,0,0,[]
destination-primary,columnarSequentialRangedBatches,10000000,1000000,2,warmup,5,gc/destination-primary-81328-2026-09-16_23-02-02.txt,215,217,0,0,[]
destination-primary,columnarSequentialRangedBatches,10000000,1000000,2,measurement,1,gc/destination-primary-81328-2026-09-16_23-02-02.txt,253,255,0,0,[]
destination-primary,columnarSequentialRangedBatches,10000000,1000000,2,measurement,2,gc/destination-primary-81328-2026-09-16_23-02-02.txt,291,293,0,0,[]
destination-primary,columnarSequentialRangedBatches,10000000,1000000,2,measurement,3,gc/destination-primary-81328-2026-09-16_23-02-02.txt,329,331,0,0,[]
destination-primary,columnarSequentialRangedBatches,10000000,1000000,2,measurement,4,gc/destination-primary-81328-2026-09-16_23-02-02.txt,367,369,0,0,[]
destination-primary,columnarSequentialRangedBatches,10000000,1000000,2,measurement,5,gc/destination-primary-81328-2026-09-16_23-02-02.txt,405,407,0,0,[]
destination-primary,columnarSequentialRangedBatches,10000000,1000000,2,measurement,6,gc/destination-primary-81328-2026-09-16_23-02-02.txt,443,445,0,0,[]
destination-primary,columnarSequentialRangedBatches,10000000,1000000,2,measurement,7,gc/destination-primary-81328-2026-09-16_23-02-02.txt,481,483,0,0,[]
destination-primary,columnarSequentialRangedBatches,10000000,1000000,2,measurement,8,gc/destination-primary-81328-2026-09-16_23-02-02.txt,519,521,0,0,[]
destination-primary,columnarSequentialRangedBatches,10000000,1000000,2,measurement,9,gc/destination-primary-81328-2026-09-16_23-02-02.txt,557,559,0,0,[]
destination-primary,columnarSequentialRangedBatches,10000000,1000000,2,measurement,10,gc/destination-primary-81328-2026-09-16_23-02-02.txt,595,602,0,0,[]
destination-primary,columnarSequentialRangedBatches,10000000,1000000,3,warmup,1,gc/destination-primary-81354-2026-09-16_23-02-13.txt,63,65,0,0,[]
destination-primary,columnarSequentialRangedBatches,10000000,1000000,3,warmup,2,gc/destination-primary-81354-2026-09-16_23-02-13.txt,101,103,0,0,[]
destination-primary,columnarSequentialRangedBatches,10000000,1000000,3,warmup,3,gc/destination-primary-81354-2026-09-16_23-02-13.txt,139,141,0,0,[]
destination-primary,columnarSequentialRangedBatches,10000000,1000000,3,warmup,4,gc/destination-primary-81354-2026-09-16_23-02-13.txt,177,179,0,0,[]
destination-primary,columnarSequentialRangedBatches,10000000,1000000,3,warmup,5,gc/destination-primary-81354-2026-09-16_23-02-13.txt,215,217,0,0,[]
destination-primary,columnarSequentialRangedBatches,10000000,1000000,3,measurement,1,gc/destination-primary-81354-2026-09-16_23-02-13.txt,253,255,0,0,[]
destination-primary,columnarSequentialRangedBatches,10000000,1000000,3,measurement,2,gc/destination-primary-81354-2026-09-16_23-02-13.txt,291,293,0,0,[]
destination-primary,columnarSequentialRangedBatches,10000000,1000000,3,measurement,3,gc/destination-primary-81354-2026-09-16_23-02-13.txt,329,331,0,0,[]
destination-primary,columnarSequentialRangedBatches,10000000,1000000,3,measurement,4,gc/destination-primary-81354-2026-09-16_23-02-13.txt,367,369,0,0,[]
destination-primary,columnarSequentialRangedBatches,10000000,1000000,3,measurement,5,gc/destination-primary-81354-2026-09-16_23-02-13.txt,405,407,0,0,[]
destination-primary,columnarSequentialRangedBatches,10000000,1000000,3,measurement,6,gc/destination-primary-81354-2026-09-16_23-02-13.txt,443,445,0,0,[]
destination-primary,columnarSequentialRangedBatches,10000000,1000000,3,measurement,7,gc/destination-primary-81354-2026-09-16_23-02-13.txt,481,483,0,0,[]
destination-primary,columnarSequentialRangedBatches,10000000,1000000,3,measurement,8,gc/destination-primary-81354-2026-09-16_23-02-13.txt,519,521,0,0,[]
destination-primary,columnarSequentialRangedBatches,10000000,1000000,3,measurement,9,gc/destination-primary-81354-2026-09-16_23-02-13.txt,557,559,0,0,[]
destination-primary,columnarSequentialRangedBatches,10000000,1000000,3,measurement,10,gc/destination-primary-81354-2026-09-16_23-02-13.txt,595,602,0,0,[]
destination-primary,columnarSingleThreadedAppender,100000,8192,1,warmup,1,gc/destination-primary-81383-2026-09-16_23-02-24.txt,63,65,0,0,[]
destination-primary,columnarSingleThreadedAppender,100000,8192,1,warmup,2,gc/destination-primary-81383-2026-09-16_23-02-24.txt,101,103,0,0,[]
destination-primary,columnarSingleThreadedAppender,100000,8192,1,warmup,3,gc/destination-primary-81383-2026-09-16_23-02-24.txt,139,141,0,0,[]
destination-primary,columnarSingleThreadedAppender,100000,8192,1,warmup,4,gc/destination-primary-81383-2026-09-16_23-02-24.txt,177,179,0,0,[]
destination-primary,columnarSingleThreadedAppender,100000,8192,1,warmup,5,gc/destination-primary-81383-2026-09-16_23-02-24.txt,215,217,0,0,[]
destination-primary,columnarSingleThreadedAppender,100000,8192,1,measurement,1,gc/destination-primary-81383-2026-09-16_23-02-24.txt,253,255,0,0,[]
destination-primary,columnarSingleThreadedAppender,100000,8192,1,measurement,2,gc/destination-primary-81383-2026-09-16_23-02-24.txt,291,293,0,0,[]
destination-primary,columnarSingleThreadedAppender,100000,8192,1,measurement,3,gc/destination-primary-81383-2026-09-16_23-02-24.txt,329,331,0,0,[]
destination-primary,columnarSingleThreadedAppender,100000,8192,1,measurement,4,gc/destination-primary-81383-2026-09-16_23-02-24.txt,367,369,0,0,[]
destination-primary,columnarSingleThreadedAppender,100000,8192,1,measurement,5,gc/destination-primary-81383-2026-09-16_23-02-24.txt,405,407,0,0,[]
destination-primary,columnarSingleThreadedAppender,100000,8192,1,measurement,6,gc/destination-primary-81383-2026-09-16_23-02-24.txt,443,445,0,0,[]
destination-primary,columnarSingleThreadedAppender,100000,8192,1,measurement,7,gc/destination-primary-81383-2026-09-16_23-02-24.txt,481,483,0,0,[]
destination-primary,columnarSingleThreadedAppender,100000,8192,1,measurement,8,gc/destination-primary-81383-2026-09-16_23-02-24.txt,519,521,0,0,[]
destination-primary,columnarSingleThreadedAppender,100000,8192,1,measurement,9,gc/destination-primary-81383-2026-09-16_23-02-24.txt,557,559,0,0,[]
destination-primary,columnarSingleThreadedAppender,100000,8192,1,measurement,10,gc/destination-primary-81383-2026-09-16_23-02-24.txt,595,602,0,0,[]
destination-primary,columnarSingleThreadedAppender,100000,8192,2,warmup,1,gc/destination-primary-81410-2026-09-16_23-02-33.txt,63,65,0,0,[]
destination-primary,columnarSingleThreadedAppender,100000,8192,2,warmup,2,gc/destination-primary-81410-2026-09-16_23-02-33.txt,101,103,0,0,[]
destination-primary,columnarSingleThreadedAppender,100000,8192,2,warmup,3,gc/destination-primary-81410-2026-09-16_23-02-33.txt,139,141,0,0,[]
destination-primary,columnarSingleThreadedAppender,100000,8192,2,warmup,4,gc/destination-primary-81410-2026-09-16_23-02-33.txt,177,179,0,0,[]
destination-primary,columnarSingleThreadedAppender,100000,8192,2,warmup,5,gc/destination-primary-81410-2026-09-16_23-02-33.txt,215,217,0,0,[]
destination-primary,columnarSingleThreadedAppender,100000,8192,2,measurement,1,gc/destination-primary-81410-2026-09-16_23-02-33.txt,253,255,0,0,[]
destination-primary,columnarSingleThreadedAppender,100000,8192,2,measurement,2,gc/destination-primary-81410-2026-09-16_23-02-33.txt,291,293,0,0,[]
destination-primary,columnarSingleThreadedAppender,100000,8192,2,measurement,3,gc/destination-primary-81410-2026-09-16_23-02-33.txt,329,331,0,0,[]
destination-primary,columnarSingleThreadedAppender,100000,8192,2,measurement,4,gc/destination-primary-81410-2026-09-16_23-02-33.txt,367,369,0,0,[]
destination-primary,columnarSingleThreadedAppender,100000,8192,2,measurement,5,gc/destination-primary-81410-2026-09-16_23-02-33.txt,405,407,0,0,[]
destination-primary,columnarSingleThreadedAppender,100000,8192,2,measurement,6,gc/destination-primary-81410-2026-09-16_23-02-33.txt,443,445,0,0,[]
destination-primary,columnarSingleThreadedAppender,100000,8192,2,measurement,7,gc/destination-primary-81410-2026-09-16_23-02-33.txt,481,483,0,0,[]
destination-primary,columnarSingleThreadedAppender,100000,8192,2,measurement,8,gc/destination-primary-81410-2026-09-16_23-02-33.txt,519,521,0,0,[]
destination-primary,columnarSingleThreadedAppender,100000,8192,2,measurement,9,gc/destination-primary-81410-2026-09-16_23-02-33.txt,557,559,0,0,[]
destination-primary,columnarSingleThreadedAppender,100000,8192,2,measurement,10,gc/destination-primary-81410-2026-09-16_23-02-33.txt,595,602,0,0,[]
destination-primary,columnarSingleThreadedAppender,100000,8192,3,warmup,1,gc/destination-primary-81437-2026-09-16_23-02-43.txt,63,65,0,0,[]
destination-primary,columnarSingleThreadedAppender,100000,8192,3,warmup,2,gc/destination-primary-81437-2026-09-16_23-02-43.txt,101,103,0,0,[]
destination-primary,columnarSingleThreadedAppender,100000,8192,3,warmup,3,gc/destination-primary-81437-2026-09-16_23-02-43.txt,139,141,0,0,[]
destination-primary,columnarSingleThreadedAppender,100000,8192,3,warmup,4,gc/destination-primary-81437-2026-09-16_23-02-43.txt,177,179,0,0,[]
destination-primary,columnarSingleThreadedAppender,100000,8192,3,warmup,5,gc/destination-primary-81437-2026-09-16_23-02-43.txt,215,217,0,0,[]
destination-primary,columnarSingleThreadedAppender,100000,8192,3,measurement,1,gc/destination-primary-81437-2026-09-16_23-02-43.txt,253,255,0,0,[]
destination-primary,columnarSingleThreadedAppender,100000,8192,3,measurement,2,gc/destination-primary-81437-2026-09-16_23-02-43.txt,291,293,0,0,[]
destination-primary,columnarSingleThreadedAppender,100000,8192,3,measurement,3,gc/destination-primary-81437-2026-09-16_23-02-43.txt,329,331,0,0,[]
destination-primary,columnarSingleThreadedAppender,100000,8192,3,measurement,4,gc/destination-primary-81437-2026-09-16_23-02-43.txt,367,369,0,0,[]
destination-primary,columnarSingleThreadedAppender,100000,8192,3,measurement,5,gc/destination-primary-81437-2026-09-16_23-02-43.txt,405,407,0,0,[]
destination-primary,columnarSingleThreadedAppender,100000,8192,3,measurement,6,gc/destination-primary-81437-2026-09-16_23-02-43.txt,443,445,0,0,[]
destination-primary,columnarSingleThreadedAppender,100000,8192,3,measurement,7,gc/destination-primary-81437-2026-09-16_23-02-43.txt,481,483,0,0,[]
destination-primary,columnarSingleThreadedAppender,100000,8192,3,measurement,8,gc/destination-primary-81437-2026-09-16_23-02-43.txt,519,521,0,0,[]
destination-primary,columnarSingleThreadedAppender,100000,8192,3,measurement,9,gc/destination-primary-81437-2026-09-16_23-02-43.txt,557,559,0,0,[]
destination-primary,columnarSingleThreadedAppender,100000,8192,3,measurement,10,gc/destination-primary-81437-2026-09-16_23-02-43.txt,595,602,0,0,[]
destination-primary,columnarSingleThreadedAppender,10000000,8192,1,warmup,1,gc/destination-primary-81506-2026-09-16_23-02-53.txt,63,65,0,0,[]
destination-primary,columnarSingleThreadedAppender,10000000,8192,1,warmup,2,gc/destination-primary-81506-2026-09-16_23-02-53.txt,101,103,0,0,[]
destination-primary,columnarSingleThreadedAppender,10000000,8192,1,warmup,3,gc/destination-primary-81506-2026-09-16_23-02-53.txt,139,141,0,0,[]
destination-primary,columnarSingleThreadedAppender,10000000,8192,1,warmup,4,gc/destination-primary-81506-2026-09-16_23-02-53.txt,177,179,0,0,[]
destination-primary,columnarSingleThreadedAppender,10000000,8192,1,warmup,5,gc/destination-primary-81506-2026-09-16_23-02-53.txt,215,217,0,0,[]
destination-primary,columnarSingleThreadedAppender,10000000,8192,1,measurement,1,gc/destination-primary-81506-2026-09-16_23-02-53.txt,253,255,0,0,[]
destination-primary,columnarSingleThreadedAppender,10000000,8192,1,measurement,2,gc/destination-primary-81506-2026-09-16_23-02-53.txt,291,293,0,0,[]
destination-primary,columnarSingleThreadedAppender,10000000,8192,1,measurement,3,gc/destination-primary-81506-2026-09-16_23-02-53.txt,329,331,0,0,[]
destination-primary,columnarSingleThreadedAppender,10000000,8192,1,measurement,4,gc/destination-primary-81506-2026-09-16_23-02-53.txt,367,369,0,0,[]
destination-primary,columnarSingleThreadedAppender,10000000,8192,1,measurement,5,gc/destination-primary-81506-2026-09-16_23-02-53.txt,405,407,0,0,[]
destination-primary,columnarSingleThreadedAppender,10000000,8192,1,measurement,6,gc/destination-primary-81506-2026-09-16_23-02-53.txt,443,445,0,0,[]
destination-primary,columnarSingleThreadedAppender,10000000,8192,1,measurement,7,gc/destination-primary-81506-2026-09-16_23-02-53.txt,481,483,0,0,[]
destination-primary,columnarSingleThreadedAppender,10000000,8192,1,measurement,8,gc/destination-primary-81506-2026-09-16_23-02-53.txt,519,521,0,0,[]
destination-primary,columnarSingleThreadedAppender,10000000,8192,1,measurement,9,gc/destination-primary-81506-2026-09-16_23-02-53.txt,557,559,0,0,[]
destination-primary,columnarSingleThreadedAppender,10000000,8192,1,measurement,10,gc/destination-primary-81506-2026-09-16_23-02-53.txt,595,602,0,0,[]
destination-primary,columnarSingleThreadedAppender,10000000,8192,2,warmup,1,gc/destination-primary-81574-2026-09-16_23-03-04.txt,63,65,0,0,[]
destination-primary,columnarSingleThreadedAppender,10000000,8192,2,warmup,2,gc/destination-primary-81574-2026-09-16_23-03-04.txt,101,103,0,0,[]
destination-primary,columnarSingleThreadedAppender,10000000,8192,2,warmup,3,gc/destination-primary-81574-2026-09-16_23-03-04.txt,139,141,0,0,[]
destination-primary,columnarSingleThreadedAppender,10000000,8192,2,warmup,4,gc/destination-primary-81574-2026-09-16_23-03-04.txt,177,179,0,0,[]
destination-primary,columnarSingleThreadedAppender,10000000,8192,2,warmup,5,gc/destination-primary-81574-2026-09-16_23-03-04.txt,215,217,0,0,[]
destination-primary,columnarSingleThreadedAppender,10000000,8192,2,measurement,1,gc/destination-primary-81574-2026-09-16_23-03-04.txt,253,255,0,0,[]
destination-primary,columnarSingleThreadedAppender,10000000,8192,2,measurement,2,gc/destination-primary-81574-2026-09-16_23-03-04.txt,291,293,0,0,[]
destination-primary,columnarSingleThreadedAppender,10000000,8192,2,measurement,3,gc/destination-primary-81574-2026-09-16_23-03-04.txt,329,331,0,0,[]
destination-primary,columnarSingleThreadedAppender,10000000,8192,2,measurement,4,gc/destination-primary-81574-2026-09-16_23-03-04.txt,367,369,0,0,[]
destination-primary,columnarSingleThreadedAppender,10000000,8192,2,measurement,5,gc/destination-primary-81574-2026-09-16_23-03-04.txt,405,407,0,0,[]
destination-primary,columnarSingleThreadedAppender,10000000,8192,2,measurement,6,gc/destination-primary-81574-2026-09-16_23-03-04.txt,443,445,0,0,[]
destination-primary,columnarSingleThreadedAppender,10000000,8192,2,measurement,7,gc/destination-primary-81574-2026-09-16_23-03-04.txt,481,483,0,0,[]
destination-primary,columnarSingleThreadedAppender,10000000,8192,2,measurement,8,gc/destination-primary-81574-2026-09-16_23-03-04.txt,519,521,0,0,[]
destination-primary,columnarSingleThreadedAppender,10000000,8192,2,measurement,9,gc/destination-primary-81574-2026-09-16_23-03-04.txt,557,559,0,0,[]
destination-primary,columnarSingleThreadedAppender,10000000,8192,2,measurement,10,gc/destination-primary-81574-2026-09-16_23-03-04.txt,595,602,0,0,[]
destination-primary,columnarSingleThreadedAppender,10000000,8192,3,warmup,1,gc/destination-primary-81696-2026-09-16_23-03-15.txt,63,65,0,0,[]
destination-primary,columnarSingleThreadedAppender,10000000,8192,3,warmup,2,gc/destination-primary-81696-2026-09-16_23-03-15.txt,101,103,0,0,[]
destination-primary,columnarSingleThreadedAppender,10000000,8192,3,warmup,3,gc/destination-primary-81696-2026-09-16_23-03-15.txt,139,141,0,0,[]
destination-primary,columnarSingleThreadedAppender,10000000,8192,3,warmup,4,gc/destination-primary-81696-2026-09-16_23-03-15.txt,177,179,0,0,[]
destination-primary,columnarSingleThreadedAppender,10000000,8192,3,warmup,5,gc/destination-primary-81696-2026-09-16_23-03-15.txt,215,217,0,0,[]
destination-primary,columnarSingleThreadedAppender,10000000,8192,3,measurement,1,gc/destination-primary-81696-2026-09-16_23-03-15.txt,253,255,0,0,[]
destination-primary,columnarSingleThreadedAppender,10000000,8192,3,measurement,2,gc/destination-primary-81696-2026-09-16_23-03-15.txt,291,293,0,0,[]
destination-primary,columnarSingleThreadedAppender,10000000,8192,3,measurement,3,gc/destination-primary-81696-2026-09-16_23-03-15.txt,329,331,0,0,[]
destination-primary,columnarSingleThreadedAppender,10000000,8192,3,measurement,4,gc/destination-primary-81696-2026-09-16_23-03-15.txt,367,369,0,0,[]
destination-primary,columnarSingleThreadedAppender,10000000,8192,3,measurement,5,gc/destination-primary-81696-2026-09-16_23-03-15.txt,405,407,0,0,[]
destination-primary,columnarSingleThreadedAppender,10000000,8192,3,measurement,6,gc/destination-primary-81696-2026-09-16_23-03-15.txt,443,445,0,0,[]
destination-primary,columnarSingleThreadedAppender,10000000,8192,3,measurement,7,gc/destination-primary-81696-2026-09-16_23-03-15.txt,481,483,0,0,[]
destination-primary,columnarSingleThreadedAppender,10000000,8192,3,measurement,8,gc/destination-primary-81696-2026-09-16_23-03-15.txt,519,521,0,0,[]
destination-primary,columnarSingleThreadedAppender,10000000,8192,3,measurement,9,gc/destination-primary-81696-2026-09-16_23-03-15.txt,557,559,0,0,[]
destination-primary,columnarSingleThreadedAppender,10000000,8192,3,measurement,10,gc/destination-primary-81696-2026-09-16_23-03-15.txt,595,602,0,0,[]
destination-primary,columnarSingleThreadedAppender,100000,1000000,1,warmup,1,gc/destination-primary-81782-2026-09-16_23-03-25.txt,63,65,0,0,[]
destination-primary,columnarSingleThreadedAppender,100000,1000000,1,warmup,2,gc/destination-primary-81782-2026-09-16_23-03-25.txt,101,103,0,0,[]
destination-primary,columnarSingleThreadedAppender,100000,1000000,1,warmup,3,gc/destination-primary-81782-2026-09-16_23-03-25.txt,139,141,0,0,[]
destination-primary,columnarSingleThreadedAppender,100000,1000000,1,warmup,4,gc/destination-primary-81782-2026-09-16_23-03-25.txt,177,179,0,0,[]
destination-primary,columnarSingleThreadedAppender,100000,1000000,1,warmup,5,gc/destination-primary-81782-2026-09-16_23-03-25.txt,215,217,0,0,[]
destination-primary,columnarSingleThreadedAppender,100000,1000000,1,measurement,1,gc/destination-primary-81782-2026-09-16_23-03-25.txt,253,255,0,0,[]
destination-primary,columnarSingleThreadedAppender,100000,1000000,1,measurement,2,gc/destination-primary-81782-2026-09-16_23-03-25.txt,291,293,0,0,[]
destination-primary,columnarSingleThreadedAppender,100000,1000000,1,measurement,3,gc/destination-primary-81782-2026-09-16_23-03-25.txt,329,331,0,0,[]
destination-primary,columnarSingleThreadedAppender,100000,1000000,1,measurement,4,gc/destination-primary-81782-2026-09-16_23-03-25.txt,367,369,0,0,[]
destination-primary,columnarSingleThreadedAppender,100000,1000000,1,measurement,5,gc/destination-primary-81782-2026-09-16_23-03-25.txt,405,407,0,0,[]
destination-primary,columnarSingleThreadedAppender,100000,1000000,1,measurement,6,gc/destination-primary-81782-2026-09-16_23-03-25.txt,443,445,0,0,[]
destination-primary,columnarSingleThreadedAppender,100000,1000000,1,measurement,7,gc/destination-primary-81782-2026-09-16_23-03-25.txt,481,483,0,0,[]
destination-primary,columnarSingleThreadedAppender,100000,1000000,1,measurement,8,gc/destination-primary-81782-2026-09-16_23-03-25.txt,519,521,0,0,[]
destination-primary,columnarSingleThreadedAppender,100000,1000000,1,measurement,9,gc/destination-primary-81782-2026-09-16_23-03-25.txt,557,559,0,0,[]
destination-primary,columnarSingleThreadedAppender,100000,1000000,1,measurement,10,gc/destination-primary-81782-2026-09-16_23-03-25.txt,595,602,0,0,[]
destination-primary,columnarSingleThreadedAppender,100000,1000000,2,warmup,1,gc/destination-primary-81843-2026-09-16_23-03-35.txt,63,65,0,0,[]
destination-primary,columnarSingleThreadedAppender,100000,1000000,2,warmup,2,gc/destination-primary-81843-2026-09-16_23-03-35.txt,101,103,0,0,[]
destination-primary,columnarSingleThreadedAppender,100000,1000000,2,warmup,3,gc/destination-primary-81843-2026-09-16_23-03-35.txt,139,141,0,0,[]
destination-primary,columnarSingleThreadedAppender,100000,1000000,2,warmup,4,gc/destination-primary-81843-2026-09-16_23-03-35.txt,177,179,0,0,[]
destination-primary,columnarSingleThreadedAppender,100000,1000000,2,warmup,5,gc/destination-primary-81843-2026-09-16_23-03-35.txt,215,217,0,0,[]
destination-primary,columnarSingleThreadedAppender,100000,1000000,2,measurement,1,gc/destination-primary-81843-2026-09-16_23-03-35.txt,253,255,0,0,[]
destination-primary,columnarSingleThreadedAppender,100000,1000000,2,measurement,2,gc/destination-primary-81843-2026-09-16_23-03-35.txt,291,293,0,0,[]
destination-primary,columnarSingleThreadedAppender,100000,1000000,2,measurement,3,gc/destination-primary-81843-2026-09-16_23-03-35.txt,329,331,0,0,[]
destination-primary,columnarSingleThreadedAppender,100000,1000000,2,measurement,4,gc/destination-primary-81843-2026-09-16_23-03-35.txt,367,369,0,0,[]
destination-primary,columnarSingleThreadedAppender,100000,1000000,2,measurement,5,gc/destination-primary-81843-2026-09-16_23-03-35.txt,405,407,0,0,[]
destination-primary,columnarSingleThreadedAppender,100000,1000000,2,measurement,6,gc/destination-primary-81843-2026-09-16_23-03-35.txt,443,445,0,0,[]
destination-primary,columnarSingleThreadedAppender,100000,1000000,2,measurement,7,gc/destination-primary-81843-2026-09-16_23-03-35.txt,481,483,0,0,[]
destination-primary,columnarSingleThreadedAppender,100000,1000000,2,measurement,8,gc/destination-primary-81843-2026-09-16_23-03-35.txt,519,521,0,0,[]
destination-primary,columnarSingleThreadedAppender,100000,1000000,2,measurement,9,gc/destination-primary-81843-2026-09-16_23-03-35.txt,557,559,0,0,[]
destination-primary,columnarSingleThreadedAppender,100000,1000000,2,measurement,10,gc/destination-primary-81843-2026-09-16_23-03-35.txt,595,602,0,0,[]
destination-primary,columnarSingleThreadedAppender,100000,1000000,3,warmup,1,gc/destination-primary-81948-2026-09-16_23-03-44.txt,63,65,0,0,[]
destination-primary,columnarSingleThreadedAppender,100000,1000000,3,warmup,2,gc/destination-primary-81948-2026-09-16_23-03-44.txt,101,103,0,0,[]
destination-primary,columnarSingleThreadedAppender,100000,1000000,3,warmup,3,gc/destination-primary-81948-2026-09-16_23-03-44.txt,139,141,0,0,[]
destination-primary,columnarSingleThreadedAppender,100000,1000000,3,warmup,4,gc/destination-primary-81948-2026-09-16_23-03-44.txt,177,179,0,0,[]
destination-primary,columnarSingleThreadedAppender,100000,1000000,3,warmup,5,gc/destination-primary-81948-2026-09-16_23-03-44.txt,215,217,0,0,[]
destination-primary,columnarSingleThreadedAppender,100000,1000000,3,measurement,1,gc/destination-primary-81948-2026-09-16_23-03-44.txt,253,255,0,0,[]
destination-primary,columnarSingleThreadedAppender,100000,1000000,3,measurement,2,gc/destination-primary-81948-2026-09-16_23-03-44.txt,291,293,0,0,[]
destination-primary,columnarSingleThreadedAppender,100000,1000000,3,measurement,3,gc/destination-primary-81948-2026-09-16_23-03-44.txt,329,331,0,0,[]
destination-primary,columnarSingleThreadedAppender,100000,1000000,3,measurement,4,gc/destination-primary-81948-2026-09-16_23-03-44.txt,367,369,0,0,[]
destination-primary,columnarSingleThreadedAppender,100000,1000000,3,measurement,5,gc/destination-primary-81948-2026-09-16_23-03-44.txt,405,407,0,0,[]
destination-primary,columnarSingleThreadedAppender,100000,1000000,3,measurement,6,gc/destination-primary-81948-2026-09-16_23-03-44.txt,443,445,0,0,[]
destination-primary,columnarSingleThreadedAppender,100000,1000000,3,measurement,7,gc/destination-primary-81948-2026-09-16_23-03-44.txt,481,483,0,0,[]
destination-primary,columnarSingleThreadedAppender,100000,1000000,3,measurement,8,gc/destination-primary-81948-2026-09-16_23-03-44.txt,519,521,0,0,[]
destination-primary,columnarSingleThreadedAppender,100000,1000000,3,measurement,9,gc/destination-primary-81948-2026-09-16_23-03-44.txt,557,559,0,0,[]
destination-primary,columnarSingleThreadedAppender,100000,1000000,3,measurement,10,gc/destination-primary-81948-2026-09-16_23-03-44.txt,595,602,0,0,[]
destination-primary,columnarSingleThreadedAppender,10000000,1000000,1,warmup,1,gc/destination-primary-81999-2026-09-16_23-03-54.txt,63,65,0,0,[]
destination-primary,columnarSingleThreadedAppender,10000000,1000000,1,warmup,2,gc/destination-primary-81999-2026-09-16_23-03-54.txt,101,103,0,0,[]
destination-primary,columnarSingleThreadedAppender,10000000,1000000,1,warmup,3,gc/destination-primary-81999-2026-09-16_23-03-54.txt,139,141,0,0,[]
destination-primary,columnarSingleThreadedAppender,10000000,1000000,1,warmup,4,gc/destination-primary-81999-2026-09-16_23-03-54.txt,177,179,0,0,[]
destination-primary,columnarSingleThreadedAppender,10000000,1000000,1,warmup,5,gc/destination-primary-81999-2026-09-16_23-03-54.txt,215,217,0,0,[]
destination-primary,columnarSingleThreadedAppender,10000000,1000000,1,measurement,1,gc/destination-primary-81999-2026-09-16_23-03-54.txt,253,255,0,0,[]
destination-primary,columnarSingleThreadedAppender,10000000,1000000,1,measurement,2,gc/destination-primary-81999-2026-09-16_23-03-54.txt,291,293,0,0,[]
destination-primary,columnarSingleThreadedAppender,10000000,1000000,1,measurement,3,gc/destination-primary-81999-2026-09-16_23-03-54.txt,329,331,0,0,[]
destination-primary,columnarSingleThreadedAppender,10000000,1000000,1,measurement,4,gc/destination-primary-81999-2026-09-16_23-03-54.txt,367,369,0,0,[]
destination-primary,columnarSingleThreadedAppender,10000000,1000000,1,measurement,5,gc/destination-primary-81999-2026-09-16_23-03-54.txt,405,407,0,0,[]
destination-primary,columnarSingleThreadedAppender,10000000,1000000,1,measurement,6,gc/destination-primary-81999-2026-09-16_23-03-54.txt,443,445,0,0,[]
destination-primary,columnarSingleThreadedAppender,10000000,1000000,1,measurement,7,gc/destination-primary-81999-2026-09-16_23-03-54.txt,481,483,0,0,[]
destination-primary,columnarSingleThreadedAppender,10000000,1000000,1,measurement,8,gc/destination-primary-81999-2026-09-16_23-03-54.txt,519,521,0,0,[]
destination-primary,columnarSingleThreadedAppender,10000000,1000000,1,measurement,9,gc/destination-primary-81999-2026-09-16_23-03-54.txt,557,559,0,0,[]
destination-primary,columnarSingleThreadedAppender,10000000,1000000,1,measurement,10,gc/destination-primary-81999-2026-09-16_23-03-54.txt,595,602,0,0,[]
destination-primary,columnarSingleThreadedAppender,10000000,1000000,2,warmup,1,gc/destination-primary-82041-2026-09-16_23-04-05.txt,63,65,0,0,[]
destination-primary,columnarSingleThreadedAppender,10000000,1000000,2,warmup,2,gc/destination-primary-82041-2026-09-16_23-04-05.txt,101,103,0,0,[]
destination-primary,columnarSingleThreadedAppender,10000000,1000000,2,warmup,3,gc/destination-primary-82041-2026-09-16_23-04-05.txt,139,141,0,0,[]
destination-primary,columnarSingleThreadedAppender,10000000,1000000,2,warmup,4,gc/destination-primary-82041-2026-09-16_23-04-05.txt,177,179,0,0,[]
destination-primary,columnarSingleThreadedAppender,10000000,1000000,2,warmup,5,gc/destination-primary-82041-2026-09-16_23-04-05.txt,215,217,0,0,[]
destination-primary,columnarSingleThreadedAppender,10000000,1000000,2,measurement,1,gc/destination-primary-82041-2026-09-16_23-04-05.txt,253,255,0,0,[]
destination-primary,columnarSingleThreadedAppender,10000000,1000000,2,measurement,2,gc/destination-primary-82041-2026-09-16_23-04-05.txt,291,293,0,0,[]
destination-primary,columnarSingleThreadedAppender,10000000,1000000,2,measurement,3,gc/destination-primary-82041-2026-09-16_23-04-05.txt,329,331,0,0,[]
destination-primary,columnarSingleThreadedAppender,10000000,1000000,2,measurement,4,gc/destination-primary-82041-2026-09-16_23-04-05.txt,367,369,0,0,[]
destination-primary,columnarSingleThreadedAppender,10000000,1000000,2,measurement,5,gc/destination-primary-82041-2026-09-16_23-04-05.txt,405,407,0,0,[]
destination-primary,columnarSingleThreadedAppender,10000000,1000000,2,measurement,6,gc/destination-primary-82041-2026-09-16_23-04-05.txt,443,445,0,0,[]
destination-primary,columnarSingleThreadedAppender,10000000,1000000,2,measurement,7,gc/destination-primary-82041-2026-09-16_23-04-05.txt,481,483,0,0,[]
destination-primary,columnarSingleThreadedAppender,10000000,1000000,2,measurement,8,gc/destination-primary-82041-2026-09-16_23-04-05.txt,519,521,0,0,[]
destination-primary,columnarSingleThreadedAppender,10000000,1000000,2,measurement,9,gc/destination-primary-82041-2026-09-16_23-04-05.txt,557,559,0,0,[]
destination-primary,columnarSingleThreadedAppender,10000000,1000000,2,measurement,10,gc/destination-primary-82041-2026-09-16_23-04-05.txt,595,602,0,0,[]
destination-primary,columnarSingleThreadedAppender,10000000,1000000,3,warmup,1,gc/destination-primary-82547-2026-09-16_23-04-16.txt,63,65,0,0,[]
destination-primary,columnarSingleThreadedAppender,10000000,1000000,3,warmup,2,gc/destination-primary-82547-2026-09-16_23-04-16.txt,101,103,0,0,[]
destination-primary,columnarSingleThreadedAppender,10000000,1000000,3,warmup,3,gc/destination-primary-82547-2026-09-16_23-04-16.txt,139,141,0,0,[]
destination-primary,columnarSingleThreadedAppender,10000000,1000000,3,warmup,4,gc/destination-primary-82547-2026-09-16_23-04-16.txt,177,179,0,0,[]
destination-primary,columnarSingleThreadedAppender,10000000,1000000,3,warmup,5,gc/destination-primary-82547-2026-09-16_23-04-16.txt,215,217,0,0,[]
destination-primary,columnarSingleThreadedAppender,10000000,1000000,3,measurement,1,gc/destination-primary-82547-2026-09-16_23-04-16.txt,253,255,0,0,[]
destination-primary,columnarSingleThreadedAppender,10000000,1000000,3,measurement,2,gc/destination-primary-82547-2026-09-16_23-04-16.txt,291,293,0,0,[]
destination-primary,columnarSingleThreadedAppender,10000000,1000000,3,measurement,3,gc/destination-primary-82547-2026-09-16_23-04-16.txt,329,331,0,0,[]
destination-primary,columnarSingleThreadedAppender,10000000,1000000,3,measurement,4,gc/destination-primary-82547-2026-09-16_23-04-16.txt,367,369,0,0,[]
destination-primary,columnarSingleThreadedAppender,10000000,1000000,3,measurement,5,gc/destination-primary-82547-2026-09-16_23-04-16.txt,405,407,0,0,[]
destination-primary,columnarSingleThreadedAppender,10000000,1000000,3,measurement,6,gc/destination-primary-82547-2026-09-16_23-04-16.txt,443,445,0,0,[]
destination-primary,columnarSingleThreadedAppender,10000000,1000000,3,measurement,7,gc/destination-primary-82547-2026-09-16_23-04-16.txt,481,483,0,0,[]
destination-primary,columnarSingleThreadedAppender,10000000,1000000,3,measurement,8,gc/destination-primary-82547-2026-09-16_23-04-16.txt,519,521,0,0,[]
destination-primary,columnarSingleThreadedAppender,10000000,1000000,3,measurement,9,gc/destination-primary-82547-2026-09-16_23-04-16.txt,557,559,0,0,[]
destination-primary,columnarSingleThreadedAppender,10000000,1000000,3,measurement,10,gc/destination-primary-82547-2026-09-16_23-04-16.txt,595,602,0,0,[]
destination-repeat,arrayListRows,10000000,8192,1,warmup,1,gc/destination-repeat-82903-2026-09-16_23-04-27.txt,63,108,3,429.393,"[{""line"":77,""gc_id"":2,""kind"":""Pause Young (Normal) (G1 Evacuation Pause) 765M->742M(4096M)"",""pause_ms"":163.361},{""line"":92,""gc_id"":3,""kind"":""Pause Young (Normal) (G1 Evacuation Pause) 920M->925M(4096M)"",""pause_ms"":232.857},{""line"":106,""gc_id"":4,""kind"":""Pause Young (Normal) (G1 Evacuation Pause) 1103M->1106M(4096M)"",""pause_ms"":33.175}]"
destination-repeat,arrayListRows,10000000,8192,1,warmup,2,gc/destination-repeat-82903-2026-09-16_23-04-27.txt,144,174,2,57.265,"[{""line"":158,""gc_id"":7,""kind"":""Pause Young (Normal) (G1 Evacuation Pause) 771M->774M(4096M)"",""pause_ms"":18.587},{""line"":172,""gc_id"":8,""kind"":""Pause Young (Normal) (G1 Evacuation Pause) 1048M->1053M(4096M)"",""pause_ms"":38.678}]"
destination-repeat,arrayListRows,10000000,8192,1,warmup,3,gc/destination-repeat-82903-2026-09-16_23-04-27.txt,210,226,1,35.084,"[{""line"":224,""gc_id"":11,""kind"":""Pause Young (Normal) (G1 Evacuation Pause) 897M->901M(4096M)"",""pause_ms"":35.084}]"
destination-repeat,arrayListRows,10000000,8192,1,warmup,4,gc/destination-repeat-82903-2026-09-16_23-04-27.txt,262,278,1,48.299,"[{""line"":276,""gc_id"":14,""kind"":""Pause Young (Normal) (G1 Evacuation Pause) 991M->994M(4096M)"",""pause_ms"":48.299}]"
destination-repeat,arrayListRows,10000000,8192,1,warmup,5,gc/destination-repeat-82903-2026-09-16_23-04-27.txt,314,330,1,43.085,"[{""line"":328,""gc_id"":17,""kind"":""Pause Young (Normal) (G1 Evacuation Pause) 1077M->1082M(4096M)"",""pause_ms"":43.085}]"
destination-repeat,arrayListRows,10000000,8192,1,measurement,1,gc/destination-repeat-82903-2026-09-16_23-04-27.txt,366,368,0,0,[]
destination-repeat,arrayListRows,10000000,8192,1,measurement,2,gc/destination-repeat-82903-2026-09-16_23-04-27.txt,404,406,0,0,[]
destination-repeat,arrayListRows,10000000,8192,1,measurement,3,gc/destination-repeat-82903-2026-09-16_23-04-27.txt,442,444,0,0,[]
destination-repeat,arrayListRows,10000000,8192,1,measurement,4,gc/destination-repeat-82903-2026-09-16_23-04-27.txt,480,482,0,0,[]
destination-repeat,arrayListRows,10000000,8192,1,measurement,5,gc/destination-repeat-82903-2026-09-16_23-04-27.txt,518,520,0,0,[]
destination-repeat,arrayListRows,10000000,8192,1,measurement,6,gc/destination-repeat-82903-2026-09-16_23-04-27.txt,556,558,0,0,[]
destination-repeat,arrayListRows,10000000,8192,1,measurement,7,gc/destination-repeat-82903-2026-09-16_23-04-27.txt,594,596,0,0,[]
destination-repeat,arrayListRows,10000000,8192,1,measurement,8,gc/destination-repeat-82903-2026-09-16_23-04-27.txt,632,634,0,0,[]
destination-repeat,arrayListRows,10000000,8192,1,measurement,9,gc/destination-repeat-82903-2026-09-16_23-04-27.txt,670,672,0,0,[]
destination-repeat,arrayListRows,10000000,8192,1,measurement,10,gc/destination-repeat-82903-2026-09-16_23-04-27.txt,708,715,0,0,[]
destination-repeat,arrayListRows,10000000,8192,2,warmup,1,gc/destination-repeat-82957-2026-09-16_23-04-42.txt,63,108,3,434.57899999999995,"[{""line"":77,""gc_id"":2,""kind"":""Pause Young (Normal) (G1 Evacuation Pause) 765M->749M(4096M)"",""pause_ms"":164.01},{""line"":92,""gc_id"":3,""kind"":""Pause Young (Normal) (G1 Evacuation Pause) 927M->932M(4096M)"",""pause_ms"":253.554},{""line"":106,""gc_id"":4,""kind"":""Pause Young (Normal) (G1 Evacuation Pause) 1110M->1115M(4096M)"",""pause_ms"":17.015}]"
destination-repeat,arrayListRows,10000000,8192,2,warmup,2,gc/destination-repeat-82957-2026-09-16_23-04-42.txt,144,174,2,35.853,"[{""line"":158,""gc_id"":7,""kind"":""Pause Young (Normal) (G1 Evacuation Pause) 765M->770M(4096M)"",""pause_ms"":14.019},{""line"":172,""gc_id"":8,""kind"":""Pause Young (Normal) (G1 Evacuation Pause) 1042M->1045M(4096M)"",""pause_ms"":21.834}]"
destination-repeat,arrayListRows,10000000,8192,2,warmup,3,gc/destination-repeat-82957-2026-09-16_23-04-42.txt,210,226,1,24.039,"[{""line"":224,""gc_id"":11,""kind"":""Pause Young (Normal) (G1 Evacuation Pause) 897M->900M(4096M)"",""pause_ms"":24.039}]"
destination-repeat,arrayListRows,10000000,8192,2,warmup,4,gc/destination-repeat-82957-2026-09-16_23-04-42.txt,262,278,1,46.052,"[{""line"":276,""gc_id"":14,""kind"":""Pause Young (Normal) (G1 Evacuation Pause) 983M->986M(4096M)"",""pause_ms"":46.052}]"
destination-repeat,arrayListRows,10000000,8192,2,warmup,5,gc/destination-repeat-82957-2026-09-16_23-04-42.txt,314,330,1,54.92,"[{""line"":328,""gc_id"":17,""kind"":""Pause Young (Normal) (G1 Evacuation Pause) 1069M->1073M(4096M)"",""pause_ms"":54.92}]"
destination-repeat,arrayListRows,10000000,8192,2,measurement,1,gc/destination-repeat-82957-2026-09-16_23-04-42.txt,366,382,1,54.991,"[{""line"":380,""gc_id"":20,""kind"":""Pause Young (Normal) (G1 Evacuation Pause) 1169M->1175M(4096M)"",""pause_ms"":54.991}]"
destination-repeat,arrayListRows,10000000,8192,2,measurement,2,gc/destination-repeat-82957-2026-09-16_23-04-42.txt,418,420,0,0,[]
destination-repeat,arrayListRows,10000000,8192,2,measurement,3,gc/destination-repeat-82957-2026-09-16_23-04-42.txt,456,458,0,0,[]
destination-repeat,arrayListRows,10000000,8192,2,measurement,4,gc/destination-repeat-82957-2026-09-16_23-04-42.txt,494,496,0,0,[]
destination-repeat,arrayListRows,10000000,8192,2,measurement,5,gc/destination-repeat-82957-2026-09-16_23-04-42.txt,532,534,0,0,[]
destination-repeat,arrayListRows,10000000,8192,2,measurement,6,gc/destination-repeat-82957-2026-09-16_23-04-42.txt,570,572,0,0,[]
destination-repeat,arrayListRows,10000000,8192,2,measurement,7,gc/destination-repeat-82957-2026-09-16_23-04-42.txt,608,610,0,0,[]
destination-repeat,arrayListRows,10000000,8192,2,measurement,8,gc/destination-repeat-82957-2026-09-16_23-04-42.txt,646,648,0,0,[]
destination-repeat,arrayListRows,10000000,8192,2,measurement,9,gc/destination-repeat-82957-2026-09-16_23-04-42.txt,684,686,0,0,[]
destination-repeat,arrayListRows,10000000,8192,2,measurement,10,gc/destination-repeat-82957-2026-09-16_23-04-42.txt,722,729,0,0,[]
destination-repeat,arrayListRows,10000000,8192,3,warmup,1,gc/destination-repeat-83035-2026-09-16_23-04-56.txt,63,108,3,410.483,"[{""line"":77,""gc_id"":2,""kind"":""Pause Young (Normal) (G1 Evacuation Pause) 765M->748M(4096M)"",""pause_ms"":162.991},{""line"":92,""gc_id"":3,""kind"":""Pause Young (Normal) (G1 Evacuation Pause) 926M->932M(4096M)"",""pause_ms"":228.725},{""line"":106,""gc_id"":4,""kind"":""Pause Young (Normal) (G1 Evacuation Pause) 1110M->1113M(4096M)"",""pause_ms"":18.767}]"
destination-repeat,arrayListRows,10000000,8192,3,warmup,2,gc/destination-repeat-83035-2026-09-16_23-04-56.txt,144,174,2,41.8,"[{""line"":158,""gc_id"":7,""kind"":""Pause Young (Normal) (G1 Evacuation Pause) 771M->775M(4096M)"",""pause_ms"":16.591},{""line"":172,""gc_id"":8,""kind"":""Pause Young (Normal) (G1 Evacuation Pause) 1043M->1046M(4096M)"",""pause_ms"":25.209}]"
destination-repeat,arrayListRows,10000000,8192,3,warmup,3,gc/destination-repeat-83035-2026-09-16_23-04-56.txt,210,226,1,28.574,"[{""line"":224,""gc_id"":11,""kind"":""Pause Young (Normal) (G1 Evacuation Pause) 903M->905M(4096M)"",""pause_ms"":28.574}]"
destination-repeat,arrayListRows,10000000,8192,3,warmup,4,gc/destination-repeat-83035-2026-09-16_23-04-56.txt,262,278,1,30.974,"[{""line"":276,""gc_id"":14,""kind"":""Pause Young (Normal) (G1 Evacuation Pause) 989M->994M(4096M)"",""pause_ms"":30.974}]"
destination-repeat,arrayListRows,10000000,8192,3,warmup,5,gc/destination-repeat-83035-2026-09-16_23-04-56.txt,314,330,1,38.89,"[{""line"":328,""gc_id"":17,""kind"":""Pause Young (Normal) (G1 Evacuation Pause) 1095M->1099M(4096M)"",""pause_ms"":38.89}]"
destination-repeat,arrayListRows,10000000,8192,3,measurement,1,gc/destination-repeat-83035-2026-09-16_23-04-56.txt,366,368,0,0,[]
destination-repeat,arrayListRows,10000000,8192,3,measurement,2,gc/destination-repeat-83035-2026-09-16_23-04-56.txt,404,406,0,0,[]
destination-repeat,arrayListRows,10000000,8192,3,measurement,3,gc/destination-repeat-83035-2026-09-16_23-04-56.txt,442,444,0,0,[]
destination-repeat,arrayListRows,10000000,8192,3,measurement,4,gc/destination-repeat-83035-2026-09-16_23-04-56.txt,480,482,0,0,[]
destination-repeat,arrayListRows,10000000,8192,3,measurement,5,gc/destination-repeat-83035-2026-09-16_23-04-56.txt,518,520,0,0,[]
destination-repeat,arrayListRows,10000000,8192,3,measurement,6,gc/destination-repeat-83035-2026-09-16_23-04-56.txt,556,558,0,0,[]
destination-repeat,arrayListRows,10000000,8192,3,measurement,7,gc/destination-repeat-83035-2026-09-16_23-04-56.txt,594,596,0,0,[]
destination-repeat,arrayListRows,10000000,8192,3,measurement,8,gc/destination-repeat-83035-2026-09-16_23-04-56.txt,632,634,0,0,[]
destination-repeat,arrayListRows,10000000,8192,3,measurement,9,gc/destination-repeat-83035-2026-09-16_23-04-56.txt,670,672,0,0,[]
destination-repeat,arrayListRows,10000000,8192,3,measurement,10,gc/destination-repeat-83035-2026-09-16_23-04-56.txt,708,715,0,0,[]
destination-repeat,arrayListRows,10000000,1000000,1,warmup,1,gc/destination-repeat-83086-2026-09-16_23-05-11.txt,63,108,3,418.801,"[{""line"":77,""gc_id"":2,""kind"":""Pause Young (Normal) (G1 Evacuation Pause) 765M->746M(4096M)"",""pause_ms"":163.119},{""line"":92,""gc_id"":3,""kind"":""Pause Young (Normal) (G1 Evacuation Pause) 924M->930M(4096M)"",""pause_ms"":238.18},{""line"":106,""gc_id"":4,""kind"":""Pause Young (Normal) (G1 Evacuation Pause) 1108M->1112M(4096M)"",""pause_ms"":17.502}]"
destination-repeat,arrayListRows,10000000,1000000,1,warmup,2,gc/destination-repeat-83086-2026-09-16_23-05-11.txt,144,174,2,41.823,"[{""line"":158,""gc_id"":7,""kind"":""Pause Young (Normal) (G1 Evacuation Pause) 773M->777M(4096M)"",""pause_ms"":16.244},{""line"":172,""gc_id"":8,""kind"":""Pause Young (Normal) (G1 Evacuation Pause) 1051M->1055M(4096M)"",""pause_ms"":25.579}]"
destination-repeat,arrayListRows,10000000,1000000,1,warmup,3,gc/destination-repeat-83086-2026-09-16_23-05-11.txt,210,226,1,25.474,"[{""line"":224,""gc_id"":11,""kind"":""Pause Young (Normal) (G1 Evacuation Pause) 909M->913M(4096M)"",""pause_ms"":25.474}]"
destination-repeat,arrayListRows,10000000,1000000,1,warmup,4,gc/destination-repeat-83086-2026-09-16_23-05-11.txt,262,278,1,34.048,"[{""line"":276,""gc_id"":14,""kind"":""Pause Young (Normal) (G1 Evacuation Pause) 999M->1002M(4096M)"",""pause_ms"":34.048}]"
destination-repeat,arrayListRows,10000000,1000000,1,warmup,5,gc/destination-repeat-83086-2026-09-16_23-05-11.txt,314,330,1,44.885,"[{""line"":328,""gc_id"":17,""kind"":""Pause Young (Normal) (G1 Evacuation Pause) 1101M->1105M(4096M)"",""pause_ms"":44.885}]"
destination-repeat,arrayListRows,10000000,1000000,1,measurement,1,gc/destination-repeat-83086-2026-09-16_23-05-11.txt,366,368,0,0,[]
destination-repeat,arrayListRows,10000000,1000000,1,measurement,2,gc/destination-repeat-83086-2026-09-16_23-05-11.txt,404,406,0,0,[]
destination-repeat,arrayListRows,10000000,1000000,1,measurement,3,gc/destination-repeat-83086-2026-09-16_23-05-11.txt,442,444,0,0,[]
destination-repeat,arrayListRows,10000000,1000000,1,measurement,4,gc/destination-repeat-83086-2026-09-16_23-05-11.txt,480,482,0,0,[]
destination-repeat,arrayListRows,10000000,1000000,1,measurement,5,gc/destination-repeat-83086-2026-09-16_23-05-11.txt,518,520,0,0,[]
destination-repeat,arrayListRows,10000000,1000000,1,measurement,6,gc/destination-repeat-83086-2026-09-16_23-05-11.txt,556,558,0,0,[]
destination-repeat,arrayListRows,10000000,1000000,1,measurement,7,gc/destination-repeat-83086-2026-09-16_23-05-11.txt,594,596,0,0,[]
destination-repeat,arrayListRows,10000000,1000000,1,measurement,8,gc/destination-repeat-83086-2026-09-16_23-05-11.txt,632,634,0,0,[]
destination-repeat,arrayListRows,10000000,1000000,1,measurement,9,gc/destination-repeat-83086-2026-09-16_23-05-11.txt,670,672,0,0,[]
destination-repeat,arrayListRows,10000000,1000000,1,measurement,10,gc/destination-repeat-83086-2026-09-16_23-05-11.txt,708,715,0,0,[]
destination-repeat,arrayListRows,10000000,1000000,2,warmup,1,gc/destination-repeat-83125-2026-09-16_23-05-25.txt,63,108,3,410.653,"[{""line"":77,""gc_id"":2,""kind"":""Pause Young (Normal) (G1 Evacuation Pause) 765M->749M(4096M)"",""pause_ms"":163.706},{""line"":92,""gc_id"":3,""kind"":""Pause Young (Normal) (G1 Evacuation Pause) 927M->932M(4096M)"",""pause_ms"":228.847},{""line"":106,""gc_id"":4,""kind"":""Pause Young (Normal) (G1 Evacuation Pause) 1110M->1113M(4096M)"",""pause_ms"":18.1}]"
destination-repeat,arrayListRows,10000000,1000000,2,warmup,2,gc/destination-repeat-83125-2026-09-16_23-05-25.txt,144,174,2,40.275000000000006,"[{""line"":158,""gc_id"":7,""kind"":""Pause Young (Normal) (G1 Evacuation Pause) 775M->778M(4096M)"",""pause_ms"":15.573},{""line"":172,""gc_id"":8,""kind"":""Pause Young (Normal) (G1 Evacuation Pause) 1052M->1056M(4096M)"",""pause_ms"":24.702}]"
destination-repeat,arrayListRows,10000000,1000000,2,warmup,3,gc/destination-repeat-83125-2026-09-16_23-05-25.txt,210,226,1,24.783,"[{""line"":224,""gc_id"":11,""kind"":""Pause Young (Normal) (G1 Evacuation Pause) 913M->918M(4096M)"",""pause_ms"":24.783}]"
destination-repeat,arrayListRows,10000000,1000000,2,warmup,4,gc/destination-repeat-83125-2026-09-16_23-05-25.txt,262,278,1,31.365,"[{""line"":276,""gc_id"":14,""kind"":""Pause Young (Normal) (G1 Evacuation Pause) 1003M->1008M(4096M)"",""pause_ms"":31.365}]"
destination-repeat,arrayListRows,10000000,1000000,2,warmup,5,gc/destination-repeat-83125-2026-09-16_23-05-25.txt,314,330,1,41.601,"[{""line"":328,""gc_id"":17,""kind"":""Pause Young (Normal) (G1 Evacuation Pause) 1111M->1116M(4096M)"",""pause_ms"":41.601}]"
destination-repeat,arrayListRows,10000000,1000000,2,measurement,1,gc/destination-repeat-83125-2026-09-16_23-05-25.txt,366,368,0,0,[]
destination-repeat,arrayListRows,10000000,1000000,2,measurement,2,gc/destination-repeat-83125-2026-09-16_23-05-25.txt,404,406,0,0,[]
destination-repeat,arrayListRows,10000000,1000000,2,measurement,3,gc/destination-repeat-83125-2026-09-16_23-05-25.txt,442,444,0,0,[]
destination-repeat,arrayListRows,10000000,1000000,2,measurement,4,gc/destination-repeat-83125-2026-09-16_23-05-25.txt,480,482,0,0,[]
destination-repeat,arrayListRows,10000000,1000000,2,measurement,5,gc/destination-repeat-83125-2026-09-16_23-05-25.txt,518,520,0,0,[]
destination-repeat,arrayListRows,10000000,1000000,2,measurement,6,gc/destination-repeat-83125-2026-09-16_23-05-25.txt,556,558,0,0,[]
destination-repeat,arrayListRows,10000000,1000000,2,measurement,7,gc/destination-repeat-83125-2026-09-16_23-05-25.txt,594,596,0,0,[]
destination-repeat,arrayListRows,10000000,1000000,2,measurement,8,gc/destination-repeat-83125-2026-09-16_23-05-25.txt,632,634,0,0,[]
destination-repeat,arrayListRows,10000000,1000000,2,measurement,9,gc/destination-repeat-83125-2026-09-16_23-05-25.txt,670,672,0,0,[]
destination-repeat,arrayListRows,10000000,1000000,2,measurement,10,gc/destination-repeat-83125-2026-09-16_23-05-25.txt,708,715,0,0,[]
destination-repeat,arrayListRows,10000000,1000000,3,warmup,1,gc/destination-repeat-83158-2026-09-16_23-05-39.txt,63,108,3,407.299,"[{""line"":77,""gc_id"":2,""kind"":""Pause Young (Normal) (G1 Evacuation Pause) 765M->749M(4096M)"",""pause_ms"":163.353},{""line"":92,""gc_id"":3,""kind"":""Pause Young (Normal) (G1 Evacuation Pause) 927M->933M(4096M)"",""pause_ms"":226.563},{""line"":106,""gc_id"":4,""kind"":""Pause Young (Normal) (G1 Evacuation Pause) 1111M->1115M(4096M)"",""pause_ms"":17.383}]"
destination-repeat,arrayListRows,10000000,1000000,3,warmup,2,gc/destination-repeat-83158-2026-09-16_23-05-39.txt,144,174,2,38.762,"[{""line"":158,""gc_id"":7,""kind"":""Pause Young (Normal) (G1 Evacuation Pause) 775M->780M(4096M)"",""pause_ms"":15.658},{""line"":172,""gc_id"":8,""kind"":""Pause Young (Normal) (G1 Evacuation Pause) 1056M->1060M(4096M)"",""pause_ms"":23.104}]"
destination-repeat,arrayListRows,10000000,1000000,3,warmup,3,gc/destination-repeat-83158-2026-09-16_23-05-39.txt,210,226,1,25.653,"[{""line"":224,""gc_id"":11,""kind"":""Pause Young (Normal) (G1 Evacuation Pause) 917M->921M(4096M)"",""pause_ms"":25.653}]"
destination-repeat,arrayListRows,10000000,1000000,3,warmup,4,gc/destination-repeat-83158-2026-09-16_23-05-39.txt,262,278,1,34.155,"[{""line"":276,""gc_id"":14,""kind"":""Pause Young (Normal) (G1 Evacuation Pause) 1007M->1009M(4096M)"",""pause_ms"":34.155}]"
destination-repeat,arrayListRows,10000000,1000000,3,warmup,5,gc/destination-repeat-83158-2026-09-16_23-05-39.txt,314,330,1,40.788,"[{""line"":328,""gc_id"":17,""kind"":""Pause Young (Normal) (G1 Evacuation Pause) 1113M->1118M(4096M)"",""pause_ms"":40.788}]"
destination-repeat,arrayListRows,10000000,1000000,3,measurement,1,gc/destination-repeat-83158-2026-09-16_23-05-39.txt,366,368,0,0,[]
destination-repeat,arrayListRows,10000000,1000000,3,measurement,2,gc/destination-repeat-83158-2026-09-16_23-05-39.txt,404,406,0,0,[]
destination-repeat,arrayListRows,10000000,1000000,3,measurement,3,gc/destination-repeat-83158-2026-09-16_23-05-39.txt,442,444,0,0,[]
destination-repeat,arrayListRows,10000000,1000000,3,measurement,4,gc/destination-repeat-83158-2026-09-16_23-05-39.txt,480,482,0,0,[]
destination-repeat,arrayListRows,10000000,1000000,3,measurement,5,gc/destination-repeat-83158-2026-09-16_23-05-39.txt,518,520,0,0,[]
destination-repeat,arrayListRows,10000000,1000000,3,measurement,6,gc/destination-repeat-83158-2026-09-16_23-05-39.txt,556,558,0,0,[]
destination-repeat,arrayListRows,10000000,1000000,3,measurement,7,gc/destination-repeat-83158-2026-09-16_23-05-39.txt,594,596,0,0,[]
destination-repeat,arrayListRows,10000000,1000000,3,measurement,8,gc/destination-repeat-83158-2026-09-16_23-05-39.txt,632,634,0,0,[]
destination-repeat,arrayListRows,10000000,1000000,3,measurement,9,gc/destination-repeat-83158-2026-09-16_23-05-39.txt,670,672,0,0,[]
destination-repeat,arrayListRows,10000000,1000000,3,measurement,10,gc/destination-repeat-83158-2026-09-16_23-05-39.txt,708,715,0,0,[]
destination-repeat,columnarFixedPoolPerBatchBarrierAppender,10000000,8192,1,warmup,1,gc/destination-repeat-83226-2026-09-16_23-05-54.txt,63,65,0,0,[]
destination-repeat,columnarFixedPoolPerBatchBarrierAppender,10000000,8192,1,warmup,2,gc/destination-repeat-83226-2026-09-16_23-05-54.txt,101,103,0,0,[]
destination-repeat,columnarFixedPoolPerBatchBarrierAppender,10000000,8192,1,warmup,3,gc/destination-repeat-83226-2026-09-16_23-05-54.txt,139,141,0,0,[]
destination-repeat,columnarFixedPoolPerBatchBarrierAppender,10000000,8192,1,warmup,4,gc/destination-repeat-83226-2026-09-16_23-05-54.txt,177,179,0,0,[]
destination-repeat,columnarFixedPoolPerBatchBarrierAppender,10000000,8192,1,warmup,5,gc/destination-repeat-83226-2026-09-16_23-05-54.txt,215,217,0,0,[]
destination-repeat,columnarFixedPoolPerBatchBarrierAppender,10000000,8192,1,measurement,1,gc/destination-repeat-83226-2026-09-16_23-05-54.txt,253,255,0,0,[]
destination-repeat,columnarFixedPoolPerBatchBarrierAppender,10000000,8192,1,measurement,2,gc/destination-repeat-83226-2026-09-16_23-05-54.txt,291,293,0,0,[]
destination-repeat,columnarFixedPoolPerBatchBarrierAppender,10000000,8192,1,measurement,3,gc/destination-repeat-83226-2026-09-16_23-05-54.txt,329,331,0,0,[]
destination-repeat,columnarFixedPoolPerBatchBarrierAppender,10000000,8192,1,measurement,4,gc/destination-repeat-83226-2026-09-16_23-05-54.txt,367,369,0,0,[]
destination-repeat,columnarFixedPoolPerBatchBarrierAppender,10000000,8192,1,measurement,5,gc/destination-repeat-83226-2026-09-16_23-05-54.txt,405,407,0,0,[]
destination-repeat,columnarFixedPoolPerBatchBarrierAppender,10000000,8192,1,measurement,6,gc/destination-repeat-83226-2026-09-16_23-05-54.txt,443,445,0,0,[]
destination-repeat,columnarFixedPoolPerBatchBarrierAppender,10000000,8192,1,measurement,7,gc/destination-repeat-83226-2026-09-16_23-05-54.txt,481,483,0,0,[]
destination-repeat,columnarFixedPoolPerBatchBarrierAppender,10000000,8192,1,measurement,8,gc/destination-repeat-83226-2026-09-16_23-05-54.txt,519,521,0,0,[]
destination-repeat,columnarFixedPoolPerBatchBarrierAppender,10000000,8192,1,measurement,9,gc/destination-repeat-83226-2026-09-16_23-05-54.txt,557,559,0,0,[]
destination-repeat,columnarFixedPoolPerBatchBarrierAppender,10000000,8192,1,measurement,10,gc/destination-repeat-83226-2026-09-16_23-05-54.txt,595,602,0,0,[]
destination-repeat,columnarFixedPoolPerBatchBarrierAppender,10000000,8192,2,warmup,1,gc/destination-repeat-83270-2026-09-16_23-06-04.txt,63,65,0,0,[]
destination-repeat,columnarFixedPoolPerBatchBarrierAppender,10000000,8192,2,warmup,2,gc/destination-repeat-83270-2026-09-16_23-06-04.txt,101,103,0,0,[]
destination-repeat,columnarFixedPoolPerBatchBarrierAppender,10000000,8192,2,warmup,3,gc/destination-repeat-83270-2026-09-16_23-06-04.txt,139,141,0,0,[]
destination-repeat,columnarFixedPoolPerBatchBarrierAppender,10000000,8192,2,warmup,4,gc/destination-repeat-83270-2026-09-16_23-06-04.txt,177,179,0,0,[]
destination-repeat,columnarFixedPoolPerBatchBarrierAppender,10000000,8192,2,warmup,5,gc/destination-repeat-83270-2026-09-16_23-06-04.txt,215,217,0,0,[]
destination-repeat,columnarFixedPoolPerBatchBarrierAppender,10000000,8192,2,measurement,1,gc/destination-repeat-83270-2026-09-16_23-06-04.txt,253,255,0,0,[]
destination-repeat,columnarFixedPoolPerBatchBarrierAppender,10000000,8192,2,measurement,2,gc/destination-repeat-83270-2026-09-16_23-06-04.txt,291,293,0,0,[]
destination-repeat,columnarFixedPoolPerBatchBarrierAppender,10000000,8192,2,measurement,3,gc/destination-repeat-83270-2026-09-16_23-06-04.txt,329,331,0,0,[]
destination-repeat,columnarFixedPoolPerBatchBarrierAppender,10000000,8192,2,measurement,4,gc/destination-repeat-83270-2026-09-16_23-06-04.txt,367,369,0,0,[]
destination-repeat,columnarFixedPoolPerBatchBarrierAppender,10000000,8192,2,measurement,5,gc/destination-repeat-83270-2026-09-16_23-06-04.txt,405,407,0,0,[]
destination-repeat,columnarFixedPoolPerBatchBarrierAppender,10000000,8192,2,measurement,6,gc/destination-repeat-83270-2026-09-16_23-06-04.txt,443,445,0,0,[]
destination-repeat,columnarFixedPoolPerBatchBarrierAppender,10000000,8192,2,measurement,7,gc/destination-repeat-83270-2026-09-16_23-06-04.txt,481,483,0,0,[]
destination-repeat,columnarFixedPoolPerBatchBarrierAppender,10000000,8192,2,measurement,8,gc/destination-repeat-83270-2026-09-16_23-06-04.txt,519,521,0,0,[]
destination-repeat,columnarFixedPoolPerBatchBarrierAppender,10000000,8192,2,measurement,9,gc/destination-repeat-83270-2026-09-16_23-06-04.txt,557,559,0,0,[]
destination-repeat,columnarFixedPoolPerBatchBarrierAppender,10000000,8192,2,measurement,10,gc/destination-repeat-83270-2026-09-16_23-06-04.txt,595,602,0,0,[]
destination-repeat,columnarFixedPoolPerBatchBarrierAppender,10000000,8192,3,warmup,1,gc/destination-repeat-83300-2026-09-16_23-06-15.txt,63,65,0,0,[]
destination-repeat,columnarFixedPoolPerBatchBarrierAppender,10000000,8192,3,warmup,2,gc/destination-repeat-83300-2026-09-16_23-06-15.txt,101,103,0,0,[]
destination-repeat,columnarFixedPoolPerBatchBarrierAppender,10000000,8192,3,warmup,3,gc/destination-repeat-83300-2026-09-16_23-06-15.txt,139,141,0,0,[]
destination-repeat,columnarFixedPoolPerBatchBarrierAppender,10000000,8192,3,warmup,4,gc/destination-repeat-83300-2026-09-16_23-06-15.txt,177,179,0,0,[]
destination-repeat,columnarFixedPoolPerBatchBarrierAppender,10000000,8192,3,warmup,5,gc/destination-repeat-83300-2026-09-16_23-06-15.txt,215,217,0,0,[]
destination-repeat,columnarFixedPoolPerBatchBarrierAppender,10000000,8192,3,measurement,1,gc/destination-repeat-83300-2026-09-16_23-06-15.txt,253,255,0,0,[]
destination-repeat,columnarFixedPoolPerBatchBarrierAppender,10000000,8192,3,measurement,2,gc/destination-repeat-83300-2026-09-16_23-06-15.txt,291,293,0,0,[]
destination-repeat,columnarFixedPoolPerBatchBarrierAppender,10000000,8192,3,measurement,3,gc/destination-repeat-83300-2026-09-16_23-06-15.txt,329,331,0,0,[]
destination-repeat,columnarFixedPoolPerBatchBarrierAppender,10000000,8192,3,measurement,4,gc/destination-repeat-83300-2026-09-16_23-06-15.txt,367,369,0,0,[]
destination-repeat,columnarFixedPoolPerBatchBarrierAppender,10000000,8192,3,measurement,5,gc/destination-repeat-83300-2026-09-16_23-06-15.txt,405,407,0,0,[]
destination-repeat,columnarFixedPoolPerBatchBarrierAppender,10000000,8192,3,measurement,6,gc/destination-repeat-83300-2026-09-16_23-06-15.txt,443,445,0,0,[]
destination-repeat,columnarFixedPoolPerBatchBarrierAppender,10000000,8192,3,measurement,7,gc/destination-repeat-83300-2026-09-16_23-06-15.txt,481,483,0,0,[]
destination-repeat,columnarFixedPoolPerBatchBarrierAppender,10000000,8192,3,measurement,8,gc/destination-repeat-83300-2026-09-16_23-06-15.txt,519,521,0,0,[]
destination-repeat,columnarFixedPoolPerBatchBarrierAppender,10000000,8192,3,measurement,9,gc/destination-repeat-83300-2026-09-16_23-06-15.txt,557,559,0,0,[]
destination-repeat,columnarFixedPoolPerBatchBarrierAppender,10000000,8192,3,measurement,10,gc/destination-repeat-83300-2026-09-16_23-06-15.txt,595,602,0,0,[]
destination-repeat,columnarFixedPoolPerBatchBarrierAppender,10000000,1000000,1,warmup,1,gc/destination-repeat-83327-2026-09-16_23-06-26.txt,63,65,0,0,[]
destination-repeat,columnarFixedPoolPerBatchBarrierAppender,10000000,1000000,1,warmup,2,gc/destination-repeat-83327-2026-09-16_23-06-26.txt,101,103,0,0,[]
destination-repeat,columnarFixedPoolPerBatchBarrierAppender,10000000,1000000,1,warmup,3,gc/destination-repeat-83327-2026-09-16_23-06-26.txt,139,141,0,0,[]
destination-repeat,columnarFixedPoolPerBatchBarrierAppender,10000000,1000000,1,warmup,4,gc/destination-repeat-83327-2026-09-16_23-06-26.txt,177,179,0,0,[]
destination-repeat,columnarFixedPoolPerBatchBarrierAppender,10000000,1000000,1,warmup,5,gc/destination-repeat-83327-2026-09-16_23-06-26.txt,215,217,0,0,[]
destination-repeat,columnarFixedPoolPerBatchBarrierAppender,10000000,1000000,1,measurement,1,gc/destination-repeat-83327-2026-09-16_23-06-26.txt,253,255,0,0,[]
destination-repeat,columnarFixedPoolPerBatchBarrierAppender,10000000,1000000,1,measurement,2,gc/destination-repeat-83327-2026-09-16_23-06-26.txt,291,293,0,0,[]
destination-repeat,columnarFixedPoolPerBatchBarrierAppender,10000000,1000000,1,measurement,3,gc/destination-repeat-83327-2026-09-16_23-06-26.txt,329,331,0,0,[]
destination-repeat,columnarFixedPoolPerBatchBarrierAppender,10000000,1000000,1,measurement,4,gc/destination-repeat-83327-2026-09-16_23-06-26.txt,367,369,0,0,[]
destination-repeat,columnarFixedPoolPerBatchBarrierAppender,10000000,1000000,1,measurement,5,gc/destination-repeat-83327-2026-09-16_23-06-26.txt,405,407,0,0,[]
destination-repeat,columnarFixedPoolPerBatchBarrierAppender,10000000,1000000,1,measurement,6,gc/destination-repeat-83327-2026-09-16_23-06-26.txt,443,445,0,0,[]
destination-repeat,columnarFixedPoolPerBatchBarrierAppender,10000000,1000000,1,measurement,7,gc/destination-repeat-83327-2026-09-16_23-06-26.txt,481,483,0,0,[]
destination-repeat,columnarFixedPoolPerBatchBarrierAppender,10000000,1000000,1,measurement,8,gc/destination-repeat-83327-2026-09-16_23-06-26.txt,519,521,0,0,[]
destination-repeat,columnarFixedPoolPerBatchBarrierAppender,10000000,1000000,1,measurement,9,gc/destination-repeat-83327-2026-09-16_23-06-26.txt,557,559,0,0,[]
destination-repeat,columnarFixedPoolPerBatchBarrierAppender,10000000,1000000,1,measurement,10,gc/destination-repeat-83327-2026-09-16_23-06-26.txt,595,602,0,0,[]
destination-repeat,columnarFixedPoolPerBatchBarrierAppender,10000000,1000000,2,warmup,1,gc/destination-repeat-83360-2026-09-16_23-06-37.txt,63,65,0,0,[]
destination-repeat,columnarFixedPoolPerBatchBarrierAppender,10000000,1000000,2,warmup,2,gc/destination-repeat-83360-2026-09-16_23-06-37.txt,101,103,0,0,[]
destination-repeat,columnarFixedPoolPerBatchBarrierAppender,10000000,1000000,2,warmup,3,gc/destination-repeat-83360-2026-09-16_23-06-37.txt,139,141,0,0,[]
destination-repeat,columnarFixedPoolPerBatchBarrierAppender,10000000,1000000,2,warmup,4,gc/destination-repeat-83360-2026-09-16_23-06-37.txt,177,179,0,0,[]
destination-repeat,columnarFixedPoolPerBatchBarrierAppender,10000000,1000000,2,warmup,5,gc/destination-repeat-83360-2026-09-16_23-06-37.txt,215,217,0,0,[]
destination-repeat,columnarFixedPoolPerBatchBarrierAppender,10000000,1000000,2,measurement,1,gc/destination-repeat-83360-2026-09-16_23-06-37.txt,253,255,0,0,[]
destination-repeat,columnarFixedPoolPerBatchBarrierAppender,10000000,1000000,2,measurement,2,gc/destination-repeat-83360-2026-09-16_23-06-37.txt,291,293,0,0,[]
destination-repeat,columnarFixedPoolPerBatchBarrierAppender,10000000,1000000,2,measurement,3,gc/destination-repeat-83360-2026-09-16_23-06-37.txt,329,331,0,0,[]
destination-repeat,columnarFixedPoolPerBatchBarrierAppender,10000000,1000000,2,measurement,4,gc/destination-repeat-83360-2026-09-16_23-06-37.txt,367,369,0,0,[]
destination-repeat,columnarFixedPoolPerBatchBarrierAppender,10000000,1000000,2,measurement,5,gc/destination-repeat-83360-2026-09-16_23-06-37.txt,405,407,0,0,[]
destination-repeat,columnarFixedPoolPerBatchBarrierAppender,10000000,1000000,2,measurement,6,gc/destination-repeat-83360-2026-09-16_23-06-37.txt,443,445,0,0,[]
destination-repeat,columnarFixedPoolPerBatchBarrierAppender,10000000,1000000,2,measurement,7,gc/destination-repeat-83360-2026-09-16_23-06-37.txt,481,483,0,0,[]
destination-repeat,columnarFixedPoolPerBatchBarrierAppender,10000000,1000000,2,measurement,8,gc/destination-repeat-83360-2026-09-16_23-06-37.txt,519,521,0,0,[]
destination-repeat,columnarFixedPoolPerBatchBarrierAppender,10000000,1000000,2,measurement,9,gc/destination-repeat-83360-2026-09-16_23-06-37.txt,557,559,0,0,[]
destination-repeat,columnarFixedPoolPerBatchBarrierAppender,10000000,1000000,2,measurement,10,gc/destination-repeat-83360-2026-09-16_23-06-37.txt,595,602,0,0,[]
destination-repeat,columnarFixedPoolPerBatchBarrierAppender,10000000,1000000,3,warmup,1,gc/destination-repeat-83430-2026-09-16_23-06-47.txt,63,65,0,0,[]
destination-repeat,columnarFixedPoolPerBatchBarrierAppender,10000000,1000000,3,warmup,2,gc/destination-repeat-83430-2026-09-16_23-06-47.txt,101,103,0,0,[]
destination-repeat,columnarFixedPoolPerBatchBarrierAppender,10000000,1000000,3,warmup,3,gc/destination-repeat-83430-2026-09-16_23-06-47.txt,139,141,0,0,[]
destination-repeat,columnarFixedPoolPerBatchBarrierAppender,10000000,1000000,3,warmup,4,gc/destination-repeat-83430-2026-09-16_23-06-47.txt,177,179,0,0,[]
destination-repeat,columnarFixedPoolPerBatchBarrierAppender,10000000,1000000,3,warmup,5,gc/destination-repeat-83430-2026-09-16_23-06-47.txt,215,217,0,0,[]
destination-repeat,columnarFixedPoolPerBatchBarrierAppender,10000000,1000000,3,measurement,1,gc/destination-repeat-83430-2026-09-16_23-06-47.txt,253,255,0,0,[]
destination-repeat,columnarFixedPoolPerBatchBarrierAppender,10000000,1000000,3,measurement,2,gc/destination-repeat-83430-2026-09-16_23-06-47.txt,291,293,0,0,[]
destination-repeat,columnarFixedPoolPerBatchBarrierAppender,10000000,1000000,3,measurement,3,gc/destination-repeat-83430-2026-09-16_23-06-47.txt,329,331,0,0,[]
destination-repeat,columnarFixedPoolPerBatchBarrierAppender,10000000,1000000,3,measurement,4,gc/destination-repeat-83430-2026-09-16_23-06-47.txt,367,369,0,0,[]
destination-repeat,columnarFixedPoolPerBatchBarrierAppender,10000000,1000000,3,measurement,5,gc/destination-repeat-83430-2026-09-16_23-06-47.txt,405,407,0,0,[]
destination-repeat,columnarFixedPoolPerBatchBarrierAppender,10000000,1000000,3,measurement,6,gc/destination-repeat-83430-2026-09-16_23-06-47.txt,443,445,0,0,[]
destination-repeat,columnarFixedPoolPerBatchBarrierAppender,10000000,1000000,3,measurement,7,gc/destination-repeat-83430-2026-09-16_23-06-47.txt,481,483,0,0,[]
destination-repeat,columnarFixedPoolPerBatchBarrierAppender,10000000,1000000,3,measurement,8,gc/destination-repeat-83430-2026-09-16_23-06-47.txt,519,521,0,0,[]
destination-repeat,columnarFixedPoolPerBatchBarrierAppender,10000000,1000000,3,measurement,9,gc/destination-repeat-83430-2026-09-16_23-06-47.txt,557,559,0,0,[]
destination-repeat,columnarFixedPoolPerBatchBarrierAppender,10000000,1000000,3,measurement,10,gc/destination-repeat-83430-2026-09-16_23-06-47.txt,595,602,0,0,[]
destination-repeat,columnarFixedPoolPipelinedAppender,10000000,8192,1,warmup,1,gc/destination-repeat-83503-2026-09-16_23-06-58.txt,63,65,0,0,[]
destination-repeat,columnarFixedPoolPipelinedAppender,10000000,8192,1,warmup,2,gc/destination-repeat-83503-2026-09-16_23-06-58.txt,101,103,0,0,[]
destination-repeat,columnarFixedPoolPipelinedAppender,10000000,8192,1,warmup,3,gc/destination-repeat-83503-2026-09-16_23-06-58.txt,139,141,0,0,[]
destination-repeat,columnarFixedPoolPipelinedAppender,10000000,8192,1,warmup,4,gc/destination-repeat-83503-2026-09-16_23-06-58.txt,177,179,0,0,[]
destination-repeat,columnarFixedPoolPipelinedAppender,10000000,8192,1,warmup,5,gc/destination-repeat-83503-2026-09-16_23-06-58.txt,215,217,0,0,[]
destination-repeat,columnarFixedPoolPipelinedAppender,10000000,8192,1,measurement,1,gc/destination-repeat-83503-2026-09-16_23-06-58.txt,253,255,0,0,[]
destination-repeat,columnarFixedPoolPipelinedAppender,10000000,8192,1,measurement,2,gc/destination-repeat-83503-2026-09-16_23-06-58.txt,291,293,0,0,[]
destination-repeat,columnarFixedPoolPipelinedAppender,10000000,8192,1,measurement,3,gc/destination-repeat-83503-2026-09-16_23-06-58.txt,329,331,0,0,[]
destination-repeat,columnarFixedPoolPipelinedAppender,10000000,8192,1,measurement,4,gc/destination-repeat-83503-2026-09-16_23-06-58.txt,367,369,0,0,[]
destination-repeat,columnarFixedPoolPipelinedAppender,10000000,8192,1,measurement,5,gc/destination-repeat-83503-2026-09-16_23-06-58.txt,405,407,0,0,[]
destination-repeat,columnarFixedPoolPipelinedAppender,10000000,8192,1,measurement,6,gc/destination-repeat-83503-2026-09-16_23-06-58.txt,443,445,0,0,[]
destination-repeat,columnarFixedPoolPipelinedAppender,10000000,8192,1,measurement,7,gc/destination-repeat-83503-2026-09-16_23-06-58.txt,481,483,0,0,[]
destination-repeat,columnarFixedPoolPipelinedAppender,10000000,8192,1,measurement,8,gc/destination-repeat-83503-2026-09-16_23-06-58.txt,519,521,0,0,[]
destination-repeat,columnarFixedPoolPipelinedAppender,10000000,8192,1,measurement,9,gc/destination-repeat-83503-2026-09-16_23-06-58.txt,557,559,0,0,[]
destination-repeat,columnarFixedPoolPipelinedAppender,10000000,8192,1,measurement,10,gc/destination-repeat-83503-2026-09-16_23-06-58.txt,595,602,0,0,[]
destination-repeat,columnarFixedPoolPipelinedAppender,10000000,8192,2,warmup,1,gc/destination-repeat-83541-2026-09-16_23-07-09.txt,63,65,0,0,[]
destination-repeat,columnarFixedPoolPipelinedAppender,10000000,8192,2,warmup,2,gc/destination-repeat-83541-2026-09-16_23-07-09.txt,101,103,0,0,[]
destination-repeat,columnarFixedPoolPipelinedAppender,10000000,8192,2,warmup,3,gc/destination-repeat-83541-2026-09-16_23-07-09.txt,139,141,0,0,[]
destination-repeat,columnarFixedPoolPipelinedAppender,10000000,8192,2,warmup,4,gc/destination-repeat-83541-2026-09-16_23-07-09.txt,177,179,0,0,[]
destination-repeat,columnarFixedPoolPipelinedAppender,10000000,8192,2,warmup,5,gc/destination-repeat-83541-2026-09-16_23-07-09.txt,215,217,0,0,[]
destination-repeat,columnarFixedPoolPipelinedAppender,10000000,8192,2,measurement,1,gc/destination-repeat-83541-2026-09-16_23-07-09.txt,253,255,0,0,[]
destination-repeat,columnarFixedPoolPipelinedAppender,10000000,8192,2,measurement,2,gc/destination-repeat-83541-2026-09-16_23-07-09.txt,291,293,0,0,[]
destination-repeat,columnarFixedPoolPipelinedAppender,10000000,8192,2,measurement,3,gc/destination-repeat-83541-2026-09-16_23-07-09.txt,329,331,0,0,[]
destination-repeat,columnarFixedPoolPipelinedAppender,10000000,8192,2,measurement,4,gc/destination-repeat-83541-2026-09-16_23-07-09.txt,367,369,0,0,[]
destination-repeat,columnarFixedPoolPipelinedAppender,10000000,8192,2,measurement,5,gc/destination-repeat-83541-2026-09-16_23-07-09.txt,405,407,0,0,[]
destination-repeat,columnarFixedPoolPipelinedAppender,10000000,8192,2,measurement,6,gc/destination-repeat-83541-2026-09-16_23-07-09.txt,443,445,0,0,[]
destination-repeat,columnarFixedPoolPipelinedAppender,10000000,8192,2,measurement,7,gc/destination-repeat-83541-2026-09-16_23-07-09.txt,481,483,0,0,[]
destination-repeat,columnarFixedPoolPipelinedAppender,10000000,8192,2,measurement,8,gc/destination-repeat-83541-2026-09-16_23-07-09.txt,519,521,0,0,[]
destination-repeat,columnarFixedPoolPipelinedAppender,10000000,8192,2,measurement,9,gc/destination-repeat-83541-2026-09-16_23-07-09.txt,557,559,0,0,[]
destination-repeat,columnarFixedPoolPipelinedAppender,10000000,8192,2,measurement,10,gc/destination-repeat-83541-2026-09-16_23-07-09.txt,595,602,0,0,[]
destination-repeat,columnarFixedPoolPipelinedAppender,10000000,8192,3,warmup,1,gc/destination-repeat-83572-2026-09-16_23-07-20.txt,63,65,0,0,[]
destination-repeat,columnarFixedPoolPipelinedAppender,10000000,8192,3,warmup,2,gc/destination-repeat-83572-2026-09-16_23-07-20.txt,101,103,0,0,[]
destination-repeat,columnarFixedPoolPipelinedAppender,10000000,8192,3,warmup,3,gc/destination-repeat-83572-2026-09-16_23-07-20.txt,139,141,0,0,[]
destination-repeat,columnarFixedPoolPipelinedAppender,10000000,8192,3,warmup,4,gc/destination-repeat-83572-2026-09-16_23-07-20.txt,177,179,0,0,[]
destination-repeat,columnarFixedPoolPipelinedAppender,10000000,8192,3,warmup,5,gc/destination-repeat-83572-2026-09-16_23-07-20.txt,215,217,0,0,[]
destination-repeat,columnarFixedPoolPipelinedAppender,10000000,8192,3,measurement,1,gc/destination-repeat-83572-2026-09-16_23-07-20.txt,253,255,0,0,[]
destination-repeat,columnarFixedPoolPipelinedAppender,10000000,8192,3,measurement,2,gc/destination-repeat-83572-2026-09-16_23-07-20.txt,291,293,0,0,[]
destination-repeat,columnarFixedPoolPipelinedAppender,10000000,8192,3,measurement,3,gc/destination-repeat-83572-2026-09-16_23-07-20.txt,329,331,0,0,[]
destination-repeat,columnarFixedPoolPipelinedAppender,10000000,8192,3,measurement,4,gc/destination-repeat-83572-2026-09-16_23-07-20.txt,367,369,0,0,[]
destination-repeat,columnarFixedPoolPipelinedAppender,10000000,8192,3,measurement,5,gc/destination-repeat-83572-2026-09-16_23-07-20.txt,405,407,0,0,[]
destination-repeat,columnarFixedPoolPipelinedAppender,10000000,8192,3,measurement,6,gc/destination-repeat-83572-2026-09-16_23-07-20.txt,443,445,0,0,[]
destination-repeat,columnarFixedPoolPipelinedAppender,10000000,8192,3,measurement,7,gc/destination-repeat-83572-2026-09-16_23-07-20.txt,481,483,0,0,[]
destination-repeat,columnarFixedPoolPipelinedAppender,10000000,8192,3,measurement,8,gc/destination-repeat-83572-2026-09-16_23-07-20.txt,519,521,0,0,[]
destination-repeat,columnarFixedPoolPipelinedAppender,10000000,8192,3,measurement,9,gc/destination-repeat-83572-2026-09-16_23-07-20.txt,557,559,0,0,[]
destination-repeat,columnarFixedPoolPipelinedAppender,10000000,8192,3,measurement,10,gc/destination-repeat-83572-2026-09-16_23-07-20.txt,595,602,0,0,[]
destination-repeat,columnarFixedPoolPipelinedAppender,10000000,1000000,1,warmup,1,gc/destination-repeat-83605-2026-09-16_23-07-30.txt,63,65,0,0,[]
destination-repeat,columnarFixedPoolPipelinedAppender,10000000,1000000,1,warmup,2,gc/destination-repeat-83605-2026-09-16_23-07-30.txt,101,103,0,0,[]
destination-repeat,columnarFixedPoolPipelinedAppender,10000000,1000000,1,warmup,3,gc/destination-repeat-83605-2026-09-16_23-07-30.txt,139,141,0,0,[]
destination-repeat,columnarFixedPoolPipelinedAppender,10000000,1000000,1,warmup,4,gc/destination-repeat-83605-2026-09-16_23-07-30.txt,177,179,0,0,[]
destination-repeat,columnarFixedPoolPipelinedAppender,10000000,1000000,1,warmup,5,gc/destination-repeat-83605-2026-09-16_23-07-30.txt,215,217,0,0,[]
destination-repeat,columnarFixedPoolPipelinedAppender,10000000,1000000,1,measurement,1,gc/destination-repeat-83605-2026-09-16_23-07-30.txt,253,255,0,0,[]
destination-repeat,columnarFixedPoolPipelinedAppender,10000000,1000000,1,measurement,2,gc/destination-repeat-83605-2026-09-16_23-07-30.txt,291,293,0,0,[]
destination-repeat,columnarFixedPoolPipelinedAppender,10000000,1000000,1,measurement,3,gc/destination-repeat-83605-2026-09-16_23-07-30.txt,329,331,0,0,[]
destination-repeat,columnarFixedPoolPipelinedAppender,10000000,1000000,1,measurement,4,gc/destination-repeat-83605-2026-09-16_23-07-30.txt,367,369,0,0,[]
destination-repeat,columnarFixedPoolPipelinedAppender,10000000,1000000,1,measurement,5,gc/destination-repeat-83605-2026-09-16_23-07-30.txt,405,407,0,0,[]
destination-repeat,columnarFixedPoolPipelinedAppender,10000000,1000000,1,measurement,6,gc/destination-repeat-83605-2026-09-16_23-07-30.txt,443,445,0,0,[]
destination-repeat,columnarFixedPoolPipelinedAppender,10000000,1000000,1,measurement,7,gc/destination-repeat-83605-2026-09-16_23-07-30.txt,481,483,0,0,[]
destination-repeat,columnarFixedPoolPipelinedAppender,10000000,1000000,1,measurement,8,gc/destination-repeat-83605-2026-09-16_23-07-30.txt,519,521,0,0,[]
destination-repeat,columnarFixedPoolPipelinedAppender,10000000,1000000,1,measurement,9,gc/destination-repeat-83605-2026-09-16_23-07-30.txt,557,559,0,0,[]
destination-repeat,columnarFixedPoolPipelinedAppender,10000000,1000000,1,measurement,10,gc/destination-repeat-83605-2026-09-16_23-07-30.txt,595,602,0,0,[]
destination-repeat,columnarFixedPoolPipelinedAppender,10000000,1000000,2,warmup,1,gc/destination-repeat-83638-2026-09-16_23-07-41.txt,63,65,0,0,[]
destination-repeat,columnarFixedPoolPipelinedAppender,10000000,1000000,2,warmup,2,gc/destination-repeat-83638-2026-09-16_23-07-41.txt,101,103,0,0,[]
destination-repeat,columnarFixedPoolPipelinedAppender,10000000,1000000,2,warmup,3,gc/destination-repeat-83638-2026-09-16_23-07-41.txt,139,141,0,0,[]
destination-repeat,columnarFixedPoolPipelinedAppender,10000000,1000000,2,warmup,4,gc/destination-repeat-83638-2026-09-16_23-07-41.txt,177,179,0,0,[]
destination-repeat,columnarFixedPoolPipelinedAppender,10000000,1000000,2,warmup,5,gc/destination-repeat-83638-2026-09-16_23-07-41.txt,215,217,0,0,[]
destination-repeat,columnarFixedPoolPipelinedAppender,10000000,1000000,2,measurement,1,gc/destination-repeat-83638-2026-09-16_23-07-41.txt,253,255,0,0,[]
destination-repeat,columnarFixedPoolPipelinedAppender,10000000,1000000,2,measurement,2,gc/destination-repeat-83638-2026-09-16_23-07-41.txt,291,293,0,0,[]
destination-repeat,columnarFixedPoolPipelinedAppender,10000000,1000000,2,measurement,3,gc/destination-repeat-83638-2026-09-16_23-07-41.txt,329,331,0,0,[]
destination-repeat,columnarFixedPoolPipelinedAppender,10000000,1000000,2,measurement,4,gc/destination-repeat-83638-2026-09-16_23-07-41.txt,367,369,0,0,[]
destination-repeat,columnarFixedPoolPipelinedAppender,10000000,1000000,2,measurement,5,gc/destination-repeat-83638-2026-09-16_23-07-41.txt,405,407,0,0,[]
destination-repeat,columnarFixedPoolPipelinedAppender,10000000,1000000,2,measurement,6,gc/destination-repeat-83638-2026-09-16_23-07-41.txt,443,445,0,0,[]
destination-repeat,columnarFixedPoolPipelinedAppender,10000000,1000000,2,measurement,7,gc/destination-repeat-83638-2026-09-16_23-07-41.txt,481,483,0,0,[]
destination-repeat,columnarFixedPoolPipelinedAppender,10000000,1000000,2,measurement,8,gc/destination-repeat-83638-2026-09-16_23-07-41.txt,519,521,0,0,[]
destination-repeat,columnarFixedPoolPipelinedAppender,10000000,1000000,2,measurement,9,gc/destination-repeat-83638-2026-09-16_23-07-41.txt,557,559,0,0,[]
destination-repeat,columnarFixedPoolPipelinedAppender,10000000,1000000,2,measurement,10,gc/destination-repeat-83638-2026-09-16_23-07-41.txt,595,602,0,0,[]
destination-repeat,columnarFixedPoolPipelinedAppender,10000000,1000000,3,warmup,1,gc/destination-repeat-83693-2026-09-16_23-07-51.txt,63,65,0,0,[]
destination-repeat,columnarFixedPoolPipelinedAppender,10000000,1000000,3,warmup,2,gc/destination-repeat-83693-2026-09-16_23-07-51.txt,101,103,0,0,[]
destination-repeat,columnarFixedPoolPipelinedAppender,10000000,1000000,3,warmup,3,gc/destination-repeat-83693-2026-09-16_23-07-51.txt,139,141,0,0,[]
destination-repeat,columnarFixedPoolPipelinedAppender,10000000,1000000,3,warmup,4,gc/destination-repeat-83693-2026-09-16_23-07-51.txt,177,179,0,0,[]
destination-repeat,columnarFixedPoolPipelinedAppender,10000000,1000000,3,warmup,5,gc/destination-repeat-83693-2026-09-16_23-07-51.txt,215,217,0,0,[]
destination-repeat,columnarFixedPoolPipelinedAppender,10000000,1000000,3,measurement,1,gc/destination-repeat-83693-2026-09-16_23-07-51.txt,253,255,0,0,[]
destination-repeat,columnarFixedPoolPipelinedAppender,10000000,1000000,3,measurement,2,gc/destination-repeat-83693-2026-09-16_23-07-51.txt,291,293,0,0,[]
destination-repeat,columnarFixedPoolPipelinedAppender,10000000,1000000,3,measurement,3,gc/destination-repeat-83693-2026-09-16_23-07-51.txt,329,331,0,0,[]
destination-repeat,columnarFixedPoolPipelinedAppender,10000000,1000000,3,measurement,4,gc/destination-repeat-83693-2026-09-16_23-07-51.txt,367,369,0,0,[]
destination-repeat,columnarFixedPoolPipelinedAppender,10000000,1000000,3,measurement,5,gc/destination-repeat-83693-2026-09-16_23-07-51.txt,405,407,0,0,[]
destination-repeat,columnarFixedPoolPipelinedAppender,10000000,1000000,3,measurement,6,gc/destination-repeat-83693-2026-09-16_23-07-51.txt,443,445,0,0,[]
destination-repeat,columnarFixedPoolPipelinedAppender,10000000,1000000,3,measurement,7,gc/destination-repeat-83693-2026-09-16_23-07-51.txt,481,483,0,0,[]
destination-repeat,columnarFixedPoolPipelinedAppender,10000000,1000000,3,measurement,8,gc/destination-repeat-83693-2026-09-16_23-07-51.txt,519,521,0,0,[]
destination-repeat,columnarFixedPoolPipelinedAppender,10000000,1000000,3,measurement,9,gc/destination-repeat-83693-2026-09-16_23-07-51.txt,557,559,0,0,[]
destination-repeat,columnarFixedPoolPipelinedAppender,10000000,1000000,3,measurement,10,gc/destination-repeat-83693-2026-09-16_23-07-51.txt,595,602,0,0,[]
destination-repeat,columnarSequentialRangedBatches,10000000,8192,1,warmup,1,gc/destination-repeat-83799-2026-09-16_23-08-02.txt,63,65,0,0,[]
destination-repeat,columnarSequentialRangedBatches,10000000,8192,1,warmup,2,gc/destination-repeat-83799-2026-09-16_23-08-02.txt,101,103,0,0,[]
destination-repeat,columnarSequentialRangedBatches,10000000,8192,1,warmup,3,gc/destination-repeat-83799-2026-09-16_23-08-02.txt,139,141,0,0,[]
destination-repeat,columnarSequentialRangedBatches,10000000,8192,1,warmup,4,gc/destination-repeat-83799-2026-09-16_23-08-02.txt,177,179,0,0,[]
destination-repeat,columnarSequentialRangedBatches,10000000,8192,1,warmup,5,gc/destination-repeat-83799-2026-09-16_23-08-02.txt,215,217,0,0,[]
destination-repeat,columnarSequentialRangedBatches,10000000,8192,1,measurement,1,gc/destination-repeat-83799-2026-09-16_23-08-02.txt,253,255,0,0,[]
destination-repeat,columnarSequentialRangedBatches,10000000,8192,1,measurement,2,gc/destination-repeat-83799-2026-09-16_23-08-02.txt,291,293,0,0,[]
destination-repeat,columnarSequentialRangedBatches,10000000,8192,1,measurement,3,gc/destination-repeat-83799-2026-09-16_23-08-02.txt,329,331,0,0,[]
destination-repeat,columnarSequentialRangedBatches,10000000,8192,1,measurement,4,gc/destination-repeat-83799-2026-09-16_23-08-02.txt,367,369,0,0,[]
destination-repeat,columnarSequentialRangedBatches,10000000,8192,1,measurement,5,gc/destination-repeat-83799-2026-09-16_23-08-02.txt,405,407,0,0,[]
destination-repeat,columnarSequentialRangedBatches,10000000,8192,1,measurement,6,gc/destination-repeat-83799-2026-09-16_23-08-02.txt,443,445,0,0,[]
destination-repeat,columnarSequentialRangedBatches,10000000,8192,1,measurement,7,gc/destination-repeat-83799-2026-09-16_23-08-02.txt,481,483,0,0,[]
destination-repeat,columnarSequentialRangedBatches,10000000,8192,1,measurement,8,gc/destination-repeat-83799-2026-09-16_23-08-02.txt,519,521,0,0,[]
destination-repeat,columnarSequentialRangedBatches,10000000,8192,1,measurement,9,gc/destination-repeat-83799-2026-09-16_23-08-02.txt,557,559,0,0,[]
destination-repeat,columnarSequentialRangedBatches,10000000,8192,1,measurement,10,gc/destination-repeat-83799-2026-09-16_23-08-02.txt,595,602,0,0,[]
destination-repeat,columnarSequentialRangedBatches,10000000,8192,2,warmup,1,gc/destination-repeat-83827-2026-09-16_23-08-13.txt,63,65,0,0,[]
destination-repeat,columnarSequentialRangedBatches,10000000,8192,2,warmup,2,gc/destination-repeat-83827-2026-09-16_23-08-13.txt,101,103,0,0,[]
destination-repeat,columnarSequentialRangedBatches,10000000,8192,2,warmup,3,gc/destination-repeat-83827-2026-09-16_23-08-13.txt,139,141,0,0,[]
destination-repeat,columnarSequentialRangedBatches,10000000,8192,2,warmup,4,gc/destination-repeat-83827-2026-09-16_23-08-13.txt,177,179,0,0,[]
destination-repeat,columnarSequentialRangedBatches,10000000,8192,2,warmup,5,gc/destination-repeat-83827-2026-09-16_23-08-13.txt,215,217,0,0,[]
destination-repeat,columnarSequentialRangedBatches,10000000,8192,2,measurement,1,gc/destination-repeat-83827-2026-09-16_23-08-13.txt,253,255,0,0,[]
destination-repeat,columnarSequentialRangedBatches,10000000,8192,2,measurement,2,gc/destination-repeat-83827-2026-09-16_23-08-13.txt,291,293,0,0,[]
destination-repeat,columnarSequentialRangedBatches,10000000,8192,2,measurement,3,gc/destination-repeat-83827-2026-09-16_23-08-13.txt,329,331,0,0,[]
destination-repeat,columnarSequentialRangedBatches,10000000,8192,2,measurement,4,gc/destination-repeat-83827-2026-09-16_23-08-13.txt,367,369,0,0,[]
destination-repeat,columnarSequentialRangedBatches,10000000,8192,2,measurement,5,gc/destination-repeat-83827-2026-09-16_23-08-13.txt,405,407,0,0,[]
destination-repeat,columnarSequentialRangedBatches,10000000,8192,2,measurement,6,gc/destination-repeat-83827-2026-09-16_23-08-13.txt,443,445,0,0,[]
destination-repeat,columnarSequentialRangedBatches,10000000,8192,2,measurement,7,gc/destination-repeat-83827-2026-09-16_23-08-13.txt,481,483,0,0,[]
destination-repeat,columnarSequentialRangedBatches,10000000,8192,2,measurement,8,gc/destination-repeat-83827-2026-09-16_23-08-13.txt,519,521,0,0,[]
destination-repeat,columnarSequentialRangedBatches,10000000,8192,2,measurement,9,gc/destination-repeat-83827-2026-09-16_23-08-13.txt,557,559,0,0,[]
destination-repeat,columnarSequentialRangedBatches,10000000,8192,2,measurement,10,gc/destination-repeat-83827-2026-09-16_23-08-13.txt,595,602,0,0,[]
destination-repeat,columnarSequentialRangedBatches,10000000,8192,3,warmup,1,gc/destination-repeat-83860-2026-09-16_23-08-24.txt,63,65,0,0,[]
destination-repeat,columnarSequentialRangedBatches,10000000,8192,3,warmup,2,gc/destination-repeat-83860-2026-09-16_23-08-24.txt,101,103,0,0,[]
destination-repeat,columnarSequentialRangedBatches,10000000,8192,3,warmup,3,gc/destination-repeat-83860-2026-09-16_23-08-24.txt,139,141,0,0,[]
destination-repeat,columnarSequentialRangedBatches,10000000,8192,3,warmup,4,gc/destination-repeat-83860-2026-09-16_23-08-24.txt,177,179,0,0,[]
destination-repeat,columnarSequentialRangedBatches,10000000,8192,3,warmup,5,gc/destination-repeat-83860-2026-09-16_23-08-24.txt,215,217,0,0,[]
destination-repeat,columnarSequentialRangedBatches,10000000,8192,3,measurement,1,gc/destination-repeat-83860-2026-09-16_23-08-24.txt,253,255,0,0,[]
destination-repeat,columnarSequentialRangedBatches,10000000,8192,3,measurement,2,gc/destination-repeat-83860-2026-09-16_23-08-24.txt,291,293,0,0,[]
destination-repeat,columnarSequentialRangedBatches,10000000,8192,3,measurement,3,gc/destination-repeat-83860-2026-09-16_23-08-24.txt,329,331,0,0,[]
destination-repeat,columnarSequentialRangedBatches,10000000,8192,3,measurement,4,gc/destination-repeat-83860-2026-09-16_23-08-24.txt,367,369,0,0,[]
destination-repeat,columnarSequentialRangedBatches,10000000,8192,3,measurement,5,gc/destination-repeat-83860-2026-09-16_23-08-24.txt,405,407,0,0,[]
destination-repeat,columnarSequentialRangedBatches,10000000,8192,3,measurement,6,gc/destination-repeat-83860-2026-09-16_23-08-24.txt,443,445,0,0,[]
destination-repeat,columnarSequentialRangedBatches,10000000,8192,3,measurement,7,gc/destination-repeat-83860-2026-09-16_23-08-24.txt,481,483,0,0,[]
destination-repeat,columnarSequentialRangedBatches,10000000,8192,3,measurement,8,gc/destination-repeat-83860-2026-09-16_23-08-24.txt,519,521,0,0,[]
destination-repeat,columnarSequentialRangedBatches,10000000,8192,3,measurement,9,gc/destination-repeat-83860-2026-09-16_23-08-24.txt,557,559,0,0,[]
destination-repeat,columnarSequentialRangedBatches,10000000,8192,3,measurement,10,gc/destination-repeat-83860-2026-09-16_23-08-24.txt,595,602,0,0,[]
destination-repeat,columnarSequentialRangedBatches,10000000,1000000,1,warmup,1,gc/destination-repeat-83890-2026-09-16_23-08-35.txt,63,65,0,0,[]
destination-repeat,columnarSequentialRangedBatches,10000000,1000000,1,warmup,2,gc/destination-repeat-83890-2026-09-16_23-08-35.txt,101,103,0,0,[]
destination-repeat,columnarSequentialRangedBatches,10000000,1000000,1,warmup,3,gc/destination-repeat-83890-2026-09-16_23-08-35.txt,139,141,0,0,[]
destination-repeat,columnarSequentialRangedBatches,10000000,1000000,1,warmup,4,gc/destination-repeat-83890-2026-09-16_23-08-35.txt,177,179,0,0,[]
destination-repeat,columnarSequentialRangedBatches,10000000,1000000,1,warmup,5,gc/destination-repeat-83890-2026-09-16_23-08-35.txt,215,217,0,0,[]
destination-repeat,columnarSequentialRangedBatches,10000000,1000000,1,measurement,1,gc/destination-repeat-83890-2026-09-16_23-08-35.txt,253,255,0,0,[]
destination-repeat,columnarSequentialRangedBatches,10000000,1000000,1,measurement,2,gc/destination-repeat-83890-2026-09-16_23-08-35.txt,291,293,0,0,[]
destination-repeat,columnarSequentialRangedBatches,10000000,1000000,1,measurement,3,gc/destination-repeat-83890-2026-09-16_23-08-35.txt,329,331,0,0,[]
destination-repeat,columnarSequentialRangedBatches,10000000,1000000,1,measurement,4,gc/destination-repeat-83890-2026-09-16_23-08-35.txt,367,369,0,0,[]
destination-repeat,columnarSequentialRangedBatches,10000000,1000000,1,measurement,5,gc/destination-repeat-83890-2026-09-16_23-08-35.txt,405,407,0,0,[]
destination-repeat,columnarSequentialRangedBatches,10000000,1000000,1,measurement,6,gc/destination-repeat-83890-2026-09-16_23-08-35.txt,443,445,0,0,[]
destination-repeat,columnarSequentialRangedBatches,10000000,1000000,1,measurement,7,gc/destination-repeat-83890-2026-09-16_23-08-35.txt,481,483,0,0,[]
destination-repeat,columnarSequentialRangedBatches,10000000,1000000,1,measurement,8,gc/destination-repeat-83890-2026-09-16_23-08-35.txt,519,521,0,0,[]
destination-repeat,columnarSequentialRangedBatches,10000000,1000000,1,measurement,9,gc/destination-repeat-83890-2026-09-16_23-08-35.txt,557,559,0,0,[]
destination-repeat,columnarSequentialRangedBatches,10000000,1000000,1,measurement,10,gc/destination-repeat-83890-2026-09-16_23-08-35.txt,595,602,0,0,[]
destination-repeat,columnarSequentialRangedBatches,10000000,1000000,2,warmup,1,gc/destination-repeat-83920-2026-09-16_23-08-46.txt,63,65,0,0,[]
destination-repeat,columnarSequentialRangedBatches,10000000,1000000,2,warmup,2,gc/destination-repeat-83920-2026-09-16_23-08-46.txt,101,103,0,0,[]
destination-repeat,columnarSequentialRangedBatches,10000000,1000000,2,warmup,3,gc/destination-repeat-83920-2026-09-16_23-08-46.txt,139,141,0,0,[]
destination-repeat,columnarSequentialRangedBatches,10000000,1000000,2,warmup,4,gc/destination-repeat-83920-2026-09-16_23-08-46.txt,177,179,0,0,[]
destination-repeat,columnarSequentialRangedBatches,10000000,1000000,2,warmup,5,gc/destination-repeat-83920-2026-09-16_23-08-46.txt,215,217,0,0,[]
destination-repeat,columnarSequentialRangedBatches,10000000,1000000,2,measurement,1,gc/destination-repeat-83920-2026-09-16_23-08-46.txt,253,255,0,0,[]
destination-repeat,columnarSequentialRangedBatches,10000000,1000000,2,measurement,2,gc/destination-repeat-83920-2026-09-16_23-08-46.txt,291,293,0,0,[]
destination-repeat,columnarSequentialRangedBatches,10000000,1000000,2,measurement,3,gc/destination-repeat-83920-2026-09-16_23-08-46.txt,329,331,0,0,[]
destination-repeat,columnarSequentialRangedBatches,10000000,1000000,2,measurement,4,gc/destination-repeat-83920-2026-09-16_23-08-46.txt,367,369,0,0,[]
destination-repeat,columnarSequentialRangedBatches,10000000,1000000,2,measurement,5,gc/destination-repeat-83920-2026-09-16_23-08-46.txt,405,407,0,0,[]
destination-repeat,columnarSequentialRangedBatches,10000000,1000000,2,measurement,6,gc/destination-repeat-83920-2026-09-16_23-08-46.txt,443,445,0,0,[]
destination-repeat,columnarSequentialRangedBatches,10000000,1000000,2,measurement,7,gc/destination-repeat-83920-2026-09-16_23-08-46.txt,481,483,0,0,[]
destination-repeat,columnarSequentialRangedBatches,10000000,1000000,2,measurement,8,gc/destination-repeat-83920-2026-09-16_23-08-46.txt,519,521,0,0,[]
destination-repeat,columnarSequentialRangedBatches,10000000,1000000,2,measurement,9,gc/destination-repeat-83920-2026-09-16_23-08-46.txt,557,559,0,0,[]
destination-repeat,columnarSequentialRangedBatches,10000000,1000000,2,measurement,10,gc/destination-repeat-83920-2026-09-16_23-08-46.txt,595,602,0,0,[]
destination-repeat,columnarSequentialRangedBatches,10000000,1000000,3,warmup,1,gc/destination-repeat-84010-2026-09-16_23-08-57.txt,63,65,0,0,[]
destination-repeat,columnarSequentialRangedBatches,10000000,1000000,3,warmup,2,gc/destination-repeat-84010-2026-09-16_23-08-57.txt,101,103,0,0,[]
destination-repeat,columnarSequentialRangedBatches,10000000,1000000,3,warmup,3,gc/destination-repeat-84010-2026-09-16_23-08-57.txt,139,141,0,0,[]
destination-repeat,columnarSequentialRangedBatches,10000000,1000000,3,warmup,4,gc/destination-repeat-84010-2026-09-16_23-08-57.txt,177,179,0,0,[]
destination-repeat,columnarSequentialRangedBatches,10000000,1000000,3,warmup,5,gc/destination-repeat-84010-2026-09-16_23-08-57.txt,215,217,0,0,[]
destination-repeat,columnarSequentialRangedBatches,10000000,1000000,3,measurement,1,gc/destination-repeat-84010-2026-09-16_23-08-57.txt,253,255,0,0,[]
destination-repeat,columnarSequentialRangedBatches,10000000,1000000,3,measurement,2,gc/destination-repeat-84010-2026-09-16_23-08-57.txt,291,293,0,0,[]
destination-repeat,columnarSequentialRangedBatches,10000000,1000000,3,measurement,3,gc/destination-repeat-84010-2026-09-16_23-08-57.txt,329,331,0,0,[]
destination-repeat,columnarSequentialRangedBatches,10000000,1000000,3,measurement,4,gc/destination-repeat-84010-2026-09-16_23-08-57.txt,367,369,0,0,[]
destination-repeat,columnarSequentialRangedBatches,10000000,1000000,3,measurement,5,gc/destination-repeat-84010-2026-09-16_23-08-57.txt,405,407,0,0,[]
destination-repeat,columnarSequentialRangedBatches,10000000,1000000,3,measurement,6,gc/destination-repeat-84010-2026-09-16_23-08-57.txt,443,445,0,0,[]
destination-repeat,columnarSequentialRangedBatches,10000000,1000000,3,measurement,7,gc/destination-repeat-84010-2026-09-16_23-08-57.txt,481,483,0,0,[]
destination-repeat,columnarSequentialRangedBatches,10000000,1000000,3,measurement,8,gc/destination-repeat-84010-2026-09-16_23-08-57.txt,519,521,0,0,[]
destination-repeat,columnarSequentialRangedBatches,10000000,1000000,3,measurement,9,gc/destination-repeat-84010-2026-09-16_23-08-57.txt,557,559,0,0,[]
destination-repeat,columnarSequentialRangedBatches,10000000,1000000,3,measurement,10,gc/destination-repeat-84010-2026-09-16_23-08-57.txt,595,602,0,0,[]
destination-repeat,columnarSingleThreadedAppender,10000000,8192,1,warmup,1,gc/destination-repeat-84054-2026-09-16_23-09-08.txt,63,65,0,0,[]
destination-repeat,columnarSingleThreadedAppender,10000000,8192,1,warmup,2,gc/destination-repeat-84054-2026-09-16_23-09-08.txt,101,103,0,0,[]
destination-repeat,columnarSingleThreadedAppender,10000000,8192,1,warmup,3,gc/destination-repeat-84054-2026-09-16_23-09-08.txt,139,141,0,0,[]
destination-repeat,columnarSingleThreadedAppender,10000000,8192,1,warmup,4,gc/destination-repeat-84054-2026-09-16_23-09-08.txt,177,179,0,0,[]
destination-repeat,columnarSingleThreadedAppender,10000000,8192,1,warmup,5,gc/destination-repeat-84054-2026-09-16_23-09-08.txt,215,217,0,0,[]
destination-repeat,columnarSingleThreadedAppender,10000000,8192,1,measurement,1,gc/destination-repeat-84054-2026-09-16_23-09-08.txt,253,255,0,0,[]
destination-repeat,columnarSingleThreadedAppender,10000000,8192,1,measurement,2,gc/destination-repeat-84054-2026-09-16_23-09-08.txt,291,293,0,0,[]
destination-repeat,columnarSingleThreadedAppender,10000000,8192,1,measurement,3,gc/destination-repeat-84054-2026-09-16_23-09-08.txt,329,331,0,0,[]
destination-repeat,columnarSingleThreadedAppender,10000000,8192,1,measurement,4,gc/destination-repeat-84054-2026-09-16_23-09-08.txt,367,369,0,0,[]
destination-repeat,columnarSingleThreadedAppender,10000000,8192,1,measurement,5,gc/destination-repeat-84054-2026-09-16_23-09-08.txt,405,407,0,0,[]
destination-repeat,columnarSingleThreadedAppender,10000000,8192,1,measurement,6,gc/destination-repeat-84054-2026-09-16_23-09-08.txt,443,445,0,0,[]
destination-repeat,columnarSingleThreadedAppender,10000000,8192,1,measurement,7,gc/destination-repeat-84054-2026-09-16_23-09-08.txt,481,483,0,0,[]
destination-repeat,columnarSingleThreadedAppender,10000000,8192,1,measurement,8,gc/destination-repeat-84054-2026-09-16_23-09-08.txt,519,521,0,0,[]
destination-repeat,columnarSingleThreadedAppender,10000000,8192,1,measurement,9,gc/destination-repeat-84054-2026-09-16_23-09-08.txt,557,559,0,0,[]
destination-repeat,columnarSingleThreadedAppender,10000000,8192,1,measurement,10,gc/destination-repeat-84054-2026-09-16_23-09-08.txt,595,602,0,0,[]
destination-repeat,columnarSingleThreadedAppender,10000000,8192,2,warmup,1,gc/destination-repeat-84083-2026-09-16_23-09-19.txt,63,65,0,0,[]
destination-repeat,columnarSingleThreadedAppender,10000000,8192,2,warmup,2,gc/destination-repeat-84083-2026-09-16_23-09-19.txt,101,103,0,0,[]
destination-repeat,columnarSingleThreadedAppender,10000000,8192,2,warmup,3,gc/destination-repeat-84083-2026-09-16_23-09-19.txt,139,141,0,0,[]
destination-repeat,columnarSingleThreadedAppender,10000000,8192,2,warmup,4,gc/destination-repeat-84083-2026-09-16_23-09-19.txt,177,179,0,0,[]
destination-repeat,columnarSingleThreadedAppender,10000000,8192,2,warmup,5,gc/destination-repeat-84083-2026-09-16_23-09-19.txt,215,217,0,0,[]
destination-repeat,columnarSingleThreadedAppender,10000000,8192,2,measurement,1,gc/destination-repeat-84083-2026-09-16_23-09-19.txt,253,255,0,0,[]
destination-repeat,columnarSingleThreadedAppender,10000000,8192,2,measurement,2,gc/destination-repeat-84083-2026-09-16_23-09-19.txt,291,293,0,0,[]
destination-repeat,columnarSingleThreadedAppender,10000000,8192,2,measurement,3,gc/destination-repeat-84083-2026-09-16_23-09-19.txt,329,331,0,0,[]
destination-repeat,columnarSingleThreadedAppender,10000000,8192,2,measurement,4,gc/destination-repeat-84083-2026-09-16_23-09-19.txt,367,369,0,0,[]
destination-repeat,columnarSingleThreadedAppender,10000000,8192,2,measurement,5,gc/destination-repeat-84083-2026-09-16_23-09-19.txt,405,407,0,0,[]
destination-repeat,columnarSingleThreadedAppender,10000000,8192,2,measurement,6,gc/destination-repeat-84083-2026-09-16_23-09-19.txt,443,445,0,0,[]
destination-repeat,columnarSingleThreadedAppender,10000000,8192,2,measurement,7,gc/destination-repeat-84083-2026-09-16_23-09-19.txt,481,483,0,0,[]
destination-repeat,columnarSingleThreadedAppender,10000000,8192,2,measurement,8,gc/destination-repeat-84083-2026-09-16_23-09-19.txt,519,521,0,0,[]
destination-repeat,columnarSingleThreadedAppender,10000000,8192,2,measurement,9,gc/destination-repeat-84083-2026-09-16_23-09-19.txt,557,559,0,0,[]
destination-repeat,columnarSingleThreadedAppender,10000000,8192,2,measurement,10,gc/destination-repeat-84083-2026-09-16_23-09-19.txt,595,602,0,0,[]
destination-repeat,columnarSingleThreadedAppender,10000000,8192,3,warmup,1,gc/destination-repeat-84110-2026-09-16_23-09-30.txt,63,65,0,0,[]
destination-repeat,columnarSingleThreadedAppender,10000000,8192,3,warmup,2,gc/destination-repeat-84110-2026-09-16_23-09-30.txt,101,103,0,0,[]
destination-repeat,columnarSingleThreadedAppender,10000000,8192,3,warmup,3,gc/destination-repeat-84110-2026-09-16_23-09-30.txt,139,141,0,0,[]
destination-repeat,columnarSingleThreadedAppender,10000000,8192,3,warmup,4,gc/destination-repeat-84110-2026-09-16_23-09-30.txt,177,179,0,0,[]
destination-repeat,columnarSingleThreadedAppender,10000000,8192,3,warmup,5,gc/destination-repeat-84110-2026-09-16_23-09-30.txt,215,217,0,0,[]
destination-repeat,columnarSingleThreadedAppender,10000000,8192,3,measurement,1,gc/destination-repeat-84110-2026-09-16_23-09-30.txt,253,255,0,0,[]
destination-repeat,columnarSingleThreadedAppender,10000000,8192,3,measurement,2,gc/destination-repeat-84110-2026-09-16_23-09-30.txt,291,293,0,0,[]
destination-repeat,columnarSingleThreadedAppender,10000000,8192,3,measurement,3,gc/destination-repeat-84110-2026-09-16_23-09-30.txt,329,331,0,0,[]
destination-repeat,columnarSingleThreadedAppender,10000000,8192,3,measurement,4,gc/destination-repeat-84110-2026-09-16_23-09-30.txt,367,369,0,0,[]
destination-repeat,columnarSingleThreadedAppender,10000000,8192,3,measurement,5,gc/destination-repeat-84110-2026-09-16_23-09-30.txt,405,407,0,0,[]
destination-repeat,columnarSingleThreadedAppender,10000000,8192,3,measurement,6,gc/destination-repeat-84110-2026-09-16_23-09-30.txt,443,445,0,0,[]
destination-repeat,columnarSingleThreadedAppender,10000000,8192,3,measurement,7,gc/destination-repeat-84110-2026-09-16_23-09-30.txt,481,483,0,0,[]
destination-repeat,columnarSingleThreadedAppender,10000000,8192,3,measurement,8,gc/destination-repeat-84110-2026-09-16_23-09-30.txt,519,521,0,0,[]
destination-repeat,columnarSingleThreadedAppender,10000000,8192,3,measurement,9,gc/destination-repeat-84110-2026-09-16_23-09-30.txt,557,559,0,0,[]
destination-repeat,columnarSingleThreadedAppender,10000000,8192,3,measurement,10,gc/destination-repeat-84110-2026-09-16_23-09-30.txt,595,602,0,0,[]
destination-repeat,columnarSingleThreadedAppender,10000000,1000000,1,warmup,1,gc/destination-repeat-84147-2026-09-16_23-09-41.txt,63,65,0,0,[]
destination-repeat,columnarSingleThreadedAppender,10000000,1000000,1,warmup,2,gc/destination-repeat-84147-2026-09-16_23-09-41.txt,101,103,0,0,[]
destination-repeat,columnarSingleThreadedAppender,10000000,1000000,1,warmup,3,gc/destination-repeat-84147-2026-09-16_23-09-41.txt,139,141,0,0,[]
destination-repeat,columnarSingleThreadedAppender,10000000,1000000,1,warmup,4,gc/destination-repeat-84147-2026-09-16_23-09-41.txt,177,179,0,0,[]
destination-repeat,columnarSingleThreadedAppender,10000000,1000000,1,warmup,5,gc/destination-repeat-84147-2026-09-16_23-09-41.txt,215,217,0,0,[]
destination-repeat,columnarSingleThreadedAppender,10000000,1000000,1,measurement,1,gc/destination-repeat-84147-2026-09-16_23-09-41.txt,253,255,0,0,[]
destination-repeat,columnarSingleThreadedAppender,10000000,1000000,1,measurement,2,gc/destination-repeat-84147-2026-09-16_23-09-41.txt,291,293,0,0,[]
destination-repeat,columnarSingleThreadedAppender,10000000,1000000,1,measurement,3,gc/destination-repeat-84147-2026-09-16_23-09-41.txt,329,331,0,0,[]
destination-repeat,columnarSingleThreadedAppender,10000000,1000000,1,measurement,4,gc/destination-repeat-84147-2026-09-16_23-09-41.txt,367,369,0,0,[]
destination-repeat,columnarSingleThreadedAppender,10000000,1000000,1,measurement,5,gc/destination-repeat-84147-2026-09-16_23-09-41.txt,405,407,0,0,[]
destination-repeat,columnarSingleThreadedAppender,10000000,1000000,1,measurement,6,gc/destination-repeat-84147-2026-09-16_23-09-41.txt,443,445,0,0,[]
destination-repeat,columnarSingleThreadedAppender,10000000,1000000,1,measurement,7,gc/destination-repeat-84147-2026-09-16_23-09-41.txt,481,483,0,0,[]
destination-repeat,columnarSingleThreadedAppender,10000000,1000000,1,measurement,8,gc/destination-repeat-84147-2026-09-16_23-09-41.txt,519,521,0,0,[]
destination-repeat,columnarSingleThreadedAppender,10000000,1000000,1,measurement,9,gc/destination-repeat-84147-2026-09-16_23-09-41.txt,557,559,0,0,[]
destination-repeat,columnarSingleThreadedAppender,10000000,1000000,1,measurement,10,gc/destination-repeat-84147-2026-09-16_23-09-41.txt,595,602,0,0,[]
destination-repeat,columnarSingleThreadedAppender,10000000,1000000,2,warmup,1,gc/destination-repeat-84174-2026-09-16_23-09-52.txt,63,65,0,0,[]
destination-repeat,columnarSingleThreadedAppender,10000000,1000000,2,warmup,2,gc/destination-repeat-84174-2026-09-16_23-09-52.txt,101,103,0,0,[]
destination-repeat,columnarSingleThreadedAppender,10000000,1000000,2,warmup,3,gc/destination-repeat-84174-2026-09-16_23-09-52.txt,139,141,0,0,[]
destination-repeat,columnarSingleThreadedAppender,10000000,1000000,2,warmup,4,gc/destination-repeat-84174-2026-09-16_23-09-52.txt,177,179,0,0,[]
destination-repeat,columnarSingleThreadedAppender,10000000,1000000,2,warmup,5,gc/destination-repeat-84174-2026-09-16_23-09-52.txt,215,217,0,0,[]
destination-repeat,columnarSingleThreadedAppender,10000000,1000000,2,measurement,1,gc/destination-repeat-84174-2026-09-16_23-09-52.txt,253,255,0,0,[]
destination-repeat,columnarSingleThreadedAppender,10000000,1000000,2,measurement,2,gc/destination-repeat-84174-2026-09-16_23-09-52.txt,291,293,0,0,[]
destination-repeat,columnarSingleThreadedAppender,10000000,1000000,2,measurement,3,gc/destination-repeat-84174-2026-09-16_23-09-52.txt,329,331,0,0,[]
destination-repeat,columnarSingleThreadedAppender,10000000,1000000,2,measurement,4,gc/destination-repeat-84174-2026-09-16_23-09-52.txt,367,369,0,0,[]
destination-repeat,columnarSingleThreadedAppender,10000000,1000000,2,measurement,5,gc/destination-repeat-84174-2026-09-16_23-09-52.txt,405,407,0,0,[]
destination-repeat,columnarSingleThreadedAppender,10000000,1000000,2,measurement,6,gc/destination-repeat-84174-2026-09-16_23-09-52.txt,443,445,0,0,[]
destination-repeat,columnarSingleThreadedAppender,10000000,1000000,2,measurement,7,gc/destination-repeat-84174-2026-09-16_23-09-52.txt,481,483,0,0,[]
destination-repeat,columnarSingleThreadedAppender,10000000,1000000,2,measurement,8,gc/destination-repeat-84174-2026-09-16_23-09-52.txt,519,521,0,0,[]
destination-repeat,columnarSingleThreadedAppender,10000000,1000000,2,measurement,9,gc/destination-repeat-84174-2026-09-16_23-09-52.txt,557,559,0,0,[]
destination-repeat,columnarSingleThreadedAppender,10000000,1000000,2,measurement,10,gc/destination-repeat-84174-2026-09-16_23-09-52.txt,595,602,0,0,[]
destination-repeat,columnarSingleThreadedAppender,10000000,1000000,3,warmup,1,gc/destination-repeat-84253-2026-09-16_23-10-03.txt,63,65,0,0,[]
destination-repeat,columnarSingleThreadedAppender,10000000,1000000,3,warmup,2,gc/destination-repeat-84253-2026-09-16_23-10-03.txt,101,103,0,0,[]
destination-repeat,columnarSingleThreadedAppender,10000000,1000000,3,warmup,3,gc/destination-repeat-84253-2026-09-16_23-10-03.txt,139,141,0,0,[]
destination-repeat,columnarSingleThreadedAppender,10000000,1000000,3,warmup,4,gc/destination-repeat-84253-2026-09-16_23-10-03.txt,177,179,0,0,[]
destination-repeat,columnarSingleThreadedAppender,10000000,1000000,3,warmup,5,gc/destination-repeat-84253-2026-09-16_23-10-03.txt,215,217,0,0,[]
destination-repeat,columnarSingleThreadedAppender,10000000,1000000,3,measurement,1,gc/destination-repeat-84253-2026-09-16_23-10-03.txt,253,255,0,0,[]
destination-repeat,columnarSingleThreadedAppender,10000000,1000000,3,measurement,2,gc/destination-repeat-84253-2026-09-16_23-10-03.txt,291,293,0,0,[]
destination-repeat,columnarSingleThreadedAppender,10000000,1000000,3,measurement,3,gc/destination-repeat-84253-2026-09-16_23-10-03.txt,329,331,0,0,[]
destination-repeat,columnarSingleThreadedAppender,10000000,1000000,3,measurement,4,gc/destination-repeat-84253-2026-09-16_23-10-03.txt,367,369,0,0,[]
destination-repeat,columnarSingleThreadedAppender,10000000,1000000,3,measurement,5,gc/destination-repeat-84253-2026-09-16_23-10-03.txt,405,407,0,0,[]
destination-repeat,columnarSingleThreadedAppender,10000000,1000000,3,measurement,6,gc/destination-repeat-84253-2026-09-16_23-10-03.txt,443,445,0,0,[]
destination-repeat,columnarSingleThreadedAppender,10000000,1000000,3,measurement,7,gc/destination-repeat-84253-2026-09-16_23-10-03.txt,481,483,0,0,[]
destination-repeat,columnarSingleThreadedAppender,10000000,1000000,3,measurement,8,gc/destination-repeat-84253-2026-09-16_23-10-03.txt,519,521,0,0,[]
destination-repeat,columnarSingleThreadedAppender,10000000,1000000,3,measurement,9,gc/destination-repeat-84253-2026-09-16_23-10-03.txt,557,559,0,0,[]
destination-repeat,columnarSingleThreadedAppender,10000000,1000000,3,measurement,10,gc/destination-repeat-84253-2026-09-16_23-10-03.txt,595,602,0,0,[]
hardwood,hardwoodToArrayList,100000,1000000,1,warmup,1,gc/hardwood-84514-2026-09-16_23-11-15.txt,63,79,1,2.552,"[{""line"":77,""gc_id"":2,""kind"":""Pause Young (Normal) (G1 Evacuation Pause) 387M->190M(4096M)"",""pause_ms"":2.552}]"
hardwood,hardwoodToArrayList,100000,1000000,1,warmup,2,gc/hardwood-84514-2026-09-16_23-11-15.txt,115,117,0,0,[]
hardwood,hardwoodToArrayList,100000,1000000,1,warmup,3,gc/hardwood-84514-2026-09-16_23-11-15.txt,153,155,0,0,[]
hardwood,hardwoodToArrayList,100000,1000000,1,warmup,4,gc/hardwood-84514-2026-09-16_23-11-15.txt,191,193,0,0,[]
hardwood,hardwoodToArrayList,100000,1000000,1,warmup,5,gc/hardwood-84514-2026-09-16_23-11-15.txt,229,231,0,0,[]
hardwood,hardwoodToArrayList,100000,1000000,1,measurement,1,gc/hardwood-84514-2026-09-16_23-11-15.txt,267,269,0,0,[]
hardwood,hardwoodToArrayList,100000,1000000,1,measurement,2,gc/hardwood-84514-2026-09-16_23-11-15.txt,305,307,0,0,[]
hardwood,hardwoodToArrayList,100000,1000000,1,measurement,3,gc/hardwood-84514-2026-09-16_23-11-15.txt,343,345,0,0,[]
hardwood,hardwoodToArrayList,100000,1000000,1,measurement,4,gc/hardwood-84514-2026-09-16_23-11-15.txt,381,383,0,0,[]
hardwood,hardwoodToArrayList,100000,1000000,1,measurement,5,gc/hardwood-84514-2026-09-16_23-11-15.txt,419,421,0,0,[]
hardwood,hardwoodToArrayList,100000,1000000,1,measurement,6,gc/hardwood-84514-2026-09-16_23-11-15.txt,457,459,0,0,[]
hardwood,hardwoodToArrayList,100000,1000000,1,measurement,7,gc/hardwood-84514-2026-09-16_23-11-15.txt,495,497,0,0,[]
hardwood,hardwoodToArrayList,100000,1000000,1,measurement,8,gc/hardwood-84514-2026-09-16_23-11-15.txt,533,535,0,0,[]
hardwood,hardwoodToArrayList,100000,1000000,1,measurement,9,gc/hardwood-84514-2026-09-16_23-11-15.txt,571,573,0,0,[]
hardwood,hardwoodToArrayList,100000,1000000,1,measurement,10,gc/hardwood-84514-2026-09-16_23-11-15.txt,609,616,0,0,[]
hardwood,hardwoodToArrayList,100000,1000000,2,warmup,1,gc/hardwood-84539-2026-09-16_23-11-26.txt,63,79,1,2.23,"[{""line"":77,""gc_id"":2,""kind"":""Pause Young (Normal) (G1 Evacuation Pause) 387M->195M(4096M)"",""pause_ms"":2.23}]"
hardwood,hardwoodToArrayList,100000,1000000,2,warmup,2,gc/hardwood-84539-2026-09-16_23-11-26.txt,115,117,0,0,[]
hardwood,hardwoodToArrayList,100000,1000000,2,warmup,3,gc/hardwood-84539-2026-09-16_23-11-26.txt,153,155,0,0,[]
hardwood,hardwoodToArrayList,100000,1000000,2,warmup,4,gc/hardwood-84539-2026-09-16_23-11-26.txt,191,193,0,0,[]
hardwood,hardwoodToArrayList,100000,1000000,2,warmup,5,gc/hardwood-84539-2026-09-16_23-11-26.txt,229,231,0,0,[]
hardwood,hardwoodToArrayList,100000,1000000,2,measurement,1,gc/hardwood-84539-2026-09-16_23-11-26.txt,267,269,0,0,[]
hardwood,hardwoodToArrayList,100000,1000000,2,measurement,2,gc/hardwood-84539-2026-09-16_23-11-26.txt,305,307,0,0,[]
hardwood,hardwoodToArrayList,100000,1000000,2,measurement,3,gc/hardwood-84539-2026-09-16_23-11-26.txt,343,345,0,0,[]
hardwood,hardwoodToArrayList,100000,1000000,2,measurement,4,gc/hardwood-84539-2026-09-16_23-11-26.txt,381,383,0,0,[]
hardwood,hardwoodToArrayList,100000,1000000,2,measurement,5,gc/hardwood-84539-2026-09-16_23-11-26.txt,419,421,0,0,[]
hardwood,hardwoodToArrayList,100000,1000000,2,measurement,6,gc/hardwood-84539-2026-09-16_23-11-26.txt,457,459,0,0,[]
hardwood,hardwoodToArrayList,100000,1000000,2,measurement,7,gc/hardwood-84539-2026-09-16_23-11-26.txt,495,497,0,0,[]
hardwood,hardwoodToArrayList,100000,1000000,2,measurement,8,gc/hardwood-84539-2026-09-16_23-11-26.txt,533,535,0,0,[]
hardwood,hardwoodToArrayList,100000,1000000,2,measurement,9,gc/hardwood-84539-2026-09-16_23-11-26.txt,571,573,0,0,[]
hardwood,hardwoodToArrayList,100000,1000000,2,measurement,10,gc/hardwood-84539-2026-09-16_23-11-26.txt,609,616,0,0,[]
hardwood,hardwoodToArrayList,100000,1000000,3,warmup,1,gc/hardwood-84570-2026-09-16_23-11-36.txt,63,79,1,1.996,"[{""line"":77,""gc_id"":2,""kind"":""Pause Young (Normal) (G1 Evacuation Pause) 411M->216M(4096M)"",""pause_ms"":1.996}]"
hardwood,hardwoodToArrayList,100000,1000000,3,warmup,2,gc/hardwood-84570-2026-09-16_23-11-36.txt,115,117,0,0,[]
hardwood,hardwoodToArrayList,100000,1000000,3,warmup,3,gc/hardwood-84570-2026-09-16_23-11-36.txt,153,155,0,0,[]
hardwood,hardwoodToArrayList,100000,1000000,3,warmup,4,gc/hardwood-84570-2026-09-16_23-11-36.txt,191,193,0,0,[]
hardwood,hardwoodToArrayList,100000,1000000,3,warmup,5,gc/hardwood-84570-2026-09-16_23-11-36.txt,229,231,0,0,[]
hardwood,hardwoodToArrayList,100000,1000000,3,measurement,1,gc/hardwood-84570-2026-09-16_23-11-36.txt,267,269,0,0,[]
hardwood,hardwoodToArrayList,100000,1000000,3,measurement,2,gc/hardwood-84570-2026-09-16_23-11-36.txt,305,307,0,0,[]
hardwood,hardwoodToArrayList,100000,1000000,3,measurement,3,gc/hardwood-84570-2026-09-16_23-11-36.txt,343,345,0,0,[]
hardwood,hardwoodToArrayList,100000,1000000,3,measurement,4,gc/hardwood-84570-2026-09-16_23-11-36.txt,381,383,0,0,[]
hardwood,hardwoodToArrayList,100000,1000000,3,measurement,5,gc/hardwood-84570-2026-09-16_23-11-36.txt,419,421,0,0,[]
hardwood,hardwoodToArrayList,100000,1000000,3,measurement,6,gc/hardwood-84570-2026-09-16_23-11-36.txt,457,459,0,0,[]
hardwood,hardwoodToArrayList,100000,1000000,3,measurement,7,gc/hardwood-84570-2026-09-16_23-11-36.txt,495,497,0,0,[]
hardwood,hardwoodToArrayList,100000,1000000,3,measurement,8,gc/hardwood-84570-2026-09-16_23-11-36.txt,533,535,0,0,[]
hardwood,hardwoodToArrayList,100000,1000000,3,measurement,9,gc/hardwood-84570-2026-09-16_23-11-36.txt,571,573,0,0,[]
hardwood,hardwoodToArrayList,100000,1000000,3,measurement,10,gc/hardwood-84570-2026-09-16_23-11-36.txt,609,616,0,0,[]
hardwood,hardwoodToArrayList,10000000,1000000,1,warmup,1,gc/hardwood-84600-2026-09-16_23-11-46.txt,63,208,10,343.167,"[{""line"":77,""gc_id"":2,""kind"":""Pause Young (Normal) (G1 Evacuation Pause) 215M->21M(4096M)"",""pause_ms"":1.521},{""line"":91,""gc_id"":3,""kind"":""Pause Young (Normal) (G1 Evacuation Pause) 1161M->72M(4096M)"",""pause_ms"":6.261},{""line"":105,""gc_id"":4,""kind"":""Pause Young (Normal) (G1 Evacuation Pause) 2466M->28M(4096M)"",""pause_ms"":3.211},{""line"":119,""gc_id"":5,""kind"":""Pause Young (Normal) (G1 Evacuation Pause) 2466M->74M(4096M)"",""pause_ms"":10.037},{""line"":133,""gc_id"":6,""kind"":""Pause Young (Normal) (G1 Evacuation Pause) 2466M->51M(4096M)"",""pause_ms"":2.019},{""line"":147,""gc_id"":7,""kind"":""Pause Young (Normal) (G1 Evacuation Pause) 2465M->30M(4096M)"",""pause_ms"":6.192},{""line"":161,""gc_id"":8,""kind"":""Pause Young (Normal) (G1 Evacuation Pause) 2466M->76M(4096M)"",""pause_ms"":3.574},{""line"":176,""gc_id"":9,""kind"":""Pause Young (Normal) (G1 Evacuation Pause) (Evacuation Failure: Allocation) 4076M->2261M(4096M)"",""pause_ms"":236.73},{""line"":192,""gc_id"":10,""kind"":""Pause Young (Concurrent Start) (G1 Humongous Allocation) 2311M->2228M(4096M)"",""pause_ms"":72.521},{""line"":204,""gc_id"":11,""kind"":""Pause Remark 3147M->3081M(4096M)"",""pause_ms"":1.101}]"
hardwood,hardwoodToArrayList,10000000,1000000,1,warmup,2,gc/hardwood-84600-2026-09-16_23-11-46.txt,247,294,3,465.94899999999996,"[{""line"":262,""gc_id"":14,""kind"":""Pause Young (Normal) (G1 Humongous Allocation) (Evacuation Failure: Allocation) 4083M->2317M(4096M)"",""pause_ms"":358.993},{""line"":278,""gc_id"":15,""kind"":""Pause Young (Concurrent Start) (G1 Humongous Allocation) 2397M->2316M(4096M)"",""pause_ms"":105.84},{""line"":290,""gc_id"":16,""kind"":""Pause Remark 3320M->3242M(4096M)"",""pause_ms"":1.116}]"
hardwood,hardwoodToArrayList,10000000,1000000,1,warmup,3,gc/hardwood-84600-2026-09-16_23-11-46.txt,333,372,2,296.191,"[{""line"":348,""gc_id"":19,""kind"":""Pause Young (Normal) (G1 Humongous Allocation) (Evacuation Failure: Allocation) 4078M->2280M(4096M)"",""pause_ms"":224.076},{""line"":364,""gc_id"":20,""kind"":""Pause Young (Concurrent Start) (G1 Humongous Allocation) 2404M->2296M(4096M)"",""pause_ms"":72.115}]"
hardwood,hardwoodToArrayList,10000000,1000000,1,warmup,4,gc/hardwood-84600-2026-09-16_23-11-46.txt,411,451,2,330.571,"[{""line"":426,""gc_id"":24,""kind"":""Pause Young (Normal) (G1 Humongous Allocation) (Evacuation Failure: Allocation) 4080M->2152M(4096M)"",""pause_ms"":247.772},{""line"":443,""gc_id"":25,""kind"":""Pause Young (Concurrent Start) (G1 Humongous Allocation) 2226M->2105M(4096M)"",""pause_ms"":82.799}]"
hardwood,hardwoodToArrayList,10000000,1000000,1,warmup,5,gc/hardwood-84600-2026-09-16_23-11-46.txt,490,529,2,410.019,"[{""line"":505,""gc_id"":29,""kind"":""Pause Young (Normal) (G1 Humongous Allocation) (Evacuation Failure: Allocation) 4079M->2215M(4096M)"",""pause_ms"":296.275},{""line"":521,""gc_id"":30,""kind"":""Pause Young (Concurrent Start) (G1 Humongous Allocation) 2293M->2165M(4096M)"",""pause_ms"":113.744}]"
hardwood,hardwoodToArrayList,10000000,1000000,1,measurement,1,gc/hardwood-84600-2026-09-16_23-11-46.txt,568,607,2,309.699,"[{""line"":583,""gc_id"":34,""kind"":""Pause Young (Normal) (G1 Humongous Allocation) (Evacuation Failure: Allocation) 4081M->2177M(4096M)"",""pause_ms"":221.308},{""line"":599,""gc_id"":35,""kind"":""Pause Young (Concurrent Start) (G1 Humongous Allocation) 2311M->2174M(4096M)"",""pause_ms"":88.391}]"
hardwood,hardwoodToArrayList,10000000,1000000,1,measurement,2,gc/hardwood-84600-2026-09-16_23-11-46.txt,646,685,2,387.408,"[{""line"":661,""gc_id"":39,""kind"":""Pause Young (Normal) (G1 Humongous Allocation) (Evacuation Failure: Allocation) 4081M->2277M(4096M)"",""pause_ms"":269.106},{""line"":677,""gc_id"":40,""kind"":""Pause Young (Concurrent Start) (G1 Humongous Allocation) 2407M->2237M(4096M)"",""pause_ms"":118.302}]"
hardwood,hardwoodToArrayList,10000000,1000000,1,measurement,3,gc/hardwood-84600-2026-09-16_23-11-46.txt,724,764,2,342.962,"[{""line"":739,""gc_id"":44,""kind"":""Pause Young (Normal) (G1 Humongous Allocation) (Evacuation Failure: Allocation) 4081M->2317M(4096M)"",""pause_ms"":243.474},{""line"":756,""gc_id"":45,""kind"":""Pause Young (Concurrent Start) (G1 Humongous Allocation) 2368M->2164M(4096M)"",""pause_ms"":99.488}]"
hardwood,hardwoodToArrayList,10000000,1000000,1,measurement,4,gc/hardwood-84600-2026-09-16_23-11-46.txt,803,842,2,405.167,"[{""line"":818,""gc_id"":49,""kind"":""Pause Young (Normal) (G1 Humongous Allocation) (Evacuation Failure: Allocation) 4082M->2318M(4096M)"",""pause_ms"":291.058},{""line"":834,""gc_id"":50,""kind"":""Pause Young (Concurrent Start) (G1 Humongous Allocation) 2384M->2139M(4096M)"",""pause_ms"":114.109}]"
hardwood,hardwoodToArrayList,10000000,1000000,1,measurement,5,gc/hardwood-84600-2026-09-16_23-11-46.txt,881,920,2,384.58,"[{""line"":896,""gc_id"":54,""kind"":""Pause Young (Normal) (G1 Humongous Allocation) (Evacuation Failure: Allocation) 4080M->2262M(4096M)"",""pause_ms"":256.813},{""line"":912,""gc_id"":55,""kind"":""Pause Young (Concurrent Start) (G1 Humongous Allocation) 2360M->2093M(4096M)"",""pause_ms"":127.767}]"
hardwood,hardwoodToArrayList,10000000,1000000,1,measurement,6,gc/hardwood-84600-2026-09-16_23-11-46.txt,959,998,2,338.604,"[{""line"":974,""gc_id"":59,""kind"":""Pause Young (Normal) (G1 Humongous Allocation) (Evacuation Failure: Allocation) 4081M->2239M(4096M)"",""pause_ms"":216.658},{""line"":990,""gc_id"":60,""kind"":""Pause Young (Concurrent Start) (G1 Humongous Allocation) 2345M->2064M(4096M)"",""pause_ms"":121.946}]"
hardwood,hardwoodToArrayList,10000000,1000000,1,measurement,7,gc/hardwood-84600-2026-09-16_23-11-46.txt,1037,1076,2,378.59299999999996,"[{""line"":1052,""gc_id"":64,""kind"":""Pause Young (Normal) (G1 Humongous Allocation) (Evacuation Failure: Allocation) 4084M->2222M(4096M)"",""pause_ms"":221.784},{""line"":1068,""gc_id"":65,""kind"":""Pause Young (Concurrent Start) (G1 Humongous Allocation) 2364M->2030M(4096M)"",""pause_ms"":156.809}]"
hardwood,hardwoodToArrayList,10000000,1000000,1,measurement,8,gc/hardwood-84600-2026-09-16_23-11-46.txt,1115,1154,2,381.322,"[{""line"":1130,""gc_id"":69,""kind"":""Pause Young (Normal) (G1 Humongous Allocation) (Evacuation Failure: Allocation) 4080M->2294M(4096M)"",""pause_ms"":235.439},{""line"":1146,""gc_id"":70,""kind"":""Pause Young (Concurrent Start) (G1 Humongous Allocation) 2442M->2075M(4096M)"",""pause_ms"":145.883}]"
hardwood,hardwoodToArrayList,10000000,1000000,1,measurement,9,gc/hardwood-84600-2026-09-16_23-11-46.txt,1193,1233,2,550.602,"[{""line"":1208,""gc_id"":74,""kind"":""Pause Young (Normal) (G1 Humongous Allocation) (Evacuation Failure: Allocation) 4081M->2309M(4096M)"",""pause_ms"":319.029},{""line"":1225,""gc_id"":75,""kind"":""Pause Young (Concurrent Start) (G1 Humongous Allocation) 2443M->2044M(4096M)"",""pause_ms"":231.573}]"
hardwood,hardwoodToArrayList,10000000,1000000,1,measurement,10,gc/hardwood-84600-2026-09-16_23-11-46.txt,1272,1319,2,349.841,"[{""line"":1287,""gc_id"":79,""kind"":""Pause Young (Normal) (G1 Evacuation Pause) (Evacuation Failure: Allocation) 3928M->2138M(4096M)"",""pause_ms"":225.414},{""line"":1303,""gc_id"":80,""kind"":""Pause Young (Concurrent Start) (G1 Humongous Allocation) 2180M->1930M(4096M)"",""pause_ms"":124.427}]"
hardwood,hardwoodToArrayList,10000000,1000000,2,warmup,1,gc/hardwood-84737-2026-09-16_23-12-15.txt,63,208,10,322.81899999999996,"[{""line"":77,""gc_id"":2,""kind"":""Pause Young (Normal) (G1 Evacuation Pause) 215M->21M(4096M)"",""pause_ms"":1.516},{""line"":91,""gc_id"":3,""kind"":""Pause Young (Normal) (G1 Evacuation Pause) 1269M->77M(4096M)"",""pause_ms"":5.607},{""line"":105,""gc_id"":4,""kind"":""Pause Young (Normal) (G1 Evacuation Pause) 2465M->32M(4096M)"",""pause_ms"":2.811},{""line"":119,""gc_id"":5,""kind"":""Pause Young (Normal) (G1 Evacuation Pause) 2466M->78M(4096M)"",""pause_ms"":5.373},{""line"":133,""gc_id"":6,""kind"":""Pause Young (Normal) (G1 Evacuation Pause) 2466M->55M(4096M)"",""pause_ms"":2.373},{""line"":147,""gc_id"":7,""kind"":""Pause Young (Normal) (G1 Evacuation Pause) 2465M->34M(4096M)"",""pause_ms"":1.639},{""line"":161,""gc_id"":8,""kind"":""Pause Young (Normal) (G1 Evacuation Pause) 2466M->79M(4096M)"",""pause_ms"":3.064},{""line"":176,""gc_id"":9,""kind"":""Pause Young (Normal) (G1 Evacuation Pause) (Evacuation Failure: Allocation) 4079M->2301M(4096M)"",""pause_ms"":221.29},{""line"":192,""gc_id"":10,""kind"":""Pause Young (Concurrent Start) (G1 Humongous Allocation) 2357M->2283M(4096M)"",""pause_ms"":78.078},{""line"":204,""gc_id"":11,""kind"":""Pause Remark 3312M->3246M(4096M)"",""pause_ms"":1.068}]"
hardwood,hardwoodToArrayList,10000000,1000000,2,warmup,2,gc/hardwood-84737-2026-09-16_23-12-15.txt,247,294,3,320.396,"[{""line"":262,""gc_id"":14,""kind"":""Pause Young (Normal) (G1 Evacuation Pause) (Evacuation Failure: Allocation) 3972M->2384M(4096M)"",""pause_ms"":235.939},{""line"":278,""gc_id"":15,""kind"":""Pause Young (Concurrent Start) (G1 Evacuation Pause) 2478M->2383M(4096M)"",""pause_ms"":83.227},{""line"":290,""gc_id"":16,""kind"":""Pause Remark 3385M->3319M(4096M)"",""pause_ms"":1.23}]"
hardwood,hardwoodToArrayList,10000000,1000000,2,warmup,3,gc/hardwood-84737-2026-09-16_23-12-15.txt,333,372,2,287.884,"[{""line"":347,""gc_id"":19,""kind"":""Pause Young (Normal) (G1 Evacuation Pause) (Evacuation Failure: Allocation) 3786M->2110M(4096M)"",""pause_ms"":173.665},{""line"":364,""gc_id"":20,""kind"":""Pause Young (Concurrent Start) (G1 Evacuation Pause) 2114M->1974M(4096M)"",""pause_ms"":114.219}]"
hardwood,hardwoodToArrayList,10000000,1000000,2,warmup,4,gc/hardwood-84737-2026-09-16_23-12-15.txt,411,450,2,289.26800000000003,"[{""line"":425,""gc_id"":24,""kind"":""Pause Young (Normal) (G1 Evacuation Pause) (Evacuation Failure: Allocation) 3820M->2108M(4096M)"",""pause_ms"":175.702},{""line"":442,""gc_id"":25,""kind"":""Pause Young (Concurrent Start) (G1 Evacuation Pause) 2110M->1966M(4096M)"",""pause_ms"":113.566}]"
hardwood,hardwoodToArrayList,10000000,1000000,2,warmup,5,gc/hardwood-84737-2026-09-16_23-12-15.txt,489,528,2,313.624,"[{""line"":504,""gc_id"":29,""kind"":""Pause Young (Normal) (G1 Evacuation Pause) (Evacuation Failure: Allocation) 4016M->2336M(4096M)"",""pause_ms"":213.038},{""line"":520,""gc_id"":30,""kind"":""Pause Young (Concurrent Start) (G1 Humongous Allocation) 2402M->2214M(4096M)"",""pause_ms"":100.586}]"
hardwood,hardwoodToArrayList,10000000,1000000,2,measurement,1,gc/hardwood-84737-2026-09-16_23-12-15.txt,567,620,3,305.18399999999997,"[{""line"":581,""gc_id"":34,""kind"":""Pause Young (Normal) (G1 Evacuation Pause) (Evacuation Failure: Allocation) 3830M->2026M(4096M)"",""pause_ms"":175.354},{""line"":598,""gc_id"":35,""kind"":""Pause Young (Normal) (G1 Evacuation Pause) 2028M->1836M(4096M)"",""pause_ms"":118.291},{""line"":612,""gc_id"":36,""kind"":""Pause Young (Concurrent Start) (G1 Humongous Allocation) 1928M->1895M(4096M)"",""pause_ms"":11.539}]"
hardwood,hardwoodToArrayList,10000000,1000000,2,measurement,2,gc/hardwood-84737-2026-09-16_23-12-15.txt,659,698,2,342.01800000000003,"[{""line"":674,""gc_id"":40,""kind"":""Pause Young (Normal) (G1 Evacuation Pause) (Evacuation Failure: Allocation) 4038M->2440M(4096M)"",""pause_ms"":217.413},{""line"":690,""gc_id"":41,""kind"":""Pause Young (Concurrent Start) (G1 Humongous Allocation) 2484M->2260M(4096M)"",""pause_ms"":124.605}]"
hardwood,hardwoodToArrayList,10000000,1000000,2,measurement,3,gc/hardwood-84737-2026-09-16_23-12-15.txt,737,776,2,324.894,"[{""line"":751,""gc_id"":45,""kind"":""Pause Young (Normal) (G1 Evacuation Pause) (Evacuation Failure: Allocation) 3850M->2158M(4096M)"",""pause_ms"":183.082},{""line"":768,""gc_id"":46,""kind"":""Pause Young (Concurrent Start) (G1 Evacuation Pause) 2164M->1871M(4096M)"",""pause_ms"":141.812}]"
hardwood,hardwoodToArrayList,10000000,1000000,2,measurement,4,gc/hardwood-84737-2026-09-16_23-12-15.txt,815,854,2,411.602,"[{""line"":830,""gc_id"":50,""kind"":""Pause Young (Normal) (G1 Evacuation Pause) (Evacuation Failure: Allocation) 4032M->2364M(4096M)"",""pause_ms"":271.952},{""line"":846,""gc_id"":51,""kind"":""Pause Young (Concurrent Start) (G1 Humongous Allocation) 2416M->2131M(4096M)"",""pause_ms"":139.65}]"
hardwood,hardwoodToArrayList,10000000,1000000,2,measurement,5,gc/hardwood-84737-2026-09-16_23-12-15.txt,893,940,3,343.473,"[{""line"":907,""gc_id"":55,""kind"":""Pause Young (Normal) (G1 Evacuation Pause) (Evacuation Failure: Allocation) 3846M->2120M(4096M)"",""pause_ms"":197.977},{""line"":924,""gc_id"":56,""kind"":""Pause Young (Concurrent Start) (G1 Evacuation Pause) 2124M->1848M(4096M)"",""pause_ms"":144.59},{""line"":936,""gc_id"":57,""kind"":""Pause Remark 3135M->3069M(4096M)"",""pause_ms"":0.906}]"
hardwood,hardwoodToArrayList,10000000,1000000,2,measurement,6,gc/hardwood-84737-2026-09-16_23-12-15.txt,979,1018,2,386.145,"[{""line"":994,""gc_id"":60,""kind"":""Pause Young (Normal) (G1 Evacuation Pause) (Evacuation Failure: Allocation) 3992M->2256M(4096M)"",""pause_ms"":244.872},{""line"":1010,""gc_id"":61,""kind"":""Pause Young (Concurrent Start) (G1 Humongous Allocation) 2346M->2042M(4096M)"",""pause_ms"":141.273}]"
hardwood,hardwoodToArrayList,10000000,1000000,2,measurement,7,gc/hardwood-84737-2026-09-16_23-12-15.txt,1057,1096,2,356.91499999999996,"[{""line"":1071,""gc_id"":65,""kind"":""Pause Young (Normal) (G1 Evacuation Pause) (Evacuation Failure: Allocation) 3798M->2214M(4096M)"",""pause_ms"":179.291},{""line"":1088,""gc_id"":66,""kind"":""Pause Young (Concurrent Start) (G1 Evacuation Pause) 2216M->1882M(4096M)"",""pause_ms"":177.624}]"
hardwood,hardwoodToArrayList,10000000,1000000,2,measurement,8,gc/hardwood-84737-2026-09-16_23-12-15.txt,1135,1174,2,378.175,"[{""line"":1149,""gc_id"":70,""kind"":""Pause Young (Normal) (G1 Evacuation Pause) (Evacuation Failure: Allocation) 3868M->2198M(4096M)"",""pause_ms"":189.549},{""line"":1166,""gc_id"":71,""kind"":""Pause Young (Concurrent Start) (G1 Evacuation Pause) 2200M->1842M(4096M)"",""pause_ms"":188.626}]"
hardwood,hardwoodToArrayList,10000000,1000000,2,measurement,9,gc/hardwood-84737-2026-09-16_23-12-15.txt,1213,1252,2,361.03999999999996,"[{""line"":1228,""gc_id"":75,""kind"":""Pause Young (Normal) (G1 Humongous Allocation) (Evacuation Failure: Allocation) 4082M->2258M(4096M)"",""pause_ms"":225.416},{""line"":1244,""gc_id"":76,""kind"":""Pause Young (Concurrent Start) (G1 Humongous Allocation) 2390M->2073M(4096M)"",""pause_ms"":135.624}]"
hardwood,hardwoodToArrayList,10000000,1000000,2,measurement,10,gc/hardwood-84737-2026-09-16_23-12-15.txt,1291,1337,2,309.801,"[{""line"":1305,""gc_id"":80,""kind"":""Pause Young (Normal) (G1 Evacuation Pause) (Evacuation Failure: Allocation) 3956M->2210M(4096M)"",""pause_ms"":189.273},{""line"":1321,""gc_id"":81,""kind"":""Pause Young (Concurrent Start) (G1 Humongous Allocation) 2225M->1933M(4096M)"",""pause_ms"":120.528}]"
hardwood,hardwoodToArrayList,10000000,1000000,3,warmup,1,gc/hardwood-84828-2026-09-16_23-12-41.txt,63,207,10,287.569,"[{""line"":77,""gc_id"":2,""kind"":""Pause Young (Normal) (G1 Evacuation Pause) 215M->21M(4096M)"",""pause_ms"":1.57},{""line"":91,""gc_id"":3,""kind"":""Pause Young (Normal) (G1 Evacuation Pause) 1235M->76M(4096M)"",""pause_ms"":6.148},{""line"":105,""gc_id"":4,""kind"":""Pause Young (Normal) (G1 Evacuation Pause) 2466M->30M(4096M)"",""pause_ms"":2.626},{""line"":119,""gc_id"":5,""kind"":""Pause Young (Normal) (G1 Evacuation Pause) 2466M->76M(4096M)"",""pause_ms"":5.106},{""line"":133,""gc_id"":6,""kind"":""Pause Young (Normal) (G1 Evacuation Pause) 2466M->55M(4096M)"",""pause_ms"":2.033},{""line"":147,""gc_id"":7,""kind"":""Pause Young (Normal) (G1 Evacuation Pause) 2467M->33M(4096M)"",""pause_ms"":1.642},{""line"":161,""gc_id"":8,""kind"":""Pause Young (Normal) (G1 Evacuation Pause) 2465M->78M(4096M)"",""pause_ms"":2.785},{""line"":175,""gc_id"":9,""kind"":""Pause Young (Normal) (G1 Evacuation Pause) (Evacuation Failure: Allocation) 4076M->2309M(4096M)"",""pause_ms"":191.806},{""line"":191,""gc_id"":10,""kind"":""Pause Young (Concurrent Start) (G1 Humongous Allocation) 2341M->2261M(4096M)"",""pause_ms"":72.867},{""line"":203,""gc_id"":11,""kind"":""Pause Remark 3362M->3296M(4096M)"",""pause_ms"":0.986}]"
hardwood,hardwoodToArrayList,10000000,1000000,3,warmup,2,gc/hardwood-84828-2026-09-16_23-12-41.txt,246,327,5,243.798,"[{""line"":260,""gc_id"":14,""kind"":""Pause Young (Normal) (G1 Evacuation Pause) (Evacuation Failure: Allocation) 3542M->1920M(4096M)"",""pause_ms"":149.249},{""line"":277,""gc_id"":15,""kind"":""Pause Young (Normal) (G1 Evacuation Pause) 1924M->1832M(4096M)"",""pause_ms"":76.029},{""line"":291,""gc_id"":16,""kind"":""Pause Young (Concurrent Start) (G1 Humongous Allocation) 1891M->1840M(4096M)"",""pause_ms"":12.59},{""line"":311,""gc_id"":18,""kind"":""Pause Young (Concurrent Start) (G1 Humongous Allocation) 1938M->1932M(4096M)"",""pause_ms"":4.609},{""line"":323,""gc_id"":19,""kind"":""Pause Remark 3359M->3145M(4096M)"",""pause_ms"":1.321}]"
hardwood,hardwoodToArrayList,10000000,1000000,3,warmup,3,gc/hardwood-84828-2026-09-16_23-12-41.txt,366,405,2,356.97799999999995,"[{""line"":380,""gc_id"":22,""kind"":""Pause Young (Normal) (G1 Evacuation Pause) (Evacuation Failure: Allocation) 3866M->2102M(4096M)"",""pause_ms"":186.713},{""line"":397,""gc_id"":23,""kind"":""Pause Young (Concurrent Start) (G1 Humongous Allocation) 2106M->1941M(4096M)"",""pause_ms"":170.265}]"
hardwood,hardwoodToArrayList,10000000,1000000,3,warmup,4,gc/hardwood-84828-2026-09-16_23-12-41.txt,444,483,2,339.087,"[{""line"":459,""gc_id"":27,""kind"":""Pause Young (Normal) (G1 Evacuation Pause) (Evacuation Failure: Allocation) 4082M->2456M(4096M)"",""pause_ms"":220.979},{""line"":475,""gc_id"":28,""kind"":""Pause Young (Concurrent Start) (G1 Humongous Allocation) 2460M->2315M(4096M)"",""pause_ms"":118.108}]"
hardwood,hardwoodToArrayList,10000000,1000000,3,warmup,5,gc/hardwood-84828-2026-09-16_23-12-41.txt,522,560,2,297.29,"[{""line"":536,""gc_id"":32,""kind"":""Pause Young (Normal) (G1 Evacuation Pause) (Evacuation Failure: Allocation) 3900M->2204M(4096M)"",""pause_ms"":194.357},{""line"":552,""gc_id"":33,""kind"":""Pause Young (Concurrent Start) (G1 Humongous Allocation) 2225M->2022M(4096M)"",""pause_ms"":102.933}]"
hardwood,hardwoodToArrayList,10000000,1000000,3,measurement,1,gc/hardwood-84828-2026-09-16_23-12-41.txt,599,672,4,326.48199999999997,"[{""line"":613,""gc_id"":37,""kind"":""Pause Young (Normal) (G1 Evacuation Pause) (Evacuation Failure: Allocation) 3764M->2076M(4096M)"",""pause_ms"":167.406},{""line"":630,""gc_id"":38,""kind"":""Pause Young (Normal) (G1 Evacuation Pause) 2078M->1841M(4096M)"",""pause_ms"":135.35},{""line"":644,""gc_id"":39,""kind"":""Pause Young (Concurrent Start) (G1 Humongous Allocation) 1995M->1895M(4096M)"",""pause_ms"":12.941},{""line"":664,""gc_id"":41,""kind"":""Pause Young (Concurrent Start) (G1 Humongous Allocation) 1950M->1946M(4096M)"",""pause_ms"":10.785}]"
hardwood,hardwoodToArrayList,10000000,1000000,3,measurement,2,gc/hardwood-84828-2026-09-16_23-12-41.txt,711,764,3,245.798,"[{""line"":725,""gc_id"":45,""kind"":""Pause Young (Normal) (G1 Evacuation Pause) (Evacuation Failure: Allocation) 3376M->1788M(4096M)"",""pause_ms"":125.313},{""line"":742,""gc_id"":46,""kind"":""Pause Young (Normal) (G1 Evacuation Pause) 1802M->1666M(4096M)"",""pause_ms"":80.835},{""line"":756,""gc_id"":47,""kind"":""Pause Young (Concurrent Start) (G1 Humongous Allocation) 2370M->2206M(4096M)"",""pause_ms"":39.65}]"
hardwood,hardwoodToArrayList,10000000,1000000,3,measurement,3,gc/hardwood-84828-2026-09-16_23-12-41.txt,803,867,4,354.26800000000003,"[{""line"":817,""gc_id"":51,""kind"":""Pause Young (Normal) (G1 Evacuation Pause) (Evacuation Failure: Allocation) 3270M->1692M(4096M)"",""pause_ms"":153.8},{""line"":831,""gc_id"":52,""kind"":""Pause Young (Normal) (G1 Evacuation Pause) 1882M->1678M(4096M)"",""pause_ms"":53.497},{""line"":845,""gc_id"":53,""kind"":""Pause Young (Concurrent Start) (G1 Humongous Allocation) 2353M->2235M(4096M)"",""pause_ms"":44.58},{""line"":865,""gc_id"":55,""kind"":""Pause Young (Normal) (G1 Evacuation Pause) (Evacuation Failure: Allocation) 3277M->3244M(4096M)"",""pause_ms"":102.391}]"
hardwood,hardwoodToArrayList,10000000,1000000,3,measurement,4,gc/hardwood-84828-2026-09-16_23-12-41.txt,906,970,4,277.248,"[{""line"":920,""gc_id"":58,""kind"":""Pause Young (Normal) (G1 Evacuation Pause) 2932M->1436M(4096M)"",""pause_ms"":85.731},{""line"":934,""gc_id"":59,""kind"":""Pause Young (Normal) (G1 Evacuation Pause) 2922M->2621M(4096M)"",""pause_ms"":106.455},{""line"":948,""gc_id"":60,""kind"":""Pause Young (Concurrent Start) (G1 Humongous Allocation) 2695M->2700M(4096M)"",""pause_ms"":26.43},{""line"":968,""gc_id"":62,""kind"":""Pause Young (Normal) (G1 Evacuation Pause) 3400M->3394M(4096M)"",""pause_ms"":58.632}]"
hardwood,hardwoodToArrayList,10000000,1000000,3,measurement,5,gc/hardwood-84828-2026-09-16_23-12-41.txt,1009,1073,4,279.026,"[{""line"":1023,""gc_id"":65,""kind"":""Pause Young (Normal) (G1 Evacuation Pause) 2942M->1465M(4096M)"",""pause_ms"":91.113},{""line"":1037,""gc_id"":66,""kind"":""Pause Young (Normal) (G1 Evacuation Pause) 2907M->2589M(4096M)"",""pause_ms"":95.925},{""line"":1051,""gc_id"":67,""kind"":""Pause Young (Concurrent Start) (G1 Humongous Allocation) 2703M->2699M(4096M)"",""pause_ms"":28.223},{""line"":1071,""gc_id"":69,""kind"":""Pause Young (Normal) (G1 Evacuation Pause) 3393M->3393M(4096M)"",""pause_ms"":63.765}]"
hardwood,hardwoodToArrayList,10000000,1000000,3,measurement,6,gc/hardwood-84828-2026-09-16_23-12-41.txt,1112,1176,4,292.445,"[{""line"":1126,""gc_id"":72,""kind"":""Pause Young (Normal) (G1 Evacuation Pause) 2908M->1435M(4096M)"",""pause_ms"":83.245},{""line"":1140,""gc_id"":73,""kind"":""Pause Young (Normal) (G1 Evacuation Pause) 2889M->2530M(4096M)"",""pause_ms"":98.042},{""line"":1154,""gc_id"":74,""kind"":""Pause Young (Concurrent Start) (G1 Humongous Allocation) 2558M->2560M(4096M)"",""pause_ms"":32.168},{""line"":1174,""gc_id"":76,""kind"":""Pause Young (Normal) (G1 Evacuation Pause) 3302M->3298M(4096M)"",""pause_ms"":78.99}]"
hardwood,hardwoodToArrayList,10000000,1000000,3,measurement,7,gc/hardwood-84828-2026-09-16_23-12-41.txt,1215,1279,4,292.21000000000004,"[{""line"":1229,""gc_id"":79,""kind"":""Pause Young (Normal) (G1 Evacuation Pause) 2908M->1438M(4096M)"",""pause_ms"":93.633},{""line"":1243,""gc_id"":80,""kind"":""Pause Young (Normal) (G1 Evacuation Pause) 2896M->2557M(4096M)"",""pause_ms"":103.025},{""line"":1257,""gc_id"":81,""kind"":""Pause Young (Concurrent Start) (G1 Humongous Allocation) 2580M->2585M(4096M)"",""pause_ms"":33.932},{""line"":1277,""gc_id"":83,""kind"":""Pause Young (Normal) (G1 Evacuation Pause) 3319M->3313M(4096M)"",""pause_ms"":61.62}]"
hardwood,hardwoodToArrayList,10000000,1000000,3,measurement,8,gc/hardwood-84828-2026-09-16_23-12-41.txt,1318,1382,4,296.818,"[{""line"":1332,""gc_id"":86,""kind"":""Pause Young (Normal) (G1 Evacuation Pause) 2956M->1455M(4096M)"",""pause_ms"":92.7},{""line"":1346,""gc_id"":87,""kind"":""Pause Young (Normal) (G1 Evacuation Pause) 2915M->2615M(4096M)"",""pause_ms"":100.766},{""line"":1360,""gc_id"":88,""kind"":""Pause Young (Concurrent Start) (G1 Humongous Allocation) 2701M->2703M(4096M)"",""pause_ms"":34.588},{""line"":1380,""gc_id"":90,""kind"":""Pause Young (Normal) (G1 Evacuation Pause) 3401M->3398M(4096M)"",""pause_ms"":68.764}]"
hardwood,hardwoodToArrayList,10000000,1000000,3,measurement,9,gc/hardwood-84828-2026-09-16_23-12-41.txt,1421,1485,4,299.329,"[{""line"":1435,""gc_id"":93,""kind"":""Pause Young (Normal) (G1 Evacuation Pause) 2962M->1451M(4096M)"",""pause_ms"":94.762},{""line"":1449,""gc_id"":94,""kind"":""Pause Young (Normal) (G1 Evacuation Pause) 2907M->2616M(4096M)"",""pause_ms"":111.789},{""line"":1463,""gc_id"":95,""kind"":""Pause Young (Concurrent Start) (G1 Humongous Allocation) 2702M->2705M(4096M)"",""pause_ms"":32.654},{""line"":1483,""gc_id"":97,""kind"":""Pause Young (Normal) (G1 Evacuation Pause) 3405M->3401M(4096M)"",""pause_ms"":60.124}]"
hardwood,hardwoodToArrayList,10000000,1000000,3,measurement,10,gc/hardwood-84828-2026-09-16_23-12-41.txt,1524,1596,4,266.092,"[{""line"":1538,""gc_id"":100,""kind"":""Pause Young (Normal) (G1 Evacuation Pause) 2906M->1414M(4096M)"",""pause_ms"":83.142},{""line"":1552,""gc_id"":101,""kind"":""Pause Young (Normal) (G1 Evacuation Pause) 2870M->2563M(4096M)"",""pause_ms"":98.692},{""line"":1566,""gc_id"":102,""kind"":""Pause Young (Concurrent Start) (G1 Humongous Allocation) 2591M->2594M(4096M)"",""pause_ms"":24.614},{""line"":1586,""gc_id"":104,""kind"":""Pause Young (Normal) (G1 Evacuation Pause) 3320M->3315M(4096M)"",""pause_ms"":59.644}]"
hardwood,hardwoodToColumnarBatch,100000,1000000,1,warmup,1,gc/hardwood-84955-2026-09-16_23-13-06.txt,63,79,1,2.351,"[{""line"":77,""gc_id"":2,""kind"":""Pause Young (Normal) (G1 Evacuation Pause) 403M->215M(4096M)"",""pause_ms"":2.351}]"
hardwood,hardwoodToColumnarBatch,100000,1000000,1,warmup,2,gc/hardwood-84955-2026-09-16_23-13-06.txt,115,117,0,0,[]
hardwood,hardwoodToColumnarBatch,100000,1000000,1,warmup,3,gc/hardwood-84955-2026-09-16_23-13-06.txt,153,155,0,0,[]
hardwood,hardwoodToColumnarBatch,100000,1000000,1,warmup,4,gc/hardwood-84955-2026-09-16_23-13-06.txt,191,193,0,0,[]
hardwood,hardwoodToColumnarBatch,100000,1000000,1,warmup,5,gc/hardwood-84955-2026-09-16_23-13-06.txt,229,231,0,0,[]
hardwood,hardwoodToColumnarBatch,100000,1000000,1,measurement,1,gc/hardwood-84955-2026-09-16_23-13-06.txt,267,269,0,0,[]
hardwood,hardwoodToColumnarBatch,100000,1000000,1,measurement,2,gc/hardwood-84955-2026-09-16_23-13-06.txt,305,307,0,0,[]
hardwood,hardwoodToColumnarBatch,100000,1000000,1,measurement,3,gc/hardwood-84955-2026-09-16_23-13-06.txt,343,345,0,0,[]
hardwood,hardwoodToColumnarBatch,100000,1000000,1,measurement,4,gc/hardwood-84955-2026-09-16_23-13-06.txt,381,383,0,0,[]
hardwood,hardwoodToColumnarBatch,100000,1000000,1,measurement,5,gc/hardwood-84955-2026-09-16_23-13-06.txt,419,421,0,0,[]
hardwood,hardwoodToColumnarBatch,100000,1000000,1,measurement,6,gc/hardwood-84955-2026-09-16_23-13-06.txt,457,459,0,0,[]
hardwood,hardwoodToColumnarBatch,100000,1000000,1,measurement,7,gc/hardwood-84955-2026-09-16_23-13-06.txt,495,497,0,0,[]
hardwood,hardwoodToColumnarBatch,100000,1000000,1,measurement,8,gc/hardwood-84955-2026-09-16_23-13-06.txt,533,535,0,0,[]
hardwood,hardwoodToColumnarBatch,100000,1000000,1,measurement,9,gc/hardwood-84955-2026-09-16_23-13-06.txt,571,573,0,0,[]
hardwood,hardwoodToColumnarBatch,100000,1000000,1,measurement,10,gc/hardwood-84955-2026-09-16_23-13-06.txt,609,616,0,0,[]
hardwood,hardwoodToColumnarBatch,100000,1000000,2,warmup,1,gc/hardwood-84986-2026-09-16_23-13-16.txt,63,79,1,2.268,"[{""line"":77,""gc_id"":2,""kind"":""Pause Young (Normal) (G1 Evacuation Pause) 379M->191M(4096M)"",""pause_ms"":2.268}]"
hardwood,hardwoodToColumnarBatch,100000,1000000,2,warmup,2,gc/hardwood-84986-2026-09-16_23-13-16.txt,115,117,0,0,[]
hardwood,hardwoodToColumnarBatch,100000,1000000,2,warmup,3,gc/hardwood-84986-2026-09-16_23-13-16.txt,153,155,0,0,[]
hardwood,hardwoodToColumnarBatch,100000,1000000,2,warmup,4,gc/hardwood-84986-2026-09-16_23-13-16.txt,191,193,0,0,[]
hardwood,hardwoodToColumnarBatch,100000,1000000,2,warmup,5,gc/hardwood-84986-2026-09-16_23-13-16.txt,229,231,0,0,[]
hardwood,hardwoodToColumnarBatch,100000,1000000,2,measurement,1,gc/hardwood-84986-2026-09-16_23-13-16.txt,267,269,0,0,[]
hardwood,hardwoodToColumnarBatch,100000,1000000,2,measurement,2,gc/hardwood-84986-2026-09-16_23-13-16.txt,305,307,0,0,[]
hardwood,hardwoodToColumnarBatch,100000,1000000,2,measurement,3,gc/hardwood-84986-2026-09-16_23-13-16.txt,343,345,0,0,[]
hardwood,hardwoodToColumnarBatch,100000,1000000,2,measurement,4,gc/hardwood-84986-2026-09-16_23-13-16.txt,381,383,0,0,[]
hardwood,hardwoodToColumnarBatch,100000,1000000,2,measurement,5,gc/hardwood-84986-2026-09-16_23-13-16.txt,419,421,0,0,[]
hardwood,hardwoodToColumnarBatch,100000,1000000,2,measurement,6,gc/hardwood-84986-2026-09-16_23-13-16.txt,457,459,0,0,[]
hardwood,hardwoodToColumnarBatch,100000,1000000,2,measurement,7,gc/hardwood-84986-2026-09-16_23-13-16.txt,495,497,0,0,[]
hardwood,hardwoodToColumnarBatch,100000,1000000,2,measurement,8,gc/hardwood-84986-2026-09-16_23-13-16.txt,533,535,0,0,[]
hardwood,hardwoodToColumnarBatch,100000,1000000,2,measurement,9,gc/hardwood-84986-2026-09-16_23-13-16.txt,571,573,0,0,[]
hardwood,hardwoodToColumnarBatch,100000,1000000,2,measurement,10,gc/hardwood-84986-2026-09-16_23-13-16.txt,609,616,0,0,[]
hardwood,hardwoodToColumnarBatch,100000,1000000,3,warmup,1,gc/hardwood-85014-2026-09-16_23-13-27.txt,63,79,1,1.83,"[{""line"":77,""gc_id"":2,""kind"":""Pause Young (Normal) (G1 Evacuation Pause) 395M->205M(4096M)"",""pause_ms"":1.83}]"
hardwood,hardwoodToColumnarBatch,100000,1000000,3,warmup,2,gc/hardwood-85014-2026-09-16_23-13-27.txt,115,117,0,0,[]
hardwood,hardwoodToColumnarBatch,100000,1000000,3,warmup,3,gc/hardwood-85014-2026-09-16_23-13-27.txt,153,155,0,0,[]
hardwood,hardwoodToColumnarBatch,100000,1000000,3,warmup,4,gc/hardwood-85014-2026-09-16_23-13-27.txt,191,193,0,0,[]
hardwood,hardwoodToColumnarBatch,100000,1000000,3,warmup,5,gc/hardwood-85014-2026-09-16_23-13-27.txt,229,231,0,0,[]
hardwood,hardwoodToColumnarBatch,100000,1000000,3,measurement,1,gc/hardwood-85014-2026-09-16_23-13-27.txt,267,269,0,0,[]
hardwood,hardwoodToColumnarBatch,100000,1000000,3,measurement,2,gc/hardwood-85014-2026-09-16_23-13-27.txt,305,307,0,0,[]
hardwood,hardwoodToColumnarBatch,100000,1000000,3,measurement,3,gc/hardwood-85014-2026-09-16_23-13-27.txt,343,345,0,0,[]
hardwood,hardwoodToColumnarBatch,100000,1000000,3,measurement,4,gc/hardwood-85014-2026-09-16_23-13-27.txt,381,383,0,0,[]
hardwood,hardwoodToColumnarBatch,100000,1000000,3,measurement,5,gc/hardwood-85014-2026-09-16_23-13-27.txt,419,421,0,0,[]
hardwood,hardwoodToColumnarBatch,100000,1000000,3,measurement,6,gc/hardwood-85014-2026-09-16_23-13-27.txt,457,459,0,0,[]
hardwood,hardwoodToColumnarBatch,100000,1000000,3,measurement,7,gc/hardwood-85014-2026-09-16_23-13-27.txt,495,497,0,0,[]
hardwood,hardwoodToColumnarBatch,100000,1000000,3,measurement,8,gc/hardwood-85014-2026-09-16_23-13-27.txt,533,535,0,0,[]
hardwood,hardwoodToColumnarBatch,100000,1000000,3,measurement,9,gc/hardwood-85014-2026-09-16_23-13-27.txt,571,573,0,0,[]
hardwood,hardwoodToColumnarBatch,100000,1000000,3,measurement,10,gc/hardwood-85014-2026-09-16_23-13-27.txt,609,616,0,0,[]
hardwood,hardwoodToColumnarBatch,10000000,1000000,1,warmup,1,gc/hardwood-85044-2026-09-16_23-13-37.txt,63,229,11,418.90200000000004,"[{""line"":77,""gc_id"":2,""kind"":""Pause Young (Normal) (G1 Evacuation Pause) 215M->21M(4096M)"",""pause_ms"":1.588},{""line"":91,""gc_id"":3,""kind"":""Pause Young (Normal) (G1 Evacuation Pause) 1255M->77M(4096M)"",""pause_ms"":5.932},{""line"":105,""gc_id"":4,""kind"":""Pause Young (Normal) (G1 Evacuation Pause) 2465M->32M(4096M)"",""pause_ms"":2.705},{""line"":119,""gc_id"":5,""kind"":""Pause Young (Normal) (G1 Evacuation Pause) 2466M->77M(4096M)"",""pause_ms"":5.367},{""line"":133,""gc_id"":6,""kind"":""Pause Young (Normal) (G1 Evacuation Pause) 2465M->55M(4096M)"",""pause_ms"":2.104},{""line"":147,""gc_id"":7,""kind"":""Pause Young (Normal) (G1 Evacuation Pause) 2465M->33M(4096M)"",""pause_ms"":1.631},{""line"":161,""gc_id"":8,""kind"":""Pause Young (Normal) (G1 Evacuation Pause) 2465M->79M(4096M)"",""pause_ms"":2.864},{""line"":176,""gc_id"":9,""kind"":""Pause Young (Concurrent Start) (G1 Humongous Allocation) (Evacuation Failure: Allocation) 3682M->2027M(4096M)"",""pause_ms"":252.774},{""line"":197,""gc_id"":11,""kind"":""Pause Young (Normal) (G1 Evacuation Pause) 2043M->1981M(4096M)"",""pause_ms"":120.242},{""line"":213,""gc_id"":12,""kind"":""Pause Young (Concurrent Start) (G1 Humongous Allocation) 2101M->1910M(4096M)"",""pause_ms"":19.849},{""line"":225,""gc_id"":13,""kind"":""Pause Remark 3021M->2967M(4096M)"",""pause_ms"":3.846}]"
hardwood,hardwoodToColumnarBatch,10000000,1000000,1,warmup,2,gc/hardwood-85044-2026-09-16_23-13-37.txt,268,350,4,189.16199999999998,"[{""line"":282,""gc_id"":16,""kind"":""Pause Young (Concurrent Start) (G1 Humongous Allocation) 3381M->1721M(4096M)"",""pause_ms"":104.71},{""line"":302,""gc_id"":18,""kind"":""Pause Young (Concurrent Start) (G1 Humongous Allocation) 1781M->1788M(4096M)"",""pause_ms"":41.781},{""line"":322,""gc_id"":20,""kind"":""Pause Young (Concurrent Start) (G1 Humongous Allocation) 2108M->1991M(4096M)"",""pause_ms"":22.979},{""line"":342,""gc_id"":22,""kind"":""Pause Young (Concurrent Start) (G1 Humongous Allocation) 2005M->2006M(4096M)"",""pause_ms"":19.692}]"
hardwood,hardwoodToColumnarBatch,10000000,1000000,1,warmup,3,gc/hardwood-85044-2026-09-16_23-13-37.txt,389,431,2,189.338,"[{""line"":403,""gc_id"":26,""kind"":""Pause Young (Concurrent Start) (G1 Humongous Allocation) (Evacuation Failure: Allocation) 3472M->1898M(4096M)"",""pause_ms"":100.523},{""line"":423,""gc_id"":28,""kind"":""Pause Young (Concurrent Start) (G1 Humongous Allocation) 2744M->2107M(4096M)"",""pause_ms"":88.815}]"
hardwood,hardwoodToColumnarBatch,10000000,1000000,1,warmup,4,gc/hardwood-85044-2026-09-16_23-13-37.txt,470,512,2,197.77100000000002,"[{""line"":484,""gc_id"":32,""kind"":""Pause Young (Concurrent Start) (G1 Humongous Allocation) 3408M->1750M(4096M)"",""pause_ms"":108.411},{""line"":504,""gc_id"":34,""kind"":""Pause Young (Concurrent Start) (G1 Humongous Allocation) 2674M->2430M(4096M)"",""pause_ms"":89.36}]"
hardwood,hardwoodToColumnarBatch,10000000,1000000,1,warmup,5,gc/hardwood-85044-2026-09-16_23-13-37.txt,551,593,2,196.31799999999998,"[{""line"":565,""gc_id"":38,""kind"":""Pause Young (Concurrent Start) (G1 Humongous Allocation) (Evacuation Failure: Allocation) 3468M->1888M(4096M)"",""pause_ms"":109.804},{""line"":585,""gc_id"":40,""kind"":""Pause Young (Concurrent Start) (G1 Humongous Allocation) 2607M->1986M(4096M)"",""pause_ms"":86.514}]"
hardwood,hardwoodToColumnarBatch,10000000,1000000,1,measurement,1,gc/hardwood-85044-2026-09-16_23-13-37.txt,632,674,2,195.05200000000002,"[{""line"":646,""gc_id"":44,""kind"":""Pause Young (Concurrent Start) (G1 Humongous Allocation) (Evacuation Failure: Allocation) 3464M->1870M(4096M)"",""pause_ms"":112.786},{""line"":666,""gc_id"":46,""kind"":""Pause Young (Concurrent Start) (G1 Humongous Allocation) 2580M->2217M(4096M)"",""pause_ms"":82.266}]"
hardwood,hardwoodToColumnarBatch,10000000,1000000,1,measurement,2,gc/hardwood-85044-2026-09-16_23-13-37.txt,713,755,2,182.799,"[{""line"":727,""gc_id"":50,""kind"":""Pause Young (Concurrent Start) (G1 Humongous Allocation) (Evacuation Failure: Allocation) 3466M->1860M(4096M)"",""pause_ms"":103.634},{""line"":747,""gc_id"":52,""kind"":""Pause Young (Concurrent Start) (G1 Humongous Allocation) 2607M->2043M(4096M)"",""pause_ms"":79.165}]"
hardwood,hardwoodToColumnarBatch,10000000,1000000,1,measurement,3,gc/hardwood-85044-2026-09-16_23-13-37.txt,794,836,2,175.99099999999999,"[{""line"":808,""gc_id"":56,""kind"":""Pause Young (Concurrent Start) (G1 Humongous Allocation) 3375M->1718M(4096M)"",""pause_ms"":94.903},{""line"":828,""gc_id"":58,""kind"":""Pause Young (Concurrent Start) (G1 Humongous Allocation) 2658M->2422M(4096M)"",""pause_ms"":81.088}]"
hardwood,hardwoodToColumnarBatch,10000000,1000000,1,measurement,4,gc/hardwood-85044-2026-09-16_23-13-37.txt,875,937,3,166.00099999999998,"[{""line"":889,""gc_id"":62,""kind"":""Pause Young (Concurrent Start) (G1 Humongous Allocation) (Evacuation Failure: Allocation) 3468M->1878M(4096M)"",""pause_ms"":101.986},{""line"":909,""gc_id"":64,""kind"":""Pause Young (Concurrent Start) (G1 Humongous Allocation) 1922M->1825M(4096M)"",""pause_ms"":42.06},{""line"":929,""gc_id"":66,""kind"":""Pause Young (Concurrent Start) (G1 Humongous Allocation) 2086M->1983M(4096M)"",""pause_ms"":21.955}]"
hardwood,hardwoodToColumnarBatch,10000000,1000000,1,measurement,5,gc/hardwood-85044-2026-09-16_23-13-37.txt,976,1019,2,418.67900000000003,"[{""line"":991,""gc_id"":70,""kind"":""Pause Young (Concurrent Start) (G1 Humongous Allocation) (Evacuation Failure: Allocation) 3448M->1808M(4096M)"",""pause_ms"":276.862},{""line"":1011,""gc_id"":72,""kind"":""Pause Young (Concurrent Start) (G1 Humongous Allocation) 2688M->2416M(4096M)"",""pause_ms"":141.817}]"
hardwood,hardwoodToColumnarBatch,10000000,1000000,1,measurement,6,gc/hardwood-85044-2026-09-16_23-13-37.txt,1058,1100,2,198.18,"[{""line"":1072,""gc_id"":76,""kind"":""Pause Young (Concurrent Start) (G1 Humongous Allocation) (Evacuation Failure: Allocation) 3466M->1862M(4096M)"",""pause_ms"":109.655},{""line"":1092,""gc_id"":78,""kind"":""Pause Young (Concurrent Start) (G1 Humongous Allocation) 2714M->2180M(4096M)"",""pause_ms"":88.525}]"
hardwood,hardwoodToColumnarBatch,10000000,1000000,1,measurement,7,gc/hardwood-85044-2026-09-16_23-13-37.txt,1139,1181,2,195.506,"[{""line"":1153,""gc_id"":82,""kind"":""Pause Young (Concurrent Start) (G1 Humongous Allocation) 3367M->1708M(4096M)"",""pause_ms"":109.912},{""line"":1173,""gc_id"":84,""kind"":""Pause Young (Concurrent Start) (G1 Humongous Allocation) 2654M->2421M(4096M)"",""pause_ms"":85.594}]"
hardwood,hardwoodToColumnarBatch,10000000,1000000,1,measurement,8,gc/hardwood-85044-2026-09-16_23-13-37.txt,1220,1262,2,185.053,"[{""line"":1234,""gc_id"":88,""kind"":""Pause Young (Concurrent Start) (G1 Humongous Allocation) (Evacuation Failure: Allocation) 3474M->1866M(4096M)"",""pause_ms"":103.311},{""line"":1254,""gc_id"":90,""kind"":""Pause Young (Concurrent Start) (G1 Humongous Allocation) 2606M->2056M(4096M)"",""pause_ms"":81.742}]"
hardwood,hardwoodToColumnarBatch,10000000,1000000,1,measurement,9,gc/hardwood-85044-2026-09-16_23-13-37.txt,1301,1343,2,176.748,"[{""line"":1315,""gc_id"":94,""kind"":""Pause Young (Concurrent Start) (G1 Humongous Allocation) (Evacuation Failure: Allocation) 3459M->1874M(4096M)"",""pause_ms"":100.627},{""line"":1335,""gc_id"":96,""kind"":""Pause Young (Concurrent Start) (G1 Humongous Allocation) 2599M->2271M(4096M)"",""pause_ms"":76.121}]"
hardwood,hardwoodToColumnarBatch,10000000,1000000,1,measurement,10,gc/hardwood-85044-2026-09-16_23-13-37.txt,1382,1432,2,209.25,"[{""line"":1396,""gc_id"":100,""kind"":""Pause Young (Concurrent Start) (G1 Humongous Allocation) (Evacuation Failure: Allocation) 3468M->1876M(4096M)"",""pause_ms"":115.84},{""line"":1416,""gc_id"":102,""kind"":""Pause Young (Concurrent Start) (G1 Humongous Allocation) 2654M->2318M(4096M)"",""pause_ms"":93.41}]"
hardwood,hardwoodToColumnarBatch,10000000,1000000,2,warmup,1,gc/hardwood-85165-2026-09-16_23-14-01.txt,63,203,9,218.399,"[{""line"":77,""gc_id"":2,""kind"":""Pause Young (Normal) (G1 Evacuation Pause) 215M->21M(4096M)"",""pause_ms"":1.49},{""line"":91,""gc_id"":3,""kind"":""Pause Young (Normal) (G1 Evacuation Pause) 1373M->16M(4096M)"",""pause_ms"":1.144},{""line"":105,""gc_id"":4,""kind"":""Pause Young (Normal) (G1 Evacuation Pause) 2466M->40M(4096M)"",""pause_ms"":3.27},{""line"":119,""gc_id"":5,""kind"":""Pause Young (Normal) (G1 Evacuation Pause) 2466M->19M(4096M)"",""pause_ms"":1.365},{""line"":133,""gc_id"":6,""kind"":""Pause Young (Normal) (G1 Evacuation Pause) 2465M->65M(4096M)"",""pause_ms"":4.02},{""line"":147,""gc_id"":7,""kind"":""Pause Young (Normal) (G1 Evacuation Pause) 2465M->43M(4096M)"",""pause_ms"":2.054},{""line"":161,""gc_id"":8,""kind"":""Pause Young (Normal) (G1 Evacuation Pause) 3163M->719M(4096M)"",""pause_ms"":2.152},{""line"":175,""gc_id"":9,""kind"":""Pause Young (Concurrent Start) (G1 Humongous Allocation) 3373M->1805M(4096M)"",""pause_ms"":100.372},{""line"":195,""gc_id"":11,""kind"":""Pause Young (Concurrent Start) (G1 Humongous Allocation) 2795M->2480M(4096M)"",""pause_ms"":102.532}]"
hardwood,hardwoodToColumnarBatch,10000000,1000000,2,warmup,2,gc/hardwood-85165-2026-09-16_23-14-01.txt,242,284,2,232.916,"[{""line"":256,""gc_id"":15,""kind"":""Pause Young (Concurrent Start) (G1 Humongous Allocation) 3429M->1765M(4096M)"",""pause_ms"":107.615},{""line"":276,""gc_id"":17,""kind"":""Pause Young (Concurrent Start) (G1 Humongous Allocation) 2681M->2390M(4096M)"",""pause_ms"":125.301}]"
hardwood,hardwoodToColumnarBatch,10000000,1000000,2,warmup,3,gc/hardwood-85165-2026-09-16_23-14-01.txt,323,475,9,251.803,"[{""line"":337,""gc_id"":21,""kind"":""Pause Young (Concurrent Start) (G1 Humongous Allocation) 3366M->1705M(4096M)"",""pause_ms"":96.022},{""line"":357,""gc_id"":23,""kind"":""Pause Young (Concurrent Start) (G1 Humongous Allocation) 1737M->1741M(4096M)"",""pause_ms"":45.853},{""line"":377,""gc_id"":25,""kind"":""Pause Young (Concurrent Start) (G1 Humongous Allocation) 1771M->1771M(4096M)"",""pause_ms"":0.537},{""line"":397,""gc_id"":27,""kind"":""Pause Young (Normal) (G1 Evacuation Pause) 2029M->1922M(4096M)"",""pause_ms"":9.69},{""line"":411,""gc_id"":28,""kind"":""Pause Young (Concurrent Start) (G1 Humongous Allocation) 1944M->1950M(4096M)"",""pause_ms"":5.896},{""line"":431,""gc_id"":30,""kind"":""Pause Young (Normal) (G1 Evacuation Pause) 2286M->2198M(4096M)"",""pause_ms"":15.081},{""line"":445,""gc_id"":31,""kind"":""Pause Young (Normal) (G1 Evacuation Pause) 2536M->2478M(4096M)"",""pause_ms"":21.397},{""line"":459,""gc_id"":32,""kind"":""Pause Young (Normal) (G1 Evacuation Pause) 2820M->2820M(4096M)"",""pause_ms"":28.907},{""line"":473,""gc_id"":33,""kind"":""Pause Young (Normal) (G1 Evacuation Pause) 3010M->3015M(4096M)"",""pause_ms"":28.42}]"
hardwood,hardwoodToColumnarBatch,10000000,1000000,2,warmup,4,gc/hardwood-85165-2026-09-16_23-14-01.txt,514,628,8,182.928,"[{""line"":528,""gc_id"":36,""kind"":""Pause Young (Normal) (G1 Evacuation Pause) 1076M->882M(4096M)"",""pause_ms"":1.612},{""line"":542,""gc_id"":37,""kind"":""Pause Young (Normal) (G1 Evacuation Pause) 1356M->1183M(4096M)"",""pause_ms"":10.672},{""line"":556,""gc_id"":38,""kind"":""Pause Young (Normal) (G1 Evacuation Pause) 1693M->1528M(4096M)"",""pause_ms"":23.193},{""line"":570,""gc_id"":39,""kind"":""Pause Young (Normal) (G1 Evacuation Pause) 2240M->2029M(4096M)"",""pause_ms"":32.594},{""line"":584,""gc_id"":40,""kind"":""Pause Young (Concurrent Start) (G1 Humongous Allocation) 2067M->2058M(4096M)"",""pause_ms"":9.061},{""line"":604,""gc_id"":42,""kind"":""Pause Young (Normal) (G1 Evacuation Pause) 2932M->2683M(4096M)"",""pause_ms"":43.214},{""line"":610,""gc_id"":41,""kind"":""Pause Remark 3511M->3027M(4096M)"",""pause_ms"":0.778},{""line"":626,""gc_id"":43,""kind"":""Pause Young (Normal) (G1 Evacuation Pause) 3211M->3028M(4096M)"",""pause_ms"":61.804}]"
hardwood,hardwoodToColumnarBatch,10000000,1000000,2,warmup,5,gc/hardwood-85165-2026-09-16_23-14-01.txt,667,753,6,324.162,"[{""line"":681,""gc_id"":46,""kind"":""Pause Young (Normal) (G1 Evacuation Pause) 2054M->1364M(4096M)"",""pause_ms"":38.601},{""line"":695,""gc_id"":47,""kind"":""Pause Young (Normal) (G1 Evacuation Pause) 2590M->2224M(4096M)"",""pause_ms"":66.79},{""line"":709,""gc_id"":48,""kind"":""Pause Young (Concurrent Start) (G1 Humongous Allocation) 2236M->2240M(4096M)"",""pause_ms"":14.413},{""line"":729,""gc_id"":50,""kind"":""Pause Young (Normal) (G1 Evacuation Pause) (Evacuation Failure: Allocation) 3664M->3414M(4096M)"",""pause_ms"":138.807},{""line"":735,""gc_id"":49,""kind"":""Pause Remark 3607M->3119M(4096M)"",""pause_ms"":1.042},{""line"":751,""gc_id"":51,""kind"":""Pause Young (Normal) (G1 Evacuation Pause) 3218M->3019M(4096M)"",""pause_ms"":64.509}]"
hardwood,hardwoodToColumnarBatch,10000000,1000000,2,measurement,1,gc/hardwood-85165-2026-09-16_23-14-01.txt,792,842,3,291.11,"[{""line"":806,""gc_id"":54,""kind"":""Pause Young (Normal) (G1 Evacuation Pause) 2880M->1635M(4096M)"",""pause_ms"":69.311},{""line"":820,""gc_id"":55,""kind"":""Pause Young (Concurrent Start) (G1 Humongous Allocation) 2557M->2328M(4096M)"",""pause_ms"":69.751},{""line"":840,""gc_id"":57,""kind"":""Pause Young (Normal) (G1 Evacuation Pause) (Evacuation Failure: Allocation) 3472M->3304M(4096M)"",""pause_ms"":152.048}]"
hardwood,hardwoodToColumnarBatch,10000000,1000000,2,measurement,2,gc/hardwood-85165-2026-09-16_23-14-01.txt,881,931,3,242.724,"[{""line"":895,""gc_id"":60,""kind"":""Pause Young (Normal) (G1 Evacuation Pause) 3314M->1801M(4096M)"",""pause_ms"":96.544},{""line"":909,""gc_id"":61,""kind"":""Pause Young (Concurrent Start) (G1 Humongous Allocation) 2397M->2277M(4096M)"",""pause_ms"":50.947},{""line"":929,""gc_id"":63,""kind"":""Pause Young (Normal) (G1 Evacuation Pause) 3357M->2973M(4096M)"",""pause_ms"":95.233}]"
hardwood,hardwoodToColumnarBatch,10000000,1000000,2,measurement,3,gc/hardwood-85165-2026-09-16_23-14-01.txt,970,1012,2,168.338,"[{""line"":984,""gc_id"":66,""kind"":""Pause Young (Concurrent Start) (G1 Humongous Allocation) 3399M->1741M(4096M)"",""pause_ms"":98.201},{""line"":1004,""gc_id"":68,""kind"":""Pause Young (Concurrent Start) (G1 Humongous Allocation) 2659M->2429M(4096M)"",""pause_ms"":70.137}]"
hardwood,hardwoodToColumnarBatch,10000000,1000000,2,measurement,4,gc/hardwood-85165-2026-09-16_23-14-01.txt,1051,1093,2,166.109,"[{""line"":1065,""gc_id"":72,""kind"":""Pause Young (Concurrent Start) (G1 Humongous Allocation) 3398M->1741M(4096M)"",""pause_ms"":94.296},{""line"":1085,""gc_id"":74,""kind"":""Pause Young (Concurrent Start) (G1 Humongous Allocation) 2557M->2327M(4096M)"",""pause_ms"":71.813}]"
hardwood,hardwoodToColumnarBatch,10000000,1000000,2,measurement,5,gc/hardwood-85165-2026-09-16_23-14-01.txt,1132,1234,5,160.783,"[{""line"":1146,""gc_id"":78,""kind"":""Pause Young (Concurrent Start) (G1 Humongous Allocation) 3400M->1742M(4096M)"",""pause_ms"":94.473},{""line"":1166,""gc_id"":80,""kind"":""Pause Young (Concurrent Start) (G1 Humongous Allocation) 1802M->1808M(4096M)"",""pause_ms"":31.558},{""line"":1186,""gc_id"":82,""kind"":""Pause Young (Concurrent Start) (G1 Humongous Allocation) 1830M->1824M(4096M)"",""pause_ms"":1.339},{""line"":1206,""gc_id"":84,""kind"":""Pause Young (Concurrent Start) (G1 Humongous Allocation) 2055M->1941M(4096M)"",""pause_ms"":11.866},{""line"":1226,""gc_id"":86,""kind"":""Pause Young (Concurrent Start) (G1 Humongous Allocation) 1997M->1996M(4096M)"",""pause_ms"":21.547}]"
hardwood,hardwoodToColumnarBatch,10000000,1000000,2,measurement,6,gc/hardwood-85165-2026-09-16_23-14-01.txt,1273,1355,4,168.291,"[{""line"":1287,""gc_id"":90,""kind"":""Pause Young (Concurrent Start) (G1 Humongous Allocation) 3399M->1742M(4096M)"",""pause_ms"":92.07},{""line"":1307,""gc_id"":92,""kind"":""Pause Young (Concurrent Start) (G1 Humongous Allocation) 1779M->1782M(4096M)"",""pause_ms"":43.744},{""line"":1327,""gc_id"":94,""kind"":""Pause Young (Concurrent Start) (G1 Humongous Allocation) 2057M->1941M(4096M)"",""pause_ms"":11.615},{""line"":1347,""gc_id"":96,""kind"":""Pause Young (Concurrent Start) (G1 Humongous Allocation) 1999M->1997M(4096M)"",""pause_ms"":20.862}]"
hardwood,hardwoodToColumnarBatch,10000000,1000000,2,measurement,7,gc/hardwood-85165-2026-09-16_23-14-01.txt,1394,1476,4,174.227,"[{""line"":1408,""gc_id"":100,""kind"":""Pause Young (Concurrent Start) (G1 Humongous Allocation) 3400M->1742M(4096M)"",""pause_ms"":97.752},{""line"":1428,""gc_id"":102,""kind"":""Pause Young (Concurrent Start) (G1 Humongous Allocation) 1796M->1801M(4096M)"",""pause_ms"":43.347},{""line"":1448,""gc_id"":104,""kind"":""Pause Young (Concurrent Start) (G1 Humongous Allocation) 2058M->1940M(4096M)"",""pause_ms"":11.913},{""line"":1468,""gc_id"":106,""kind"":""Pause Young (Concurrent Start) (G1 Humongous Allocation) 1998M->1994M(4096M)"",""pause_ms"":21.215}]"
hardwood,hardwoodToColumnarBatch,10000000,1000000,2,measurement,8,gc/hardwood-85165-2026-09-16_23-14-01.txt,1515,1597,4,163.916,"[{""line"":1529,""gc_id"":110,""kind"":""Pause Young (Concurrent Start) (G1 Humongous Allocation) 3400M->1742M(4096M)"",""pause_ms"":92.265},{""line"":1549,""gc_id"":112,""kind"":""Pause Young (Concurrent Start) (G1 Humongous Allocation) 1772M->1775M(4096M)"",""pause_ms"":40.337},{""line"":1569,""gc_id"":114,""kind"":""Pause Young (Concurrent Start) (G1 Humongous Allocation) 2060M->1942M(4096M)"",""pause_ms"":11.636},{""line"":1589,""gc_id"":116,""kind"":""Pause Young (Concurrent Start) (G1 Humongous Allocation) 1998M->1996M(4096M)"",""pause_ms"":19.678}]"
hardwood,hardwoodToColumnarBatch,10000000,1000000,2,measurement,9,gc/hardwood-85165-2026-09-16_23-14-01.txt,1636,1718,4,168.15099999999998,"[{""line"":1650,""gc_id"":120,""kind"":""Pause Young (Concurrent Start) (G1 Humongous Allocation) 3368M->1709M(4096M)"",""pause_ms"":97.883},{""line"":1670,""gc_id"":122,""kind"":""Pause Young (Concurrent Start) (G1 Humongous Allocation) 1817M->1816M(4096M)"",""pause_ms"":38.075},{""line"":1690,""gc_id"":124,""kind"":""Pause Young (Concurrent Start) (G1 Humongous Allocation) 2056M->1939M(4096M)"",""pause_ms"":11.963},{""line"":1710,""gc_id"":126,""kind"":""Pause Young (Concurrent Start) (G1 Humongous Allocation) 1998M->1996M(4096M)"",""pause_ms"":20.23}]"
hardwood,hardwoodToColumnarBatch,10000000,1000000,2,measurement,10,gc/hardwood-85165-2026-09-16_23-14-01.txt,1757,1847,4,168.955,"[{""line"":1771,""gc_id"":130,""kind"":""Pause Young (Concurrent Start) (G1 Humongous Allocation) 3369M->1709M(4096M)"",""pause_ms"":97.013},{""line"":1791,""gc_id"":132,""kind"":""Pause Young (Concurrent Start) (G1 Humongous Allocation) 1763M->1768M(4096M)"",""pause_ms"":39.644},{""line"":1811,""gc_id"":134,""kind"":""Pause Young (Concurrent Start) (G1 Humongous Allocation) 2053M->1941M(4096M)"",""pause_ms"":11.656},{""line"":1831,""gc_id"":136,""kind"":""Pause Young (Concurrent Start) (G1 Humongous Allocation) 1999M->1997M(4096M)"",""pause_ms"":20.642}]"
hardwood,hardwoodToColumnarBatch,10000000,1000000,3,warmup,1,gc/hardwood-85233-2026-09-16_23-14-23.txt,63,243,11,195.26199999999997,"[{""line"":77,""gc_id"":2,""kind"":""Pause Young (Normal) (G1 Evacuation Pause) 215M->20M(4096M)"",""pause_ms"":1.439},{""line"":91,""gc_id"":3,""kind"":""Pause Young (Normal) (G1 Evacuation Pause) 1294M->13M(4096M)"",""pause_ms"":0.961},{""line"":105,""gc_id"":4,""kind"":""Pause Young (Normal) (G1 Evacuation Pause) 2465M->37M(4096M)"",""pause_ms"":2.976},{""line"":119,""gc_id"":5,""kind"":""Pause Young (Normal) (G1 Evacuation Pause) 2467M->16M(4096M)"",""pause_ms"":1.208},{""line"":133,""gc_id"":6,""kind"":""Pause Young (Normal) (G1 Evacuation Pause) 2466M->62M(4096M)"",""pause_ms"":3.533},{""line"":147,""gc_id"":7,""kind"":""Pause Young (Normal) (G1 Evacuation Pause) 2466M->41M(4096M)"",""pause_ms"":1.746},{""line"":161,""gc_id"":8,""kind"":""Pause Young (Normal) (G1 Evacuation Pause) 3005M->568M(4096M)"",""pause_ms"":2.481},{""line"":175,""gc_id"":9,""kind"":""Pause Young (Concurrent Start) (G1 Humongous Allocation) 3438M->1803M(4096M)"",""pause_ms"":96.855},{""line"":195,""gc_id"":11,""kind"":""Pause Young (Concurrent Start) (G1 Humongous Allocation) 1815M->1820M(4096M)"",""pause_ms"":42.571},{""line"":215,""gc_id"":13,""kind"":""Pause Young (Concurrent Start) (G1 Humongous Allocation) 2104M->1991M(4096M)"",""pause_ms"":21.456},{""line"":235,""gc_id"":15,""kind"":""Pause Young (Concurrent Start) (G1 Humongous Allocation) 2008M->2009M(4096M)"",""pause_ms"":20.036}]"
hardwood,hardwoodToColumnarBatch,10000000,1000000,3,warmup,2,gc/hardwood-85233-2026-09-16_23-14-23.txt,282,364,4,178.626,"[{""line"":296,""gc_id"":19,""kind"":""Pause Young (Concurrent Start) (G1 Humongous Allocation) 3410M->1751M(4096M)"",""pause_ms"":100.828},{""line"":316,""gc_id"":21,""kind"":""Pause Young (Concurrent Start) (G1 Humongous Allocation) 1821M->1821M(4096M)"",""pause_ms"":45.583},{""line"":336,""gc_id"":23,""kind"":""Pause Young (Concurrent Start) (G1 Humongous Allocation) 2058M->1941M(4096M)"",""pause_ms"":11.828},{""line"":356,""gc_id"":25,""kind"":""Pause Young (Concurrent Start) (G1 Humongous Allocation) 1999M->1999M(4096M)"",""pause_ms"":20.387}]"
hardwood,hardwoodToColumnarBatch,10000000,1000000,3,warmup,3,gc/hardwood-85233-2026-09-16_23-14-23.txt,403,505,5,166.75599999999997,"[{""line"":417,""gc_id"":29,""kind"":""Pause Young (Concurrent Start) (G1 Humongous Allocation) 3367M->1705M(4096M)"",""pause_ms"":94.378},{""line"":437,""gc_id"":31,""kind"":""Pause Young (Concurrent Start) (G1 Humongous Allocation) 1795M->1799M(4096M)"",""pause_ms"":39.087},{""line"":457,""gc_id"":33,""kind"":""Pause Young (Concurrent Start) (G1 Humongous Allocation) 1817M->1817M(4096M)"",""pause_ms"":0.606},{""line"":477,""gc_id"":35,""kind"":""Pause Young (Concurrent Start) (G1 Humongous Allocation) 2058M->1940M(4096M)"",""pause_ms"":11.825},{""line"":497,""gc_id"":37,""kind"":""Pause Young (Concurrent Start) (G1 Humongous Allocation) 1998M->1994M(4096M)"",""pause_ms"":20.86}]"
hardwood,hardwoodToColumnarBatch,10000000,1000000,3,warmup,4,gc/hardwood-85233-2026-09-16_23-14-23.txt,544,626,4,167.22099999999998,"[{""line"":558,""gc_id"":41,""kind"":""Pause Young (Concurrent Start) (G1 Humongous Allocation) 3402M->1742M(4096M)"",""pause_ms"":93.528},{""line"":578,""gc_id"":43,""kind"":""Pause Young (Concurrent Start) (G1 Humongous Allocation) 1812M->1815M(4096M)"",""pause_ms"":40.763},{""line"":598,""gc_id"":45,""kind"":""Pause Young (Concurrent Start) (G1 Humongous Allocation) 2055M->1942M(4096M)"",""pause_ms"":11.748},{""line"":618,""gc_id"":47,""kind"":""Pause Young (Concurrent Start) (G1 Humongous Allocation) 2000M->1998M(4096M)"",""pause_ms"":21.182}]"
hardwood,hardwoodToColumnarBatch,10000000,1000000,3,warmup,5,gc/hardwood-85233-2026-09-16_23-14-23.txt,665,747,4,157.919,"[{""line"":679,""gc_id"":51,""kind"":""Pause Young (Concurrent Start) (G1 Humongous Allocation) 3401M->1741M(4096M)"",""pause_ms"":98.965},{""line"":699,""gc_id"":53,""kind"":""Pause Young (Concurrent Start) (G1 Humongous Allocation) 1779M->1783M(4096M)"",""pause_ms"":36.526},{""line"":719,""gc_id"":55,""kind"":""Pause Young (Concurrent Start) (G1 Humongous Allocation) 1803M->1805M(4096M)"",""pause_ms"":0.74},{""line"":739,""gc_id"":57,""kind"":""Pause Young (Concurrent Start) (G1 Humongous Allocation) 2105M->1988M(4096M)"",""pause_ms"":21.688}]"
hardwood,hardwoodToColumnarBatch,10000000,1000000,3,measurement,1,gc/hardwood-85233-2026-09-16_23-14-23.txt,786,868,4,166.95600000000002,"[{""line"":800,""gc_id"":61,""kind"":""Pause Young (Concurrent Start) (G1 Humongous Allocation) 3400M->1742M(4096M)"",""pause_ms"":95.372},{""line"":820,""gc_id"":63,""kind"":""Pause Young (Concurrent Start) (G1 Humongous Allocation) 1830M->1826M(4096M)"",""pause_ms"":40.459},{""line"":840,""gc_id"":65,""kind"":""Pause Young (Concurrent Start) (G1 Humongous Allocation) 2053M->1942M(4096M)"",""pause_ms"":11.551},{""line"":860,""gc_id"":67,""kind"":""Pause Young (Concurrent Start) (G1 Humongous Allocation) 2000M->1995M(4096M)"",""pause_ms"":19.574}]"
hardwood,hardwoodToColumnarBatch,10000000,1000000,3,measurement,2,gc/hardwood-85233-2026-09-16_23-14-23.txt,907,989,4,203.222,"[{""line"":921,""gc_id"":71,""kind"":""Pause Young (Concurrent Start) (G1 Humongous Allocation) (Evacuation Failure: Allocation) 3484M->1902M(4096M)"",""pause_ms"":116.452},{""line"":941,""gc_id"":73,""kind"":""Pause Young (Concurrent Start) (G1 Humongous Allocation) 1950M->1832M(4096M)"",""pause_ms"":48.325},{""line"":961,""gc_id"":75,""kind"":""Pause Young (Concurrent Start) (G1 Humongous Allocation) 2068M->1973M(4096M)"",""pause_ms"":21.038},{""line"":981,""gc_id"":77,""kind"":""Pause Young (Concurrent Start) (G1 Humongous Allocation) 2029M->2029M(4096M)"",""pause_ms"":17.407}]"
hardwood,hardwoodToColumnarBatch,10000000,1000000,3,measurement,3,gc/hardwood-85233-2026-09-16_23-14-23.txt,1028,1070,2,180.42700000000002,"[{""line"":1042,""gc_id"":81,""kind"":""Pause Young (Concurrent Start) (G1 Humongous Allocation) 3368M->1710M(4096M)"",""pause_ms"":97.287},{""line"":1062,""gc_id"":83,""kind"":""Pause Young (Concurrent Start) (G1 Humongous Allocation) 2674M->2434M(4096M)"",""pause_ms"":83.14}]"
hardwood,hardwoodToColumnarBatch,10000000,1000000,3,measurement,4,gc/hardwood-85233-2026-09-16_23-14-23.txt,1109,1151,2,180.848,"[{""line"":1123,""gc_id"":87,""kind"":""Pause Young (Concurrent Start) (G1 Humongous Allocation) 3390M->1732M(4096M)"",""pause_ms"":96.875},{""line"":1143,""gc_id"":89,""kind"":""Pause Young (Concurrent Start) (G1 Humongous Allocation) 2751M->2460M(4096M)"",""pause_ms"":83.973}]"
hardwood,hardwoodToColumnarBatch,10000000,1000000,3,measurement,5,gc/hardwood-85233-2026-09-16_23-14-23.txt,1190,1272,4,166.855,"[{""line"":1204,""gc_id"":93,""kind"":""Pause Young (Concurrent Start) (G1 Humongous Allocation) 3368M->1709M(4096M)"",""pause_ms"":94.21},{""line"":1224,""gc_id"":95,""kind"":""Pause Young (Concurrent Start) (G1 Humongous Allocation) 1764M->1768M(4096M)"",""pause_ms"":40.239},{""line"":1244,""gc_id"":97,""kind"":""Pause Young (Concurrent Start) (G1 Humongous Allocation) 2051M->1941M(4096M)"",""pause_ms"":11.505},{""line"":1264,""gc_id"":99,""kind"":""Pause Young (Concurrent Start) (G1 Humongous Allocation) 1999M->1995M(4096M)"",""pause_ms"":20.901}]"
hardwood,hardwoodToColumnarBatch,10000000,1000000,3,measurement,6,gc/hardwood-85233-2026-09-16_23-14-23.txt,1311,1393,4,172.83599999999998,"[{""line"":1325,""gc_id"":103,""kind"":""Pause Young (Concurrent Start) (G1 Humongous Allocation) 3369M->1710M(4096M)"",""pause_ms"":101.065},{""line"":1345,""gc_id"":105,""kind"":""Pause Young (Concurrent Start) (G1 Humongous Allocation) 1781M->1786M(4096M)"",""pause_ms"":39.41},{""line"":1365,""gc_id"":107,""kind"":""Pause Young (Concurrent Start) (G1 Humongous Allocation) 2053M->1940M(4096M)"",""pause_ms"":11.666},{""line"":1385,""gc_id"":109,""kind"":""Pause Young (Concurrent Start) (G1 Humongous Allocation) 1998M->1997M(4096M)"",""pause_ms"":20.695}]"
hardwood,hardwoodToColumnarBatch,10000000,1000000,3,measurement,7,gc/hardwood-85233-2026-09-16_23-14-23.txt,1432,1534,5,173.93099999999998,"[{""line"":1446,""gc_id"":113,""kind"":""Pause Young (Concurrent Start) (G1 Humongous Allocation) 3367M->1710M(4096M)"",""pause_ms"":94.503},{""line"":1466,""gc_id"":115,""kind"":""Pause Young (Concurrent Start) (G1 Humongous Allocation) 1786M->1783M(4096M)"",""pause_ms"":44.509},{""line"":1486,""gc_id"":117,""kind"":""Pause Young (Concurrent Start) (G1 Humongous Allocation) 1817M->1800M(4096M)"",""pause_ms"":1.367},{""line"":1506,""gc_id"":119,""kind"":""Pause Young (Concurrent Start) (G1 Humongous Allocation) 2052M->1943M(4096M)"",""pause_ms"":11.768},{""line"":1526,""gc_id"":121,""kind"":""Pause Young (Concurrent Start) (G1 Humongous Allocation) 1998M->1997M(4096M)"",""pause_ms"":21.784}]"
hardwood,hardwoodToColumnarBatch,10000000,1000000,3,measurement,8,gc/hardwood-85233-2026-09-16_23-14-23.txt,1573,1655,4,188.706,"[{""line"":1587,""gc_id"":125,""kind"":""Pause Young (Concurrent Start) (G1 Humongous Allocation) 3397M->1743M(4096M)"",""pause_ms"":102.187},{""line"":1607,""gc_id"":127,""kind"":""Pause Young (Concurrent Start) (G1 Humongous Allocation) 1823M->1825M(4096M)"",""pause_ms"":53.824},{""line"":1627,""gc_id"":129,""kind"":""Pause Young (Concurrent Start) (G1 Humongous Allocation) 2060M->1943M(4096M)"",""pause_ms"":12.005},{""line"":1647,""gc_id"":131,""kind"":""Pause Young (Concurrent Start) (G1 Humongous Allocation) 2001M->1997M(4096M)"",""pause_ms"":20.69}]"
hardwood,hardwoodToColumnarBatch,10000000,1000000,3,measurement,9,gc/hardwood-85233-2026-09-16_23-14-23.txt,1694,1776,4,169.562,"[{""line"":1708,""gc_id"":135,""kind"":""Pause Young (Concurrent Start) (G1 Humongous Allocation) 3400M->1742M(4096M)"",""pause_ms"":99.1},{""line"":1728,""gc_id"":137,""kind"":""Pause Young (Concurrent Start) (G1 Humongous Allocation) 1828M->1826M(4096M)"",""pause_ms"":38.092},{""line"":1748,""gc_id"":139,""kind"":""Pause Young (Concurrent Start) (G1 Humongous Allocation) 2056M->1942M(4096M)"",""pause_ms"":11.862},{""line"":1768,""gc_id"":141,""kind"":""Pause Young (Concurrent Start) (G1 Humongous Allocation) 1999M->1998M(4096M)"",""pause_ms"":20.508}]"
hardwood,hardwoodToColumnarBatch,10000000,1000000,3,measurement,10,gc/hardwood-85233-2026-09-16_23-14-23.txt,1815,1865,2,186.40300000000002,"[{""line"":1829,""gc_id"":145,""kind"":""Pause Young (Concurrent Start) (G1 Humongous Allocation) 3400M->1740M(4096M)"",""pause_ms"":91.795},{""line"":1849,""gc_id"":147,""kind"":""Pause Young (Concurrent Start) (G1 Humongous Allocation) 2656M->2425M(4096M)"",""pause_ms"":94.608}]"
hardwood,hardwoodToExecutorBackedColumnarBatch,100000,1000000,1,warmup,1,gc/hardwood-85290-2026-09-16_23-14-45.txt,63,79,1,2.105,"[{""line"":77,""gc_id"":2,""kind"":""Pause Young (Normal) (G1 Evacuation Pause) 403M->212M(4096M)"",""pause_ms"":2.105}]"
hardwood,hardwoodToExecutorBackedColumnarBatch,100000,1000000,1,warmup,2,gc/hardwood-85290-2026-09-16_23-14-45.txt,115,117,0,0,[]
hardwood,hardwoodToExecutorBackedColumnarBatch,100000,1000000,1,warmup,3,gc/hardwood-85290-2026-09-16_23-14-45.txt,153,155,0,0,[]
hardwood,hardwoodToExecutorBackedColumnarBatch,100000,1000000,1,warmup,4,gc/hardwood-85290-2026-09-16_23-14-45.txt,191,193,0,0,[]
hardwood,hardwoodToExecutorBackedColumnarBatch,100000,1000000,1,warmup,5,gc/hardwood-85290-2026-09-16_23-14-45.txt,229,231,0,0,[]
hardwood,hardwoodToExecutorBackedColumnarBatch,100000,1000000,1,measurement,1,gc/hardwood-85290-2026-09-16_23-14-45.txt,267,269,0,0,[]
hardwood,hardwoodToExecutorBackedColumnarBatch,100000,1000000,1,measurement,2,gc/hardwood-85290-2026-09-16_23-14-45.txt,305,307,0,0,[]
hardwood,hardwoodToExecutorBackedColumnarBatch,100000,1000000,1,measurement,3,gc/hardwood-85290-2026-09-16_23-14-45.txt,343,345,0,0,[]
hardwood,hardwoodToExecutorBackedColumnarBatch,100000,1000000,1,measurement,4,gc/hardwood-85290-2026-09-16_23-14-45.txt,381,383,0,0,[]
hardwood,hardwoodToExecutorBackedColumnarBatch,100000,1000000,1,measurement,5,gc/hardwood-85290-2026-09-16_23-14-45.txt,419,421,0,0,[]
hardwood,hardwoodToExecutorBackedColumnarBatch,100000,1000000,1,measurement,6,gc/hardwood-85290-2026-09-16_23-14-45.txt,457,459,0,0,[]
hardwood,hardwoodToExecutorBackedColumnarBatch,100000,1000000,1,measurement,7,gc/hardwood-85290-2026-09-16_23-14-45.txt,495,497,0,0,[]
hardwood,hardwoodToExecutorBackedColumnarBatch,100000,1000000,1,measurement,8,gc/hardwood-85290-2026-09-16_23-14-45.txt,533,535,0,0,[]
hardwood,hardwoodToExecutorBackedColumnarBatch,100000,1000000,1,measurement,9,gc/hardwood-85290-2026-09-16_23-14-45.txt,571,573,0,0,[]
hardwood,hardwoodToExecutorBackedColumnarBatch,100000,1000000,1,measurement,10,gc/hardwood-85290-2026-09-16_23-14-45.txt,609,616,0,0,[]
hardwood,hardwoodToExecutorBackedColumnarBatch,100000,1000000,2,warmup,1,gc/hardwood-85326-2026-09-16_23-14-55.txt,63,79,1,2.225,"[{""line"":77,""gc_id"":2,""kind"":""Pause Young (Normal) (G1 Evacuation Pause) 387M->198M(4096M)"",""pause_ms"":2.225}]"
hardwood,hardwoodToExecutorBackedColumnarBatch,100000,1000000,2,warmup,2,gc/hardwood-85326-2026-09-16_23-14-55.txt,115,117,0,0,[]
hardwood,hardwoodToExecutorBackedColumnarBatch,100000,1000000,2,warmup,3,gc/hardwood-85326-2026-09-16_23-14-55.txt,153,155,0,0,[]
hardwood,hardwoodToExecutorBackedColumnarBatch,100000,1000000,2,warmup,4,gc/hardwood-85326-2026-09-16_23-14-55.txt,191,193,0,0,[]
hardwood,hardwoodToExecutorBackedColumnarBatch,100000,1000000,2,warmup,5,gc/hardwood-85326-2026-09-16_23-14-55.txt,229,231,0,0,[]
hardwood,hardwoodToExecutorBackedColumnarBatch,100000,1000000,2,measurement,1,gc/hardwood-85326-2026-09-16_23-14-55.txt,267,269,0,0,[]
hardwood,hardwoodToExecutorBackedColumnarBatch,100000,1000000,2,measurement,2,gc/hardwood-85326-2026-09-16_23-14-55.txt,305,307,0,0,[]
hardwood,hardwoodToExecutorBackedColumnarBatch,100000,1000000,2,measurement,3,gc/hardwood-85326-2026-09-16_23-14-55.txt,343,345,0,0,[]
hardwood,hardwoodToExecutorBackedColumnarBatch,100000,1000000,2,measurement,4,gc/hardwood-85326-2026-09-16_23-14-55.txt,381,383,0,0,[]
hardwood,hardwoodToExecutorBackedColumnarBatch,100000,1000000,2,measurement,5,gc/hardwood-85326-2026-09-16_23-14-55.txt,419,421,0,0,[]
hardwood,hardwoodToExecutorBackedColumnarBatch,100000,1000000,2,measurement,6,gc/hardwood-85326-2026-09-16_23-14-55.txt,457,459,0,0,[]
hardwood,hardwoodToExecutorBackedColumnarBatch,100000,1000000,2,measurement,7,gc/hardwood-85326-2026-09-16_23-14-55.txt,495,497,0,0,[]
hardwood,hardwoodToExecutorBackedColumnarBatch,100000,1000000,2,measurement,8,gc/hardwood-85326-2026-09-16_23-14-55.txt,533,535,0,0,[]
hardwood,hardwoodToExecutorBackedColumnarBatch,100000,1000000,2,measurement,9,gc/hardwood-85326-2026-09-16_23-14-55.txt,571,573,0,0,[]
hardwood,hardwoodToExecutorBackedColumnarBatch,100000,1000000,2,measurement,10,gc/hardwood-85326-2026-09-16_23-14-55.txt,609,616,0,0,[]
hardwood,hardwoodToExecutorBackedColumnarBatch,100000,1000000,3,warmup,1,gc/hardwood-85398-2026-09-16_23-15-05.txt,63,79,1,1.917,"[{""line"":77,""gc_id"":2,""kind"":""Pause Young (Normal) (G1 Evacuation Pause) 403M->212M(4096M)"",""pause_ms"":1.917}]"
hardwood,hardwoodToExecutorBackedColumnarBatch,100000,1000000,3,warmup,2,gc/hardwood-85398-2026-09-16_23-15-05.txt,115,117,0,0,[]
hardwood,hardwoodToExecutorBackedColumnarBatch,100000,1000000,3,warmup,3,gc/hardwood-85398-2026-09-16_23-15-05.txt,153,155,0,0,[]
hardwood,hardwoodToExecutorBackedColumnarBatch,100000,1000000,3,warmup,4,gc/hardwood-85398-2026-09-16_23-15-05.txt,191,193,0,0,[]
hardwood,hardwoodToExecutorBackedColumnarBatch,100000,1000000,3,warmup,5,gc/hardwood-85398-2026-09-16_23-15-05.txt,229,231,0,0,[]
hardwood,hardwoodToExecutorBackedColumnarBatch,100000,1000000,3,measurement,1,gc/hardwood-85398-2026-09-16_23-15-05.txt,267,269,0,0,[]
hardwood,hardwoodToExecutorBackedColumnarBatch,100000,1000000,3,measurement,2,gc/hardwood-85398-2026-09-16_23-15-05.txt,305,307,0,0,[]
hardwood,hardwoodToExecutorBackedColumnarBatch,100000,1000000,3,measurement,3,gc/hardwood-85398-2026-09-16_23-15-05.txt,343,345,0,0,[]
hardwood,hardwoodToExecutorBackedColumnarBatch,100000,1000000,3,measurement,4,gc/hardwood-85398-2026-09-16_23-15-05.txt,381,383,0,0,[]
hardwood,hardwoodToExecutorBackedColumnarBatch,100000,1000000,3,measurement,5,gc/hardwood-85398-2026-09-16_23-15-05.txt,419,421,0,0,[]
hardwood,hardwoodToExecutorBackedColumnarBatch,100000,1000000,3,measurement,6,gc/hardwood-85398-2026-09-16_23-15-05.txt,457,459,0,0,[]
hardwood,hardwoodToExecutorBackedColumnarBatch,100000,1000000,3,measurement,7,gc/hardwood-85398-2026-09-16_23-15-05.txt,495,497,0,0,[]
hardwood,hardwoodToExecutorBackedColumnarBatch,100000,1000000,3,measurement,8,gc/hardwood-85398-2026-09-16_23-15-05.txt,533,535,0,0,[]
hardwood,hardwoodToExecutorBackedColumnarBatch,100000,1000000,3,measurement,9,gc/hardwood-85398-2026-09-16_23-15-05.txt,571,573,0,0,[]
hardwood,hardwoodToExecutorBackedColumnarBatch,100000,1000000,3,measurement,10,gc/hardwood-85398-2026-09-16_23-15-05.txt,609,616,0,0,[]
hardwood,hardwoodToExecutorBackedColumnarBatch,10000000,1000000,1,warmup,1,gc/hardwood-85437-2026-09-16_23-15-15.txt,63,267,13,397.915,"[{""line"":77,""gc_id"":2,""kind"":""Pause Young (Normal) (G1 Evacuation Pause) 215M->20M(4096M)"",""pause_ms"":1.473},{""line"":91,""gc_id"":3,""kind"":""Pause Young (Normal) (G1 Evacuation Pause) 1194M->74M(4096M)"",""pause_ms"":5.515},{""line"":105,""gc_id"":4,""kind"":""Pause Young (Normal) (G1 Evacuation Pause) 2466M->29M(4096M)"",""pause_ms"":2.568},{""line"":119,""gc_id"":5,""kind"":""Pause Young (Normal) (G1 Evacuation Pause) 2465M->75M(4096M)"",""pause_ms"":5.321},{""line"":133,""gc_id"":6,""kind"":""Pause Young (Normal) (G1 Evacuation Pause) 2465M->52M(4096M)"",""pause_ms"":2.257},{""line"":147,""gc_id"":7,""kind"":""Pause Young (Normal) (G1 Evacuation Pause) 2466M->31M(4096M)"",""pause_ms"":1.778},{""line"":161,""gc_id"":8,""kind"":""Pause Young (Normal) (G1 Evacuation Pause) 2465M->77M(4096M)"",""pause_ms"":3.404},{""line"":175,""gc_id"":9,""kind"":""Pause Young (Concurrent Start) (G1 Humongous Allocation) (Evacuation Failure: Allocation) 3733M->1993M(4096M)"",""pause_ms"":171.084},{""line"":195,""gc_id"":11,""kind"":""Pause Young (Normal) (G1 Evacuation Pause) 2012M->1929M(4096M)"",""pause_ms"":112.195},{""line"":211,""gc_id"":12,""kind"":""Pause Young (Concurrent Start) (G1 Humongous Allocation) 2052M->1874M(4096M)"",""pause_ms"":45.6},{""line"":231,""gc_id"":14,""kind"":""Pause Young (Concurrent Start) (G1 Humongous Allocation) 1985M->1972M(4096M)"",""pause_ms"":21.044},{""line"":251,""gc_id"":16,""kind"":""Pause Young (Concurrent Start) (G1 Humongous Allocation) 2051M->2053M(4096M)"",""pause_ms"":24.476},{""line"":263,""gc_id"":17,""kind"":""Pause Remark 3291M->3077M(4096M)"",""pause_ms"":1.2}]"
hardwood,hardwoodToExecutorBackedColumnarBatch,10000000,1000000,1,warmup,2,gc/hardwood-85437-2026-09-16_23-15-15.txt,306,348,2,210.144,"[{""line"":320,""gc_id"":20,""kind"":""Pause Young (Concurrent Start) (G1 Humongous Allocation) (Evacuation Failure: Allocation) 3450M->1780M(4096M)"",""pause_ms"":122.132},{""line"":340,""gc_id"":22,""kind"":""Pause Young (Concurrent Start) (G1 Humongous Allocation) 2652M->2410M(4096M)"",""pause_ms"":88.012}]"
hardwood,hardwoodToExecutorBackedColumnarBatch,10000000,1000000,1,warmup,3,gc/hardwood-85437-2026-09-16_23-15-15.txt,387,469,4,170.52200000000002,"[{""line"":401,""gc_id"":26,""kind"":""Pause Young (Concurrent Start) (G1 Humongous Allocation) 3375M->1714M(4096M)"",""pause_ms"":94.4},{""line"":421,""gc_id"":28,""kind"":""Pause Young (Concurrent Start) (G1 Humongous Allocation) 1770M->1777M(4096M)"",""pause_ms"":42.661},{""line"":441,""gc_id"":30,""kind"":""Pause Young (Concurrent Start) (G1 Humongous Allocation) 2058M->1943M(4096M)"",""pause_ms"":11.959},{""line"":461,""gc_id"":32,""kind"":""Pause Young (Concurrent Start) (G1 Humongous Allocation) 2002M->1999M(4096M)"",""pause_ms"":21.502}]"
hardwood,hardwoodToExecutorBackedColumnarBatch,10000000,1000000,1,warmup,4,gc/hardwood-85437-2026-09-16_23-15-15.txt,508,570,3,157.30599999999998,"[{""line"":522,""gc_id"":36,""kind"":""Pause Young (Concurrent Start) (G1 Humongous Allocation) (Evacuation Failure: Allocation) 3446M->1800M(4096M)"",""pause_ms"":97.565},{""line"":542,""gc_id"":38,""kind"":""Pause Young (Concurrent Start) (G1 Humongous Allocation) 1818M->1808M(4096M)"",""pause_ms"":37.688},{""line"":562,""gc_id"":40,""kind"":""Pause Young (Concurrent Start) (G1 Humongous Allocation) 2103M->1991M(4096M)"",""pause_ms"":22.053}]"
hardwood,hardwoodToExecutorBackedColumnarBatch,10000000,1000000,1,warmup,5,gc/hardwood-85437-2026-09-16_23-15-15.txt,609,651,2,184.656,"[{""line"":623,""gc_id"":44,""kind"":""Pause Young (Concurrent Start) (G1 Humongous Allocation) 3391M->1734M(4096M)"",""pause_ms"":101.098},{""line"":643,""gc_id"":46,""kind"":""Pause Young (Concurrent Start) (G1 Humongous Allocation) 2658M->2421M(4096M)"",""pause_ms"":83.558}]"
hardwood,hardwoodToExecutorBackedColumnarBatch,10000000,1000000,1,measurement,1,gc/hardwood-85437-2026-09-16_23-15-15.txt,690,732,2,178.083,"[{""line"":704,""gc_id"":50,""kind"":""Pause Young (Concurrent Start) (G1 Humongous Allocation) 3376M->1718M(4096M)"",""pause_ms"":101.95},{""line"":724,""gc_id"":52,""kind"":""Pause Young (Concurrent Start) (G1 Humongous Allocation) 2605M->2378M(4096M)"",""pause_ms"":76.133}]"
hardwood,hardwoodToExecutorBackedColumnarBatch,10000000,1000000,1,measurement,2,gc/hardwood-85437-2026-09-16_23-15-15.txt,771,813,2,161.244,"[{""line"":785,""gc_id"":56,""kind"":""Pause Young (Concurrent Start) (G1 Humongous Allocation) 3368M->1709M(4096M)"",""pause_ms"":91.19},{""line"":805,""gc_id"":58,""kind"":""Pause Young (Concurrent Start) (G1 Humongous Allocation) 2582M->2351M(4096M)"",""pause_ms"":70.054}]"
hardwood,hardwoodToExecutorBackedColumnarBatch,10000000,1000000,1,measurement,3,gc/hardwood-85437-2026-09-16_23-15-15.txt,852,894,2,173.337,"[{""line"":866,""gc_id"":62,""kind"":""Pause Young (Concurrent Start) (G1 Humongous Allocation) 3408M->1751M(4096M)"",""pause_ms"":99.064},{""line"":886,""gc_id"":64,""kind"":""Pause Young (Concurrent Start) (G1 Humongous Allocation) 2663M->2426M(4096M)"",""pause_ms"":74.273}]"
hardwood,hardwoodToExecutorBackedColumnarBatch,10000000,1000000,1,measurement,4,gc/hardwood-85437-2026-09-16_23-15-15.txt,933,975,2,193.122,"[{""line"":947,""gc_id"":68,""kind"":""Pause Young (Concurrent Start) (G1 Humongous Allocation) 3399M->1742M(4096M)"",""pause_ms"":94.547},{""line"":967,""gc_id"":70,""kind"":""Pause Young (Concurrent Start) (G1 Humongous Allocation) 2596M->2365M(4096M)"",""pause_ms"":98.575}]"
hardwood,hardwoodToExecutorBackedColumnarBatch,10000000,1000000,1,measurement,5,gc/hardwood-85437-2026-09-16_23-15-15.txt,1014,1077,3,332.72700000000003,"[{""line"":1029,""gc_id"":74,""kind"":""Pause Young (Concurrent Start) (G1 Humongous Allocation) (Evacuation Failure: Allocation) 3472M->1888M(4096M)"",""pause_ms"":215.282},{""line"":1049,""gc_id"":76,""kind"":""Pause Young (Concurrent Start) (G1 Humongous Allocation) 2607M->1984M(4096M)"",""pause_ms"":95.269},{""line"":1069,""gc_id"":78,""kind"":""Pause Young (Concurrent Start) (G1 Humongous Allocation) 2076M->2081M(4096M)"",""pause_ms"":22.176}]"
hardwood,hardwoodToExecutorBackedColumnarBatch,10000000,1000000,1,measurement,6,gc/hardwood-85437-2026-09-16_23-15-15.txt,1116,1178,3,159.957,"[{""line"":1130,""gc_id"":82,""kind"":""Pause Young (Concurrent Start) (G1 Humongous Allocation) (Evacuation Failure: Allocation) 3470M->1868M(4096M)"",""pause_ms"":98.782},{""line"":1150,""gc_id"":84,""kind"":""Pause Young (Concurrent Start) (G1 Humongous Allocation) 1894M->1821M(4096M)"",""pause_ms"":39.056},{""line"":1170,""gc_id"":86,""kind"":""Pause Young (Concurrent Start) (G1 Humongous Allocation) 2094M->1984M(4096M)"",""pause_ms"":22.119}]"
hardwood,hardwoodToExecutorBackedColumnarBatch,10000000,1000000,1,measurement,7,gc/hardwood-85437-2026-09-16_23-15-15.txt,1217,1259,2,185.197,"[{""line"":1231,""gc_id"":90,""kind"":""Pause Young (Concurrent Start) (G1 Humongous Allocation) 3390M->1734M(4096M)"",""pause_ms"":95.96},{""line"":1251,""gc_id"":92,""kind"":""Pause Young (Concurrent Start) (G1 Humongous Allocation) 2664M->2428M(4096M)"",""pause_ms"":89.237}]"
hardwood,hardwoodToExecutorBackedColumnarBatch,10000000,1000000,1,measurement,8,gc/hardwood-85437-2026-09-16_23-15-15.txt,1298,1360,3,152.124,"[{""line"":1312,""gc_id"":96,""kind"":""Pause Young (Concurrent Start) (G1 Humongous Allocation) 3431M->1773M(4096M)"",""pause_ms"":100.057},{""line"":1332,""gc_id"":98,""kind"":""Pause Young (Concurrent Start) (G1 Humongous Allocation) 1817M->1822M(4096M)"",""pause_ms"":29.596},{""line"":1352,""gc_id"":100,""kind"":""Pause Young (Concurrent Start) (G1 Humongous Allocation) 2107M->1990M(4096M)"",""pause_ms"":22.471}]"
hardwood,hardwoodToExecutorBackedColumnarBatch,10000000,1000000,1,measurement,9,gc/hardwood-85437-2026-09-16_23-15-15.txt,1399,1501,5,162.589,"[{""line"":1413,""gc_id"":104,""kind"":""Pause Young (Concurrent Start) (G1 Humongous Allocation) 3368M->1709M(4096M)"",""pause_ms"":95.756},{""line"":1433,""gc_id"":106,""kind"":""Pause Young (Concurrent Start) (G1 Humongous Allocation) 1775M->1783M(4096M)"",""pause_ms"":32.273},{""line"":1453,""gc_id"":108,""kind"":""Pause Young (Concurrent Start) (G1 Humongous Allocation) 1817M->1799M(4096M)"",""pause_ms"":1.389},{""line"":1473,""gc_id"":110,""kind"":""Pause Young (Concurrent Start) (G1 Humongous Allocation) 2054M->1942M(4096M)"",""pause_ms"":12.218},{""line"":1493,""gc_id"":112,""kind"":""Pause Young (Concurrent Start) (G1 Humongous Allocation) 2000M->1995M(4096M)"",""pause_ms"":20.953}]"
hardwood,hardwoodToExecutorBackedColumnarBatch,10000000,1000000,1,measurement,10,gc/hardwood-85437-2026-09-16_23-15-15.txt,1540,1590,2,195.18,"[{""line"":1554,""gc_id"":116,""kind"":""Pause Young (Concurrent Start) (G1 Humongous Allocation) (Evacuation Failure: Allocation) 3472M->1894M(4096M)"",""pause_ms"":110.68},{""line"":1574,""gc_id"":118,""kind"":""Pause Young (Concurrent Start) (G1 Humongous Allocation) 2738M->2111M(4096M)"",""pause_ms"":84.5}]"
hardwood,hardwoodToExecutorBackedColumnarBatch,10000000,1000000,2,warmup,1,gc/hardwood-85502-2026-09-16_23-15-39.txt,63,260,12,272.954,"[{""line"":77,""gc_id"":2,""kind"":""Pause Young (Normal) (G1 Evacuation Pause) 215M->21M(4096M)"",""pause_ms"":1.508},{""line"":91,""gc_id"":3,""kind"":""Pause Young (Normal) (G1 Evacuation Pause) 1267M->77M(4096M)"",""pause_ms"":5.32},{""line"":105,""gc_id"":4,""kind"":""Pause Young (Normal) (G1 Evacuation Pause) 2465M->32M(4096M)"",""pause_ms"":2.537},{""line"":119,""gc_id"":5,""kind"":""Pause Young (Normal) (G1 Evacuation Pause) 2466M->78M(4096M)"",""pause_ms"":4.744},{""line"":133,""gc_id"":6,""kind"":""Pause Young (Normal) (G1 Evacuation Pause) 2466M->55M(4096M)"",""pause_ms"":2.183},{""line"":147,""gc_id"":7,""kind"":""Pause Young (Normal) (G1 Evacuation Pause) 2465M->34M(4096M)"",""pause_ms"":1.611},{""line"":161,""gc_id"":8,""kind"":""Pause Young (Normal) (G1 Evacuation Pause) 2466M->79M(4096M)"",""pause_ms"":3.107},{""line"":175,""gc_id"":9,""kind"":""Pause Young (Concurrent Start) (G1 Humongous Allocation) (Evacuation Failure: Allocation) 3625M->1956M(4096M)"",""pause_ms"":111.254},{""line"":196,""gc_id"":11,""kind"":""Pause Young (Normal) (G1 Evacuation Pause) 1964M->1882M(4096M)"",""pause_ms"":89.636},{""line"":212,""gc_id"":12,""kind"":""Pause Young (Concurrent Start) (G1 Humongous Allocation) 2044M->1879M(4096M)"",""pause_ms"":10.09},{""line"":232,""gc_id"":14,""kind"":""Pause Young (Concurrent Start) (G1 Humongous Allocation) 2006M->1986M(4096M)"",""pause_ms"":21.1},{""line"":252,""gc_id"":16,""kind"":""Pause Young (Concurrent Start) (G1 Humongous Allocation) 2030M->2028M(4096M)"",""pause_ms"":19.864}]"
hardwood,hardwoodToExecutorBackedColumnarBatch,10000000,1000000,2,warmup,2,gc/hardwood-85502-2026-09-16_23-15-39.txt,299,341,2,179.089,"[{""line"":313,""gc_id"":20,""kind"":""Pause Young (Concurrent Start) (G1 Humongous Allocation) (Evacuation Failure: Allocation) 3478M->1898M(4096M)"",""pause_ms"":95.537},{""line"":333,""gc_id"":22,""kind"":""Pause Young (Concurrent Start) (G1 Humongous Allocation) 2746M->2200M(4096M)"",""pause_ms"":83.552}]"
hardwood,hardwoodToExecutorBackedColumnarBatch,10000000,1000000,2,warmup,3,gc/hardwood-85502-2026-09-16_23-15-39.txt,380,462,4,193.14900000000003,"[{""line"":394,""gc_id"":26,""kind"":""Pause Young (Concurrent Start) (G1 Humongous Allocation) (Evacuation Failure: Allocation) 3486M->1892M(4096M)"",""pause_ms"":107.617},{""line"":414,""gc_id"":28,""kind"":""Pause Young (Concurrent Start) (G1 Humongous Allocation) 1916M->1829M(4096M)"",""pause_ms"":45.772},{""line"":434,""gc_id"":30,""kind"":""Pause Young (Concurrent Start) (G1 Humongous Allocation) 2083M->1981M(4096M)"",""pause_ms"":20.823},{""line"":454,""gc_id"":32,""kind"":""Pause Young (Concurrent Start) (G1 Humongous Allocation) 2019M->2018M(4096M)"",""pause_ms"":18.937}]"
hardwood,hardwoodToExecutorBackedColumnarBatch,10000000,1000000,2,warmup,4,gc/hardwood-85502-2026-09-16_23-15-39.txt,501,543,2,180.999,"[{""line"":515,""gc_id"":36,""kind"":""Pause Young (Concurrent Start) (G1 Humongous Allocation) 3370M->1709M(4096M)"",""pause_ms"":95.616},{""line"":535,""gc_id"":38,""kind"":""Pause Young (Concurrent Start) (G1 Humongous Allocation) 2755M->2464M(4096M)"",""pause_ms"":85.383}]"
hardwood,hardwoodToExecutorBackedColumnarBatch,10000000,1000000,2,warmup,5,gc/hardwood-85502-2026-09-16_23-15-39.txt,582,624,2,175.66,"[{""line"":596,""gc_id"":42,""kind"":""Pause Young (Concurrent Start) (G1 Humongous Allocation) (Evacuation Failure: Allocation) 3471M->1879M(4096M)"",""pause_ms"":95.696},{""line"":616,""gc_id"":44,""kind"":""Pause Young (Concurrent Start) (G1 Humongous Allocation) 2693M->2084M(4096M)"",""pause_ms"":79.964}]"
hardwood,hardwoodToExecutorBackedColumnarBatch,10000000,1000000,2,measurement,1,gc/hardwood-85502-2026-09-16_23-15-39.txt,663,725,3,168.596,"[{""line"":677,""gc_id"":48,""kind"":""Pause Young (Concurrent Start) (G1 Humongous Allocation) 3368M->1709M(4096M)"",""pause_ms"":108.41},{""line"":697,""gc_id"":50,""kind"":""Pause Young (Concurrent Start) (G1 Humongous Allocation) 1805M->1812M(4096M)"",""pause_ms"":36.567},{""line"":717,""gc_id"":52,""kind"":""Pause Young (Concurrent Start) (G1 Humongous Allocation) 2106M->1990M(4096M)"",""pause_ms"":23.619}]"
hardwood,hardwoodToExecutorBackedColumnarBatch,10000000,1000000,2,measurement,2,gc/hardwood-85502-2026-09-16_23-15-39.txt,764,806,2,176.12599999999998,"[{""line"":778,""gc_id"":56,""kind"":""Pause Young (Concurrent Start) (G1 Humongous Allocation) (Evacuation Failure: Allocation) 3460M->1882M(4096M)"",""pause_ms"":94.719},{""line"":798,""gc_id"":58,""kind"":""Pause Young (Concurrent Start) (G1 Humongous Allocation) 2686M->2168M(4096M)"",""pause_ms"":81.407}]"
hardwood,hardwoodToExecutorBackedColumnarBatch,10000000,1000000,2,measurement,3,gc/hardwood-85502-2026-09-16_23-15-39.txt,845,927,4,158.16,"[{""line"":859,""gc_id"":62,""kind"":""Pause Young (Concurrent Start) (G1 Humongous Allocation) 3368M->1709M(4096M)"",""pause_ms"":99.28},{""line"":879,""gc_id"":64,""kind"":""Pause Young (Concurrent Start) (G1 Humongous Allocation) 1771M->1776M(4096M)"",""pause_ms"":34.565},{""line"":899,""gc_id"":66,""kind"":""Pause Young (Concurrent Start) (G1 Humongous Allocation) 1822M->1818M(4096M)"",""pause_ms"":1.43},{""line"":919,""gc_id"":68,""kind"":""Pause Young (Concurrent Start) (G1 Humongous Allocation) 2105M->1991M(4096M)"",""pause_ms"":22.885}]"
hardwood,hardwoodToExecutorBackedColumnarBatch,10000000,1000000,2,measurement,4,gc/hardwood-85502-2026-09-16_23-15-39.txt,966,1008,2,183.954,"[{""line"":980,""gc_id"":72,""kind"":""Pause Young (Concurrent Start) (G1 Humongous Allocation) 3424M->1765M(4096M)"",""pause_ms"":98.027},{""line"":1000,""gc_id"":74,""kind"":""Pause Young (Concurrent Start) (G1 Humongous Allocation) 2753M->2461M(4096M)"",""pause_ms"":85.927}]"
hardwood,hardwoodToExecutorBackedColumnarBatch,10000000,1000000,2,measurement,5,gc/hardwood-85502-2026-09-16_23-15-39.txt,1047,1089,2,188.118,"[{""line"":1061,""gc_id"":78,""kind"":""Pause Young (Concurrent Start) (G1 Humongous Allocation) 3369M->1709M(4096M)"",""pause_ms"":104.023},{""line"":1081,""gc_id"":80,""kind"":""Pause Young (Concurrent Start) (G1 Humongous Allocation) 2661M->2428M(4096M)"",""pause_ms"":84.095}]"
hardwood,hardwoodToExecutorBackedColumnarBatch,10000000,1000000,2,measurement,6,gc/hardwood-85502-2026-09-16_23-15-39.txt,1128,1190,3,150.944,"[{""line"":1142,""gc_id"":84,""kind"":""Pause Young (Concurrent Start) (G1 Humongous Allocation) 3368M->1709M(4096M)"",""pause_ms"":96.441},{""line"":1162,""gc_id"":86,""kind"":""Pause Young (Concurrent Start) (G1 Humongous Allocation) 1803M->1808M(4096M)"",""pause_ms"":32.916},{""line"":1182,""gc_id"":88,""kind"":""Pause Young (Concurrent Start) (G1 Humongous Allocation) 2103M->1989M(4096M)"",""pause_ms"":21.587}]"
hardwood,hardwoodToExecutorBackedColumnarBatch,10000000,1000000,2,measurement,7,gc/hardwood-85502-2026-09-16_23-15-39.txt,1229,1291,3,176.402,"[{""line"":1243,""gc_id"":92,""kind"":""Pause Young (Concurrent Start) (G1 Humongous Allocation) (Evacuation Failure: Allocation) 3476M->1896M(4096M)"",""pause_ms"":106.893},{""line"":1263,""gc_id"":94,""kind"":""Pause Young (Concurrent Start) (G1 Humongous Allocation) 1922M->1824M(4096M)"",""pause_ms"":47.998},{""line"":1283,""gc_id"":96,""kind"":""Pause Young (Concurrent Start) (G1 Humongous Allocation) 2087M->1982M(4096M)"",""pause_ms"":21.511}]"
hardwood,hardwoodToExecutorBackedColumnarBatch,10000000,1000000,2,measurement,8,gc/hardwood-85502-2026-09-16_23-15-39.txt,1330,1412,4,162.195,"[{""line"":1344,""gc_id"":100,""kind"":""Pause Young (Concurrent Start) (G1 Humongous Allocation) 3407M->1750M(4096M)"",""pause_ms"":91.467},{""line"":1364,""gc_id"":102,""kind"":""Pause Young (Concurrent Start) (G1 Humongous Allocation) 1788M->1794M(4096M)"",""pause_ms"":38.66},{""line"":1384,""gc_id"":104,""kind"":""Pause Young (Concurrent Start) (G1 Humongous Allocation) 2058M->1942M(4096M)"",""pause_ms"":11.766},{""line"":1404,""gc_id"":106,""kind"":""Pause Young (Concurrent Start) (G1 Humongous Allocation) 1999M->1995M(4096M)"",""pause_ms"":20.302}]"
hardwood,hardwoodToExecutorBackedColumnarBatch,10000000,1000000,2,measurement,9,gc/hardwood-85502-2026-09-16_23-15-39.txt,1451,1493,2,172.551,"[{""line"":1465,""gc_id"":110,""kind"":""Pause Young (Concurrent Start) (G1 Humongous Allocation) 3401M->1741M(4096M)"",""pause_ms"":94.018},{""line"":1485,""gc_id"":112,""kind"":""Pause Young (Concurrent Start) (G1 Humongous Allocation) 2653M->2419M(4096M)"",""pause_ms"":78.533}]"
hardwood,hardwoodToExecutorBackedColumnarBatch,10000000,1000000,2,measurement,10,gc/hardwood-85502-2026-09-16_23-15-39.txt,1532,1582,2,199.474,"[{""line"":1546,""gc_id"":116,""kind"":""Pause Young (Concurrent Start) (G1 Humongous Allocation) 3368M->1709M(4096M)"",""pause_ms"":116.548},{""line"":1566,""gc_id"":118,""kind"":""Pause Young (Concurrent Start) (G1 Humongous Allocation) 2661M->2427M(4096M)"",""pause_ms"":82.926}]"
hardwood,hardwoodToExecutorBackedColumnarBatch,10000000,1000000,3,warmup,1,gc/hardwood-85583-2026-09-16_23-16-01.txt,63,203,9,223.916,"[{""line"":77,""gc_id"":2,""kind"":""Pause Young (Normal) (G1 Evacuation Pause) 215M->20M(4096M)"",""pause_ms"":1.365},{""line"":91,""gc_id"":3,""kind"":""Pause Young (Normal) (G1 Evacuation Pause) 1318M->14M(4096M)"",""pause_ms"":0.994},{""line"":105,""gc_id"":4,""kind"":""Pause Young (Normal) (G1 Evacuation Pause) 2466M->38M(4096M)"",""pause_ms"":2.871},{""line"":119,""gc_id"":5,""kind"":""Pause Young (Normal) (G1 Evacuation Pause) 2466M->17M(4096M)"",""pause_ms"":1.199},{""line"":133,""gc_id"":6,""kind"":""Pause Young (Normal) (G1 Evacuation Pause) 2465M->63M(4096M)"",""pause_ms"":3.73},{""line"":147,""gc_id"":7,""kind"":""Pause Young (Normal) (G1 Evacuation Pause) 2465M->41M(4096M)"",""pause_ms"":2.059},{""line"":161,""gc_id"":8,""kind"":""Pause Young (Normal) (G1 Evacuation Pause) 3131M->691M(4096M)"",""pause_ms"":2.557},{""line"":175,""gc_id"":9,""kind"":""Pause Young (Concurrent Start) (G1 Humongous Allocation) 3427M->1805M(4096M)"",""pause_ms"":107.3},{""line"":195,""gc_id"":11,""kind"":""Pause Young (Concurrent Start) (G1 Humongous Allocation) 2800M->2489M(4096M)"",""pause_ms"":101.841}]"
hardwood,hardwoodToExecutorBackedColumnarBatch,10000000,1000000,3,warmup,2,gc/hardwood-85583-2026-09-16_23-16-01.txt,242,304,3,219.168,"[{""line"":256,""gc_id"":15,""kind"":""Pause Young (Concurrent Start) (G1 Humongous Allocation) 3384M->1717M(4096M)"",""pause_ms"":138.651},{""line"":276,""gc_id"":17,""kind"":""Pause Young (Concurrent Start) (G1 Humongous Allocation) 1806M->1811M(4096M)"",""pause_ms"":57.513},{""line"":296,""gc_id"":19,""kind"":""Pause Young (Concurrent Start) (G1 Humongous Allocation) 2106M->1989M(4096M)"",""pause_ms"":23.004}]"
hardwood,hardwoodToExecutorBackedColumnarBatch,10000000,1000000,3,warmup,3,gc/hardwood-85583-2026-09-16_23-16-01.txt,343,385,2,182.587,"[{""line"":357,""gc_id"":23,""kind"":""Pause Young (Concurrent Start) (G1 Humongous Allocation) 3383M->1723M(4096M)"",""pause_ms"":97.879},{""line"":377,""gc_id"":25,""kind"":""Pause Young (Concurrent Start) (G1 Humongous Allocation) 2665M->2427M(4096M)"",""pause_ms"":84.708}]"
hardwood,hardwoodToExecutorBackedColumnarBatch,10000000,1000000,3,warmup,4,gc/hardwood-85583-2026-09-16_23-16-01.txt,424,466,2,170.296,"[{""line"":438,""gc_id"":29,""kind"":""Pause Young (Concurrent Start) (G1 Humongous Allocation) 3417M->1758M(4096M)"",""pause_ms"":97.119},{""line"":458,""gc_id"":31,""kind"":""Pause Young (Concurrent Start) (G1 Humongous Allocation) 2663M->2428M(4096M)"",""pause_ms"":73.177}]"
hardwood,hardwoodToExecutorBackedColumnarBatch,10000000,1000000,3,warmup,5,gc/hardwood-85583-2026-09-16_23-16-01.txt,505,547,2,186.421,"[{""line"":519,""gc_id"":35,""kind"":""Pause Young (Concurrent Start) (G1 Humongous Allocation) (Evacuation Failure: Allocation) 3471M->1885M(4096M)"",""pause_ms"":107.68},{""line"":539,""gc_id"":37,""kind"":""Pause Young (Concurrent Start) (G1 Humongous Allocation) 2597M->2015M(4096M)"",""pause_ms"":78.741}]"
hardwood,hardwoodToExecutorBackedColumnarBatch,10000000,1000000,3,measurement,1,gc/hardwood-85583-2026-09-16_23-16-01.txt,586,648,3,164.049,"[{""line"":600,""gc_id"":41,""kind"":""Pause Young (Concurrent Start) (G1 Humongous Allocation) (Evacuation Failure: Allocation) 3466M->1884M(4096M)"",""pause_ms"":103.187},{""line"":620,""gc_id"":43,""kind"":""Pause Young (Concurrent Start) (G1 Humongous Allocation) 1902M->1813M(4096M)"",""pause_ms"":38.825},{""line"":640,""gc_id"":45,""kind"":""Pause Young (Concurrent Start) (G1 Humongous Allocation) 2100M->1991M(4096M)"",""pause_ms"":22.037}]"
hardwood,hardwoodToExecutorBackedColumnarBatch,10000000,1000000,3,measurement,2,gc/hardwood-85583-2026-09-16_23-16-01.txt,687,749,3,164.34799999999998,"[{""line"":701,""gc_id"":49,""kind"":""Pause Young (Concurrent Start) (G1 Humongous Allocation) (Evacuation Failure: Allocation) 3468M->1868M(4096M)"",""pause_ms"":104.26},{""line"":721,""gc_id"":51,""kind"":""Pause Young (Concurrent Start) (G1 Humongous Allocation) 1884M->1813M(4096M)"",""pause_ms"":37.803},{""line"":741,""gc_id"":53,""kind"":""Pause Young (Concurrent Start) (G1 Humongous Allocation) 2108M->1992M(4096M)"",""pause_ms"":22.285}]"
hardwood,hardwoodToExecutorBackedColumnarBatch,10000000,1000000,3,measurement,3,gc/hardwood-85583-2026-09-16_23-16-01.txt,788,850,3,153.176,"[{""line"":802,""gc_id"":57,""kind"":""Pause Young (Concurrent Start) (G1 Humongous Allocation) (Evacuation Failure: Allocation) 3470M->1866M(4096M)"",""pause_ms"":98.597},{""line"":822,""gc_id"":59,""kind"":""Pause Young (Concurrent Start) (G1 Humongous Allocation) 1890M->1821M(4096M)"",""pause_ms"":33.365},{""line"":842,""gc_id"":61,""kind"":""Pause Young (Concurrent Start) (G1 Humongous Allocation) 2091M->1983M(4096M)"",""pause_ms"":21.214}]"
hardwood,hardwoodToExecutorBackedColumnarBatch,10000000,1000000,3,measurement,4,gc/hardwood-85583-2026-09-16_23-16-01.txt,889,931,2,182.60000000000002,"[{""line"":903,""gc_id"":65,""kind"":""Pause Young (Concurrent Start) (G1 Humongous Allocation) 3369M->1710M(4096M)"",""pause_ms"":101.432},{""line"":923,""gc_id"":67,""kind"":""Pause Young (Concurrent Start) (G1 Humongous Allocation) 2664M->2428M(4096M)"",""pause_ms"":81.168}]"
hardwood,hardwoodToExecutorBackedColumnarBatch,10000000,1000000,3,measurement,5,gc/hardwood-85583-2026-09-16_23-16-01.txt,970,1032,3,171.379,"[{""line"":984,""gc_id"":71,""kind"":""Pause Young (Concurrent Start) (G1 Humongous Allocation) 3376M->1719M(4096M)"",""pause_ms"":109.659},{""line"":1004,""gc_id"":73,""kind"":""Pause Young (Concurrent Start) (G1 Humongous Allocation) 1807M->1810M(4096M)"",""pause_ms"":38.163},{""line"":1024,""gc_id"":75,""kind"":""Pause Young (Concurrent Start) (G1 Humongous Allocation) 2104M->1991M(4096M)"",""pause_ms"":23.557}]"
hardwood,hardwoodToExecutorBackedColumnarBatch,10000000,1000000,3,measurement,6,gc/hardwood-85583-2026-09-16_23-16-01.txt,1071,1153,4,198.071,"[{""line"":1085,""gc_id"":79,""kind"":""Pause Young (Concurrent Start) (G1 Humongous Allocation) (Evacuation Failure: Allocation) 3471M->1885M(4096M)"",""pause_ms"":104.554},{""line"":1105,""gc_id"":81,""kind"":""Pause Young (Concurrent Start) (G1 Humongous Allocation) 1913M->1826M(4096M)"",""pause_ms"":51.884},{""line"":1125,""gc_id"":83,""kind"":""Pause Young (Concurrent Start) (G1 Humongous Allocation) 2095M->1983M(4096M)"",""pause_ms"":21.246},{""line"":1145,""gc_id"":85,""kind"":""Pause Young (Concurrent Start) (G1 Humongous Allocation) 2048M->2050M(4096M)"",""pause_ms"":20.387}]"
hardwood,hardwoodToExecutorBackedColumnarBatch,10000000,1000000,3,measurement,7,gc/hardwood-85583-2026-09-16_23-16-01.txt,1192,1234,2,208.99,"[{""line"":1206,""gc_id"":89,""kind"":""Pause Young (Concurrent Start) (G1 Humongous Allocation) 3424M->1766M(4096M)"",""pause_ms"":102.211},{""line"":1226,""gc_id"":91,""kind"":""Pause Young (Concurrent Start) (G1 Humongous Allocation) 2755M->2462M(4096M)"",""pause_ms"":106.779}]"
hardwood,hardwoodToExecutorBackedColumnarBatch,10000000,1000000,3,measurement,8,gc/hardwood-85583-2026-09-16_23-16-01.txt,1273,1355,4,200.58499999999998,"[{""line"":1287,""gc_id"":95,""kind"":""Pause Young (Concurrent Start) (G1 Humongous Allocation) 3408M->1751M(4096M)"",""pause_ms"":101.637},{""line"":1307,""gc_id"":97,""kind"":""Pause Young (Concurrent Start) (G1 Humongous Allocation) 1819M->1825M(4096M)"",""pause_ms"":48.451},{""line"":1327,""gc_id"":99,""kind"":""Pause Young (Concurrent Start) (G1 Humongous Allocation) 2060M->1944M(4096M)"",""pause_ms"":17.44},{""line"":1347,""gc_id"":101,""kind"":""Pause Young (Concurrent Start) (G1 Humongous Allocation) 1998M->1996M(4096M)"",""pause_ms"":33.057}]"
hardwood,hardwoodToExecutorBackedColumnarBatch,10000000,1000000,3,measurement,9,gc/hardwood-85583-2026-09-16_23-16-01.txt,1394,1456,3,208.738,"[{""line"":1408,""gc_id"":105,""kind"":""Pause Young (Concurrent Start) (G1 Humongous Allocation) (Evacuation Failure: Allocation) 3468M->1870M(4096M)"",""pause_ms"":110.421},{""line"":1428,""gc_id"":107,""kind"":""Pause Young (Concurrent Start) (G1 Humongous Allocation) 2578M->1972M(4096M)"",""pause_ms"":76.627},{""line"":1448,""gc_id"":109,""kind"":""Pause Young (Concurrent Start) (G1 Humongous Allocation) 2023M->2028M(4096M)"",""pause_ms"":21.69}]"
hardwood,hardwoodToExecutorBackedColumnarBatch,10000000,1000000,3,measurement,10,gc/hardwood-85583-2026-09-16_23-16-01.txt,1495,1545,2,181.54700000000003,"[{""line"":1509,""gc_id"":113,""kind"":""Pause Young (Concurrent Start) (G1 Humongous Allocation) (Evacuation Failure: Allocation) 3470M->1884M(4096M)"",""pause_ms"":99.248},{""line"":1529,""gc_id"":115,""kind"":""Pause Young (Concurrent Start) (G1 Humongous Allocation) 2734M->2177M(4096M)"",""pause_ms"":82.299}]"
