run,method,rows,batch,fork,iteration,time_ms,allocation_bytes,gc_count
destination-primary,arrayListRows,100000,8192,1,1,1.88375,6806824.0,0.0
destination-primary,arrayListRows,100000,8192,1,2,3.059083,6806824.0,0.0
destination-primary,arrayListRows,100000,8192,1,3,2.821458,6806824.0,0.0
destination-primary,arrayListRows,100000,8192,1,4,1.891334,6806824.0,0.0
destination-primary,arrayListRows,100000,8192,1,5,2.05925,6806824.0,0.0
destination-primary,arrayListRows,100000,8192,1,6,2.604417,6806824.0,0.0
destination-primary,arrayListRows,100000,8192,1,7,2.189167,6806824.0,0.0
destination-primary,arrayListRows,100000,8192,1,8,1.876,6806824.0,0.0
destination-primary,arrayListRows,100000,8192,1,9,1.908125,6806824.0,0.0
destination-primary,arrayListRows,100000,8192,1,10,2.342958,6810080.0,0.0
destination-primary,arrayListRows,100000,8192,2,1,2.038833,6806824.0,0.0
destination-primary,arrayListRows,100000,8192,2,2,1.582333,6806824.0,0.0
destination-primary,arrayListRows,100000,8192,2,3,3.050833,6806824.0,0.0
destination-primary,arrayListRows,100000,8192,2,4,2.293917,6806824.0,0.0
destination-primary,arrayListRows,100000,8192,2,5,2.356833,6806824.0,0.0
destination-primary,arrayListRows,100000,8192,2,6,2.63075,6806824.0,0.0
destination-primary,arrayListRows,100000,8192,2,7,2.417,6806824.0,0.0
destination-primary,arrayListRows,100000,8192,2,8,1.965416,6806824.0,0.0
destination-primary,arrayListRows,100000,8192,2,9,2.201167,6806824.0,0.0
destination-primary,arrayListRows,100000,8192,2,10,2.264709,6810080.0,0.0
destination-primary,arrayListRows,100000,8192,3,1,2.488709,6806824.0,0.0
destination-primary,arrayListRows,100000,8192,3,2,1.662958,6806824.0,0.0
destination-primary,arrayListRows,100000,8192,3,3,2.656875,6806824.0,0.0
destination-primary,arrayListRows,100000,8192,3,4,0.486416,6806824.0,0.0
destination-primary,arrayListRows,100000,8192,3,5,2.703083,6806824.0,0.0
destination-primary,arrayListRows,100000,8192,3,6,2.230084,6806824.0,0.0
destination-primary,arrayListRows,100000,8192,3,7,1.3025,6806824.0,0.0
destination-primary,arrayListRows,100000,8192,3,8,2.397083,6806824.0,0.0
destination-primary,arrayListRows,100000,8192,3,9,2.620917,6806824.0,0.0
destination-primary,arrayListRows,100000,8192,3,10,3.040417,6810080.0,0.0
destination-primary,arrayListRows,10000000,8192,1,1,323.4955,680006824.0,0.0
destination-primary,arrayListRows,10000000,8192,1,2,240.8795,680006824.0,0.0
destination-primary,arrayListRows,10000000,8192,1,3,205.805709,680006824.0,0.0
destination-primary,arrayListRows,10000000,8192,1,4,213.003916,680006824.0,0.0
destination-primary,arrayListRows,10000000,8192,1,5,225.816791,680006824.0,0.0
destination-primary,arrayListRows,10000000,8192,1,6,223.061541,680006824.0,0.0
destination-primary,arrayListRows,10000000,8192,1,7,220.955667,680006824.0,0.0
destination-primary,arrayListRows,10000000,8192,1,8,234.042834,680006824.0,0.0
destination-primary,arrayListRows,10000000,8192,1,9,238.649292,680006824.0,0.0
destination-primary,arrayListRows,10000000,8192,1,10,235.798709,680010080.0,0.0
destination-primary,arrayListRows,10000000,8192,2,1,253.002667,680006824.0,0.0
destination-primary,arrayListRows,10000000,8192,2,2,225.587333,680006824.0,0.0
destination-primary,arrayListRows,10000000,8192,2,3,223.458916,680006824.0,0.0
destination-primary,arrayListRows,10000000,8192,2,4,229.009708,680006824.0,0.0
destination-primary,arrayListRows,10000000,8192,2,5,217.214292,680006824.0,0.0
destination-primary,arrayListRows,10000000,8192,2,6,219.478083,680006824.0,0.0
destination-primary,arrayListRows,10000000,8192,2,7,232.243875,680006824.0,0.0
destination-primary,arrayListRows,10000000,8192,2,8,226.860958,680006824.0,0.0
destination-primary,arrayListRows,10000000,8192,2,9,220.933792,680006824.0,0.0
destination-primary,arrayListRows,10000000,8192,2,10,226.709042,680010080.0,0.0
destination-primary,arrayListRows,10000000,8192,3,1,258.818583,680006824.0,0.0
destination-primary,arrayListRows,10000000,8192,3,2,219.782625,680006824.0,0.0
destination-primary,arrayListRows,10000000,8192,3,3,230.766292,680006824.0,0.0
destination-primary,arrayListRows,10000000,8192,3,4,223.22,680006824.0,0.0
destination-primary,arrayListRows,10000000,8192,3,5,224.524,680006824.0,0.0
destination-primary,arrayListRows,10000000,8192,3,6,215.970041,680006824.0,0.0
destination-primary,arrayListRows,10000000,8192,3,7,217.444,680006824.0,0.0
destination-primary,arrayListRows,10000000,8192,3,8,230.88025,680006824.0,0.0
destination-primary,arrayListRows,10000000,8192,3,9,216.182208,680006880.0,1.0
destination-primary,arrayListRows,10000000,8192,3,10,223.776542,680010080.0,0.0
destination-primary,arrayListRows,100000,1000000,1,1,2.123125,6806824.0,0.0
destination-primary,arrayListRows,100000,1000000,1,2,1.403083,6806824.0,0.0
destination-primary,arrayListRows,100000,1000000,1,3,1.419333,6806824.0,0.0
destination-primary,arrayListRows,100000,1000000,1,4,1.215375,6806824.0,0.0
destination-primary,arrayListRows,100000,1000000,1,5,1.365542,6806824.0,0.0
destination-primary,arrayListRows,100000,1000000,1,6,1.732417,6806824.0,0.0
destination-primary,arrayListRows,100000,1000000,1,7,1.734584,6806824.0,0.0
destination-primary,arrayListRows,100000,1000000,1,8,1.513417,6806824.0,0.0
destination-primary,arrayListRows,100000,1000000,1,9,1.482,6806824.0,0.0
destination-primary,arrayListRows,100000,1000000,1,10,1.952708,6810080.0,0.0
destination-primary,arrayListRows,100000,1000000,2,1,2.653541,6806824.0,0.0
destination-primary,arrayListRows,100000,1000000,2,2,1.350333,6806824.0,0.0
destination-primary,arrayListRows,100000,1000000,2,3,1.617959,6806824.0,0.0
destination-primary,arrayListRows,100000,1000000,2,4,1.638416,6806824.0,0.0
destination-primary,arrayListRows,100000,1000000,2,5,1.671959,6806824.0,0.0
destination-primary,arrayListRows,100000,1000000,2,6,2.079417,6806824.0,0.0
destination-primary,arrayListRows,100000,1000000,2,7,2.062666,6806824.0,0.0
destination-primary,arrayListRows,100000,1000000,2,8,0.503834,6806824.0,0.0
destination-primary,arrayListRows,100000,1000000,2,9,2.563708,6806824.0,0.0
destination-primary,arrayListRows,100000,1000000,2,10,1.635458,6810080.0,0.0
destination-primary,arrayListRows,100000,1000000,3,1,2.204375,6806824.0,0.0
destination-primary,arrayListRows,100000,1000000,3,2,1.836375,6806824.0,0.0
destination-primary,arrayListRows,100000,1000000,3,3,2.098875,6806824.0,0.0
destination-primary,arrayListRows,100000,1000000,3,4,2.137333,6806824.0,0.0
destination-primary,arrayListRows,100000,1000000,3,5,2.509458,6806824.0,0.0
destination-primary,arrayListRows,100000,1000000,3,6,1.848916,6806824.0,0.0
destination-primary,arrayListRows,100000,1000000,3,7,1.939042,6806824.0,0.0
destination-primary,arrayListRows,100000,1000000,3,8,2.59525,6806824.0,0.0
destination-primary,arrayListRows,100000,1000000,3,9,0.938917,6806824.0,0.0
destination-primary,arrayListRows,100000,1000000,3,10,1.945083,6810080.0,0.0
destination-primary,arrayListRows,10000000,1000000,1,1,235.907708,680006824.0,0.0
destination-primary,arrayListRows,10000000,1000000,1,2,238.481042,680006824.0,0.0
destination-primary,arrayListRows,10000000,1000000,1,3,219.119125,680006824.0,0.0
destination-primary,arrayListRows,10000000,1000000,1,4,206.384167,680006824.0,0.0
destination-primary,arrayListRows,10000000,1000000,1,5,240.806292,680006824.0,0.0
destination-primary,arrayListRows,10000000,1000000,1,6,218.653916,680006824.0,0.0
destination-primary,arrayListRows,10000000,1000000,1,7,221.192458,680006824.0,0.0
destination-primary,arrayListRows,10000000,1000000,1,8,226.189333,680006824.0,0.0
destination-primary,arrayListRows,10000000,1000000,1,9,232.489917,680006824.0,0.0
destination-primary,arrayListRows,10000000,1000000,1,10,218.026208,680010080.0,0.0
destination-primary,arrayListRows,10000000,1000000,2,1,245.392,680006824.0,0.0
destination-primary,arrayListRows,10000000,1000000,2,2,223.898375,680006824.0,0.0
destination-primary,arrayListRows,10000000,1000000,2,3,227.582833,680006824.0,0.0
destination-primary,arrayListRows,10000000,1000000,2,4,222.274291,680006824.0,0.0
destination-primary,arrayListRows,10000000,1000000,2,5,232.209708,680006824.0,0.0
destination-primary,arrayListRows,10000000,1000000,2,6,220.057,680006824.0,0.0
destination-primary,arrayListRows,10000000,1000000,2,7,222.858292,680006824.0,0.0
destination-primary,arrayListRows,10000000,1000000,2,8,229.976334,680006824.0,0.0
destination-primary,arrayListRows,10000000,1000000,2,9,228.905166,680006824.0,0.0
destination-primary,arrayListRows,10000000,1000000,2,10,244.693916,680010080.0,0.0
destination-primary,arrayListRows,10000000,1000000,3,1,237.210542,680006824.0,0.0
destination-primary,arrayListRows,10000000,1000000,3,2,232.906459,680006824.0,0.0
destination-primary,arrayListRows,10000000,1000000,3,3,228.994917,680006824.0,0.0
destination-primary,arrayListRows,10000000,1000000,3,4,229.930875,680006824.0,0.0
destination-primary,arrayListRows,10000000,1000000,3,5,225.851167,680006824.0,0.0
destination-primary,arrayListRows,10000000,1000000,3,6,227.119833,680006824.0,0.0
destination-primary,arrayListRows,10000000,1000000,3,7,238.156375,680006824.0,0.0
destination-primary,arrayListRows,10000000,1000000,3,8,262.253333,680006824.0,0.0
destination-primary,arrayListRows,10000000,1000000,3,9,269.912291,680006824.0,0.0
destination-primary,arrayListRows,10000000,1000000,3,10,262.291917,680010080.0,0.0
destination-primary,columnarFixedPoolPerBatchBarrierAppender,100000,8192,1,1,1.791,5231392.0,0.0
destination-primary,columnarFixedPoolPerBatchBarrierAppender,100000,8192,1,2,1.686667,5231520.0,0.0
destination-primary,columnarFixedPoolPerBatchBarrierAppender,100000,8192,1,3,1.939958,5231264.0,0.0
destination-primary,columnarFixedPoolPerBatchBarrierAppender,100000,8192,1,4,1.75,5231680.0,0.0
destination-primary,columnarFixedPoolPerBatchBarrierAppender,100000,8192,1,5,1.880584,5231936.0,0.0
destination-primary,columnarFixedPoolPerBatchBarrierAppender,100000,8192,1,6,1.644958,5232128.0,0.0
destination-primary,columnarFixedPoolPerBatchBarrierAppender,100000,8192,1,7,1.640375,5231904.0,0.0
destination-primary,columnarFixedPoolPerBatchBarrierAppender,100000,8192,1,8,1.625625,5231000.0,0.0
destination-primary,columnarFixedPoolPerBatchBarrierAppender,100000,8192,1,9,1.027291,5231904.0,0.0
destination-primary,columnarFixedPoolPerBatchBarrierAppender,100000,8192,1,10,1.630833,5241232.0,0.0
destination-primary,columnarFixedPoolPerBatchBarrierAppender,100000,8192,2,1,4.770917,5229824.0,0.0
destination-primary,columnarFixedPoolPerBatchBarrierAppender,100000,8192,2,2,2.14675,5231384.0,0.0
destination-primary,columnarFixedPoolPerBatchBarrierAppender,100000,8192,2,3,1.91325,5231616.0,0.0
destination-primary,columnarFixedPoolPerBatchBarrierAppender,100000,8192,2,4,1.660708,5231520.0,0.0
destination-primary,columnarFixedPoolPerBatchBarrierAppender,100000,8192,2,5,0.549041,5231264.0,0.0
destination-primary,columnarFixedPoolPerBatchBarrierAppender,100000,8192,2,6,1.528792,5231840.0,0.0
destination-primary,columnarFixedPoolPerBatchBarrierAppender,100000,8192,2,7,1.346834,5231776.0,0.0
destination-primary,columnarFixedPoolPerBatchBarrierAppender,100000,8192,2,8,1.764,5231520.0,0.0
destination-primary,columnarFixedPoolPerBatchBarrierAppender,100000,8192,2,9,1.752292,5230968.0,0.0
destination-primary,columnarFixedPoolPerBatchBarrierAppender,100000,8192,2,10,1.538042,5241072.0,0.0
destination-primary,columnarFixedPoolPerBatchBarrierAppender,100000,8192,3,1,1.764,5232128.0,0.0
destination-primary,columnarFixedPoolPerBatchBarrierAppender,100000,8192,3,2,1.460709,5231576.0,0.0
destination-primary,columnarFixedPoolPerBatchBarrierAppender,100000,8192,3,3,1.852583,5231752.0,0.0
destination-primary,columnarFixedPoolPerBatchBarrierAppender,100000,8192,3,4,1.978084,5230848.0,0.0
destination-primary,columnarFixedPoolPerBatchBarrierAppender,100000,8192,3,5,1.970333,5231808.0,0.0
destination-primary,columnarFixedPoolPerBatchBarrierAppender,100000,8192,3,6,1.875125,5231520.0,0.0
destination-primary,columnarFixedPoolPerBatchBarrierAppender,100000,8192,3,7,1.5965,5231776.0,0.0
destination-primary,columnarFixedPoolPerBatchBarrierAppender,100000,8192,3,8,1.463917,5231552.0,0.0
destination-primary,columnarFixedPoolPerBatchBarrierAppender,100000,8192,3,9,1.939042,5231232.0,0.0
destination-primary,columnarFixedPoolPerBatchBarrierAppender,100000,8192,3,10,1.680541,5241456.0,0.0
destination-primary,columnarFixedPoolPerBatchBarrierAppender,10000000,8192,1,1,59.09025,522271048.0,0.0
destination-primary,columnarFixedPoolPerBatchBarrierAppender,10000000,8192,1,2,57.883583,522270760.0,0.0
destination-primary,columnarFixedPoolPerBatchBarrierAppender,10000000,8192,1,3,49.898125,522257592.0,0.0
destination-primary,columnarFixedPoolPerBatchBarrierAppender,10000000,8192,1,4,45.439416,522247864.0,0.0
destination-primary,columnarFixedPoolPerBatchBarrierAppender,10000000,8192,1,5,50.407042,522244672.0,0.0
destination-primary,columnarFixedPoolPerBatchBarrierAppender,10000000,8192,1,6,48.876167,522246912.0,0.0
destination-primary,columnarFixedPoolPerBatchBarrierAppender,10000000,8192,1,7,51.948208,522260184.0,0.0
destination-primary,columnarFixedPoolPerBatchBarrierAppender,10000000,8192,1,8,49.35025,522258528.0,0.0
destination-primary,columnarFixedPoolPerBatchBarrierAppender,10000000,8192,1,9,63.033958,522280680.0,0.0
destination-primary,columnarFixedPoolPerBatchBarrierAppender,10000000,8192,1,10,59.814209,522284800.0,0.0
destination-primary,columnarFixedPoolPerBatchBarrierAppender,10000000,8192,2,1,53.580334,522259584.0,0.0
destination-primary,columnarFixedPoolPerBatchBarrierAppender,10000000,8192,2,2,52.279542,522254752.0,0.0
destination-primary,columnarFixedPoolPerBatchBarrierAppender,10000000,8192,2,3,30.710083,522238424.0,0.0
destination-primary,columnarFixedPoolPerBatchBarrierAppender,10000000,8192,2,4,52.664542,522250720.0,0.0
destination-primary,columnarFixedPoolPerBatchBarrierAppender,10000000,8192,2,5,48.167917,522241928.0,0.0
destination-primary,columnarFixedPoolPerBatchBarrierAppender,10000000,8192,2,6,48.023125,522245312.0,0.0
destination-primary,columnarFixedPoolPerBatchBarrierAppender,10000000,8192,2,7,50.980708,522245688.0,0.0
destination-primary,columnarFixedPoolPerBatchBarrierAppender,10000000,8192,2,8,49.1105,522255376.0,0.0
destination-primary,columnarFixedPoolPerBatchBarrierAppender,10000000,8192,2,9,48.309666,522249208.0,0.0
destination-primary,columnarFixedPoolPerBatchBarrierAppender,10000000,8192,2,10,57.44275,522247432.0,0.0
destination-primary,columnarFixedPoolPerBatchBarrierAppender,10000000,8192,3,1,41.985709,522240536.0,0.0
destination-primary,columnarFixedPoolPerBatchBarrierAppender,10000000,8192,3,2,40.380625,522238592.0,0.0
destination-primary,columnarFixedPoolPerBatchBarrierAppender,10000000,8192,3,3,48.309333,522251680.0,0.0
destination-primary,columnarFixedPoolPerBatchBarrierAppender,10000000,8192,3,4,48.426125,522254968.0,0.0
destination-primary,columnarFixedPoolPerBatchBarrierAppender,10000000,8192,3,5,50.411833,522246336.0,0.0
destination-primary,columnarFixedPoolPerBatchBarrierAppender,10000000,8192,3,6,51.26675,522256384.0,0.0
destination-primary,columnarFixedPoolPerBatchBarrierAppender,10000000,8192,3,7,52.330167,522244632.0,0.0
destination-primary,columnarFixedPoolPerBatchBarrierAppender,10000000,8192,3,8,60.335875,522268440.0,0.0
destination-primary,columnarFixedPoolPerBatchBarrierAppender,10000000,8192,3,9,47.002417,522289728.0,0.0
destination-primary,columnarFixedPoolPerBatchBarrierAppender,10000000,8192,3,10,44.3415,522258000.0,0.0
destination-primary,columnarFixedPoolPerBatchBarrierAppender,100000,1000000,1,1,0.698709,5209056.0,0.0
destination-primary,columnarFixedPoolPerBatchBarrierAppender,100000,1000000,1,2,1.473375,5208960.0,0.0
destination-primary,columnarFixedPoolPerBatchBarrierAppender,100000,1000000,1,3,1.121459,5208960.0,0.0
destination-primary,columnarFixedPoolPerBatchBarrierAppender,100000,1000000,1,4,1.349833,5208992.0,0.0
destination-primary,columnarFixedPoolPerBatchBarrierAppender,100000,1000000,1,5,1.081666,5208960.0,0.0
destination-primary,columnarFixedPoolPerBatchBarrierAppender,100000,1000000,1,6,1.124,5208960.0,0.0
destination-primary,columnarFixedPoolPerBatchBarrierAppender,100000,1000000,1,7,1.324167,5208960.0,0.0
destination-primary,columnarFixedPoolPerBatchBarrierAppender,100000,1000000,1,8,1.177542,5208992.0,0.0
destination-primary,columnarFixedPoolPerBatchBarrierAppender,100000,1000000,1,9,1.071042,5209024.0,0.0
destination-primary,columnarFixedPoolPerBatchBarrierAppender,100000,1000000,1,10,1.416666,5218392.0,0.0
destination-primary,columnarFixedPoolPerBatchBarrierAppender,100000,1000000,2,1,1.159542,5208992.0,0.0
destination-primary,columnarFixedPoolPerBatchBarrierAppender,100000,1000000,2,2,1.112333,5208992.0,0.0
destination-primary,columnarFixedPoolPerBatchBarrierAppender,100000,1000000,2,3,1.264334,5208960.0,0.0
destination-primary,columnarFixedPoolPerBatchBarrierAppender,100000,1000000,2,4,0.622042,5208832.0,0.0
destination-primary,columnarFixedPoolPerBatchBarrierAppender,100000,1000000,2,5,1.03375,5208992.0,0.0
destination-primary,columnarFixedPoolPerBatchBarrierAppender,100000,1000000,2,6,1.224125,5208960.0,0.0
destination-primary,columnarFixedPoolPerBatchBarrierAppender,100000,1000000,2,7,1.361792,5208992.0,0.0
destination-primary,columnarFixedPoolPerBatchBarrierAppender,100000,1000000,2,8,1.292333,5208992.0,0.0
destination-primary,columnarFixedPoolPerBatchBarrierAppender,100000,1000000,2,9,1.422875,5209024.0,0.0
destination-primary,columnarFixedPoolPerBatchBarrierAppender,100000,1000000,2,10,1.199375,5218392.0,0.0
destination-primary,columnarFixedPoolPerBatchBarrierAppender,100000,1000000,3,1,1.141,5208992.0,0.0
destination-primary,columnarFixedPoolPerBatchBarrierAppender,100000,1000000,3,2,1.810459,5208992.0,0.0
destination-primary,columnarFixedPoolPerBatchBarrierAppender,100000,1000000,3,3,1.211375,5208992.0,0.0
destination-primary,columnarFixedPoolPerBatchBarrierAppender,100000,1000000,3,4,0.958709,5208960.0,0.0
destination-primary,columnarFixedPoolPerBatchBarrierAppender,100000,1000000,3,5,1.159958,5208960.0,0.0
destination-primary,columnarFixedPoolPerBatchBarrierAppender,100000,1000000,3,6,1.222042,5208960.0,0.0
destination-primary,columnarFixedPoolPerBatchBarrierAppender,100000,1000000,3,7,1.144625,5208960.0,0.0
destination-primary,columnarFixedPoolPerBatchBarrierAppender,100000,1000000,3,8,0.984417,5208960.0,0.0
destination-primary,columnarFixedPoolPerBatchBarrierAppender,100000,1000000,3,9,0.577917,5208992.0,0.0
destination-primary,columnarFixedPoolPerBatchBarrierAppender,100000,1000000,3,10,1.220583,5218456.0,0.0
destination-primary,columnarFixedPoolPerBatchBarrierAppender,10000000,1000000,1,1,28.690583,520026240.0,0.0
destination-primary,columnarFixedPoolPerBatchBarrierAppender,10000000,1000000,1,2,22.67975,520026272.0,0.0
destination-primary,columnarFixedPoolPerBatchBarrierAppender,10000000,1000000,1,3,29.756833,520026272.0,0.0
destination-primary,columnarFixedPoolPerBatchBarrierAppender,10000000,1000000,1,4,22.598958,520026272.0,0.0
destination-primary,columnarFixedPoolPerBatchBarrierAppender,10000000,1000000,1,5,29.742292,520026240.0,0.0
destination-primary,columnarFixedPoolPerBatchBarrierAppender,10000000,1000000,1,6,32.279625,520026272.0,0.0
destination-primary,columnarFixedPoolPerBatchBarrierAppender,10000000,1000000,1,7,28.98475,520026240.0,0.0
destination-primary,columnarFixedPoolPerBatchBarrierAppender,10000000,1000000,1,8,30.1965,520026240.0,0.0
destination-primary,columnarFixedPoolPerBatchBarrierAppender,10000000,1000000,1,9,33.619416,520026240.0,0.0
destination-primary,columnarFixedPoolPerBatchBarrierAppender,10000000,1000000,1,10,28.74,520035704.0,0.0
destination-primary,columnarFixedPoolPerBatchBarrierAppender,10000000,1000000,2,1,22.206917,520026240.0,0.0
destination-primary,columnarFixedPoolPerBatchBarrierAppender,10000000,1000000,2,2,23.982084,520026240.0,0.0
destination-primary,columnarFixedPoolPerBatchBarrierAppender,10000000,1000000,2,3,31.846708,520026240.0,0.0
destination-primary,columnarFixedPoolPerBatchBarrierAppender,10000000,1000000,2,4,32.113042,520026272.0,0.0
destination-primary,columnarFixedPoolPerBatchBarrierAppender,10000000,1000000,2,5,31.617875,520026240.0,0.0
destination-primary,columnarFixedPoolPerBatchBarrierAppender,10000000,1000000,2,6,31.28975,520026240.0,0.0
destination-primary,columnarFixedPoolPerBatchBarrierAppender,10000000,1000000,2,7,40.119958,520026240.0,0.0
destination-primary,columnarFixedPoolPerBatchBarrierAppender,10000000,1000000,2,8,33.448042,520026240.0,0.0
destination-primary,columnarFixedPoolPerBatchBarrierAppender,10000000,1000000,2,9,30.950834,520026240.0,0.0
destination-primary,columnarFixedPoolPerBatchBarrierAppender,10000000,1000000,2,10,31.461459,520035672.0,0.0
destination-primary,columnarFixedPoolPerBatchBarrierAppender,10000000,1000000,3,1,24.572375,520026240.0,0.0
destination-primary,columnarFixedPoolPerBatchBarrierAppender,10000000,1000000,3,2,24.461666,520026408.0,0.0
destination-primary,columnarFixedPoolPerBatchBarrierAppender,10000000,1000000,3,3,30.153667,520026240.0,0.0
destination-primary,columnarFixedPoolPerBatchBarrierAppender,10000000,1000000,3,4,25.543958,520026304.0,0.0
destination-primary,columnarFixedPoolPerBatchBarrierAppender,10000000,1000000,3,5,29.165,520026240.0,0.0
destination-primary,columnarFixedPoolPerBatchBarrierAppender,10000000,1000000,3,6,32.10875,520026272.0,0.0
destination-primary,columnarFixedPoolPerBatchBarrierAppender,10000000,1000000,3,7,29.656042,520026272.0,0.0
destination-primary,columnarFixedPoolPerBatchBarrierAppender,10000000,1000000,3,8,32.484125,520026240.0,0.0
destination-primary,columnarFixedPoolPerBatchBarrierAppender,10000000,1000000,3,9,32.298625,520026240.0,0.0
destination-primary,columnarFixedPoolPerBatchBarrierAppender,10000000,1000000,3,10,31.991625,520035704.0,0.0
destination-primary,columnarFixedPoolPipelinedAppender,100000,8192,1,1,1.349625,5221248.0,0.0
destination-primary,columnarFixedPoolPipelinedAppender,100000,8192,1,2,1.399834,5221088.0,0.0
destination-primary,columnarFixedPoolPipelinedAppender,100000,8192,1,3,1.580459,5221248.0,0.0
destination-primary,columnarFixedPoolPipelinedAppender,100000,8192,1,4,1.341709,5221504.0,0.0
destination-primary,columnarFixedPoolPipelinedAppender,100000,8192,1,5,1.250542,5220960.0,0.0
destination-primary,columnarFixedPoolPipelinedAppender,100000,8192,1,6,1.155709,5221056.0,0.0
destination-primary,columnarFixedPoolPipelinedAppender,100000,8192,1,7,1.313625,5221184.0,0.0
destination-primary,columnarFixedPoolPipelinedAppender,100000,8192,1,8,1.402583,5221312.0,0.0
destination-primary,columnarFixedPoolPipelinedAppender,100000,8192,1,9,1.267708,5221536.0,0.0
destination-primary,columnarFixedPoolPipelinedAppender,100000,8192,1,10,1.200292,5230640.0,0.0
destination-primary,columnarFixedPoolPipelinedAppender,100000,8192,2,1,1.66575,5221312.0,0.0
destination-primary,columnarFixedPoolPipelinedAppender,100000,8192,2,2,1.430917,5221472.0,0.0
destination-primary,columnarFixedPoolPipelinedAppender,100000,8192,2,3,0.945,5221120.0,0.0
destination-primary,columnarFixedPoolPipelinedAppender,100000,8192,2,4,1.408292,5221312.0,0.0
destination-primary,columnarFixedPoolPipelinedAppender,100000,8192,2,5,1.29875,5220960.0,0.0
destination-primary,columnarFixedPoolPipelinedAppender,100000,8192,2,6,1.352834,5221056.0,0.0
destination-primary,columnarFixedPoolPipelinedAppender,100000,8192,2,7,1.236459,5220896.0,0.0
destination-primary,columnarFixedPoolPipelinedAppender,100000,8192,2,8,0.31525,5221600.0,0.0
destination-primary,columnarFixedPoolPipelinedAppender,100000,8192,2,9,1.317416,5221216.0,0.0
destination-primary,columnarFixedPoolPipelinedAppender,100000,8192,2,10,1.345167,5230544.0,0.0
destination-primary,columnarFixedPoolPipelinedAppender,100000,8192,3,1,1.149458,5221696.0,0.0
destination-primary,columnarFixedPoolPipelinedAppender,100000,8192,3,2,1.506,5221184.0,0.0
destination-primary,columnarFixedPoolPipelinedAppender,100000,8192,3,3,1.368334,5221280.0,0.0
destination-primary,columnarFixedPoolPipelinedAppender,100000,8192,3,4,1.484375,5221120.0,0.0
destination-primary,columnarFixedPoolPipelinedAppender,100000,8192,3,5,1.284833,5220992.0,0.0
destination-primary,columnarFixedPoolPipelinedAppender,100000,8192,3,6,1.14975,5221024.0,0.0
destination-primary,columnarFixedPoolPipelinedAppender,100000,8192,3,7,1.11075,5220992.0,0.0
destination-primary,columnarFixedPoolPipelinedAppender,100000,8192,3,8,1.422625,5220864.0,0.0
destination-primary,columnarFixedPoolPipelinedAppender,100000,8192,3,9,1.300125,5221376.0,0.0
destination-primary,columnarFixedPoolPipelinedAppender,100000,8192,3,10,0.443791,5230992.0,0.0
destination-primary,columnarFixedPoolPipelinedAppender,10000000,8192,1,1,32.53975,521233872.0,0.0
destination-primary,columnarFixedPoolPipelinedAppender,10000000,8192,1,2,33.763041,521242144.0,0.0
destination-primary,columnarFixedPoolPipelinedAppender,10000000,8192,1,3,33.811458,521238048.0,0.0
destination-primary,columnarFixedPoolPipelinedAppender,10000000,8192,1,4,33.9445,521242432.0,0.0
destination-primary,columnarFixedPoolPipelinedAppender,10000000,8192,1,5,46.445834,521280800.0,0.0
destination-primary,columnarFixedPoolPipelinedAppender,10000000,8192,1,6,41.688291,521255520.0,0.0
destination-primary,columnarFixedPoolPipelinedAppender,10000000,8192,1,7,33.545791,521240512.0,0.0
destination-primary,columnarFixedPoolPipelinedAppender,10000000,8192,1,8,30.92375,521243456.0,0.0
destination-primary,columnarFixedPoolPipelinedAppender,10000000,8192,1,9,28.920167,521245152.0,0.0
destination-primary,columnarFixedPoolPipelinedAppender,10000000,8192,1,10,32.485667,521251064.0,0.0
destination-primary,columnarFixedPoolPipelinedAppender,10000000,8192,2,1,31.833458,521234464.0,0.0
destination-primary,columnarFixedPoolPipelinedAppender,10000000,8192,2,2,36.284167,521235584.0,0.0
destination-primary,columnarFixedPoolPipelinedAppender,10000000,8192,2,3,33.801583,521233856.0,0.0
destination-primary,columnarFixedPoolPipelinedAppender,10000000,8192,2,4,32.60125,521242272.0,0.0
destination-primary,columnarFixedPoolPipelinedAppender,10000000,8192,2,5,32.86675,521240320.0,0.0
destination-primary,columnarFixedPoolPipelinedAppender,10000000,8192,2,6,43.413209,521263104.0,0.0
destination-primary,columnarFixedPoolPipelinedAppender,10000000,8192,2,7,41.198042,521257952.0,0.0
destination-primary,columnarFixedPoolPipelinedAppender,10000000,8192,2,8,33.202,521248992.0,0.0
destination-primary,columnarFixedPoolPipelinedAppender,10000000,8192,2,9,34.315375,521241280.0,0.0
destination-primary,columnarFixedPoolPipelinedAppender,10000000,8192,2,10,32.562375,521250072.0,0.0
destination-primary,columnarFixedPoolPipelinedAppender,10000000,8192,3,1,30.279333,521235696.0,0.0
destination-primary,columnarFixedPoolPipelinedAppender,10000000,8192,3,2,32.665292,521234720.0,0.0
destination-primary,columnarFixedPoolPipelinedAppender,10000000,8192,3,3,33.871458,521237792.0,0.0
destination-primary,columnarFixedPoolPipelinedAppender,10000000,8192,3,4,31.539,521239648.0,0.0
destination-primary,columnarFixedPoolPipelinedAppender,10000000,8192,3,5,34.013791,521238304.0,0.0
destination-primary,columnarFixedPoolPipelinedAppender,10000000,8192,3,6,28.570459,521238048.0,0.0
destination-primary,columnarFixedPoolPipelinedAppender,10000000,8192,3,7,32.008833,521232576.0,0.0
destination-primary,columnarFixedPoolPipelinedAppender,10000000,8192,3,8,31.816625,521239712.0,0.0
destination-primary,columnarFixedPoolPipelinedAppender,10000000,8192,3,9,31.300875,521236800.0,0.0
destination-primary,columnarFixedPoolPipelinedAppender,10000000,8192,3,10,32.502333,521248184.0,0.0
destination-primary,columnarFixedPoolPipelinedAppender,100000,1000000,1,1,1.257833,5209248.0,0.0
destination-primary,columnarFixedPoolPipelinedAppender,100000,1000000,1,2,1.155792,5209248.0,0.0
destination-primary,columnarFixedPoolPipelinedAppender,100000,1000000,1,3,1.158333,5209216.0,0.0
destination-primary,columnarFixedPoolPipelinedAppender,100000,1000000,1,4,0.858583,5209216.0,0.0
destination-primary,columnarFixedPoolPipelinedAppender,100000,1000000,1,5,1.283208,5209216.0,0.0
destination-primary,columnarFixedPoolPipelinedAppender,100000,1000000,1,6,1.381417,5209216.0,0.0
destination-primary,columnarFixedPoolPipelinedAppender,100000,1000000,1,7,1.674875,5209216.0,0.0
destination-primary,columnarFixedPoolPipelinedAppender,100000,1000000,1,8,1.389792,5209216.0,0.0
destination-primary,columnarFixedPoolPipelinedAppender,100000,1000000,1,9,1.278833,5209216.0,0.0
destination-primary,columnarFixedPoolPipelinedAppender,100000,1000000,1,10,1.262875,5218712.0,0.0
destination-primary,columnarFixedPoolPipelinedAppender,100000,1000000,2,1,1.295708,5209248.0,0.0
destination-primary,columnarFixedPoolPipelinedAppender,100000,1000000,2,2,1.243459,5209216.0,0.0
destination-primary,columnarFixedPoolPipelinedAppender,100000,1000000,2,3,1.138958,5209216.0,0.0
destination-primary,columnarFixedPoolPipelinedAppender,100000,1000000,2,4,1.080917,5209248.0,0.0
destination-primary,columnarFixedPoolPipelinedAppender,100000,1000000,2,5,1.1815,5209248.0,0.0
destination-primary,columnarFixedPoolPipelinedAppender,100000,1000000,2,6,1.313084,5209216.0,0.0
destination-primary,columnarFixedPoolPipelinedAppender,100000,1000000,2,7,1.288791,5209248.0,0.0
destination-primary,columnarFixedPoolPipelinedAppender,100000,1000000,2,8,1.230208,5209216.0,0.0
destination-primary,columnarFixedPoolPipelinedAppender,100000,1000000,2,9,1.100375,5209248.0,0.0
destination-primary,columnarFixedPoolPipelinedAppender,100000,1000000,2,10,1.250458,5218648.0,0.0
destination-primary,columnarFixedPoolPipelinedAppender,100000,1000000,3,1,0.993625,5209216.0,0.0
destination-primary,columnarFixedPoolPipelinedAppender,100000,1000000,3,2,1.22075,5209216.0,0.0
destination-primary,columnarFixedPoolPipelinedAppender,100000,1000000,3,3,1.112459,5209216.0,0.0
destination-primary,columnarFixedPoolPipelinedAppender,100000,1000000,3,4,1.157875,5209280.0,0.0
destination-primary,columnarFixedPoolPipelinedAppender,100000,1000000,3,5,1.27425,5209248.0,0.0
destination-primary,columnarFixedPoolPipelinedAppender,100000,1000000,3,6,0.989042,5209280.0,0.0
destination-primary,columnarFixedPoolPipelinedAppender,100000,1000000,3,7,1.357417,5209248.0,0.0
destination-primary,columnarFixedPoolPipelinedAppender,100000,1000000,3,8,0.928,5209248.0,0.0
destination-primary,columnarFixedPoolPipelinedAppender,100000,1000000,3,9,1.286708,5209248.0,0.0
destination-primary,columnarFixedPoolPipelinedAppender,100000,1000000,3,10,1.202625,5218616.0,0.0
destination-primary,columnarFixedPoolPipelinedAppender,10000000,1000000,1,1,29.466709,520018368.0,0.0
destination-primary,columnarFixedPoolPipelinedAppender,10000000,1000000,1,2,28.309791,520018472.0,0.0
destination-primary,columnarFixedPoolPipelinedAppender,10000000,1000000,1,3,28.733625,520018496.0,0.0
destination-primary,columnarFixedPoolPipelinedAppender,10000000,1000000,1,4,26.836334,520018720.0,0.0
destination-primary,columnarFixedPoolPipelinedAppender,10000000,1000000,1,5,22.114208,520019072.0,0.0
destination-primary,columnarFixedPoolPipelinedAppender,10000000,1000000,1,6,16.784959,520018624.0,0.0
destination-primary,columnarFixedPoolPipelinedAppender,10000000,1000000,1,7,27.069042,520019040.0,0.0
destination-primary,columnarFixedPoolPipelinedAppender,10000000,1000000,1,8,21.2645,520019072.0,0.0
destination-primary,columnarFixedPoolPipelinedAppender,10000000,1000000,1,9,28.839542,520018848.0,0.0
destination-primary,columnarFixedPoolPipelinedAppender,10000000,1000000,1,10,29.893083,520028472.0,0.0
destination-primary,columnarFixedPoolPipelinedAppender,10000000,1000000,2,1,25.064042,520018912.0,0.0
destination-primary,columnarFixedPoolPipelinedAppender,10000000,1000000,2,2,28.084792,520018720.0,0.0
destination-primary,columnarFixedPoolPipelinedAppender,10000000,1000000,2,3,29.616833,520018400.0,0.0
destination-primary,columnarFixedPoolPipelinedAppender,10000000,1000000,2,4,29.084083,520018880.0,0.0
destination-primary,columnarFixedPoolPipelinedAppender,10000000,1000000,2,5,23.713708,520018688.0,0.0
destination-primary,columnarFixedPoolPipelinedAppender,10000000,1000000,2,6,28.665041,520018464.0,0.0
destination-primary,columnarFixedPoolPipelinedAppender,10000000,1000000,2,7,28.512334,520018336.0,0.0
destination-primary,columnarFixedPoolPipelinedAppender,10000000,1000000,2,8,27.901917,520018752.0,0.0
destination-primary,columnarFixedPoolPipelinedAppender,10000000,1000000,2,9,29.546166,520018720.0,0.0
destination-primary,columnarFixedPoolPipelinedAppender,10000000,1000000,2,10,28.558125,520027608.0,0.0
destination-primary,columnarFixedPoolPipelinedAppender,10000000,1000000,3,1,30.551542,520018592.0,0.0
destination-primary,columnarFixedPoolPipelinedAppender,10000000,1000000,3,2,31.395209,520018824.0,0.0
destination-primary,columnarFixedPoolPipelinedAppender,10000000,1000000,3,3,28.767625,520018752.0,0.0
destination-primary,columnarFixedPoolPipelinedAppender,10000000,1000000,3,4,29.793584,520018688.0,0.0
destination-primary,columnarFixedPoolPipelinedAppender,10000000,1000000,3,5,24.861084,520018848.0,0.0
destination-primary,columnarFixedPoolPipelinedAppender,10000000,1000000,3,6,28.435875,520018528.0,0.0
destination-primary,columnarFixedPoolPipelinedAppender,10000000,1000000,3,7,29.614917,520018592.0,0.0
destination-primary,columnarFixedPoolPipelinedAppender,10000000,1000000,3,8,27.975417,520018624.0,0.0
destination-primary,columnarFixedPoolPipelinedAppender,10000000,1000000,3,9,25.604709,520018880.0,0.0
destination-primary,columnarFixedPoolPipelinedAppender,10000000,1000000,3,10,28.879916,520028440.0,0.0
destination-primary,columnarSequentialRangedBatches,100000,8192,1,1,1.351792,5207976.0,0.0
destination-primary,columnarSequentialRangedBatches,100000,8192,1,2,1.361125,5207976.0,0.0
destination-primary,columnarSequentialRangedBatches,100000,8192,1,3,1.40775,5207976.0,0.0
destination-primary,columnarSequentialRangedBatches,100000,8192,1,4,0.375125,5207976.0,0.0
destination-primary,columnarSequentialRangedBatches,100000,8192,1,5,1.506459,5207976.0,0.0
destination-primary,columnarSequentialRangedBatches,100000,8192,1,6,1.089125,5207976.0,0.0
destination-primary,columnarSequentialRangedBatches,100000,8192,1,7,1.319916,5207976.0,0.0
destination-primary,columnarSequentialRangedBatches,100000,8192,1,8,1.063792,5207976.0,0.0
destination-primary,columnarSequentialRangedBatches,100000,8192,1,9,1.6935,5207976.0,0.0
destination-primary,columnarSequentialRangedBatches,100000,8192,1,10,1.429708,5211232.0,0.0
destination-primary,columnarSequentialRangedBatches,100000,8192,2,1,1.391958,5207976.0,0.0
destination-primary,columnarSequentialRangedBatches,100000,8192,2,2,1.627833,5207976.0,0.0
destination-primary,columnarSequentialRangedBatches,100000,8192,2,3,1.35525,5207976.0,0.0
destination-primary,columnarSequentialRangedBatches,100000,8192,2,4,1.459667,5207976.0,0.0
destination-primary,columnarSequentialRangedBatches,100000,8192,2,5,1.639542,5207976.0,0.0
destination-primary,columnarSequentialRangedBatches,100000,8192,2,6,1.344042,5207976.0,0.0
destination-primary,columnarSequentialRangedBatches,100000,8192,2,7,1.432709,5207976.0,0.0
destination-primary,columnarSequentialRangedBatches,100000,8192,2,8,1.39625,5207976.0,0.0
destination-primary,columnarSequentialRangedBatches,100000,8192,2,9,1.379042,5207976.0,0.0
destination-primary,columnarSequentialRangedBatches,100000,8192,2,10,1.27425,5211232.0,0.0
destination-primary,columnarSequentialRangedBatches,100000,8192,3,1,1.557666,5207976.0,0.0
destination-primary,columnarSequentialRangedBatches,100000,8192,3,2,1.310291,5207976.0,0.0
destination-primary,columnarSequentialRangedBatches,100000,8192,3,3,1.278167,5207976.0,0.0
destination-primary,columnarSequentialRangedBatches,100000,8192,3,4,1.508,5207976.0,0.0
destination-primary,columnarSequentialRangedBatches,100000,8192,3,5,0.631291,5207976.0,0.0
destination-primary,columnarSequentialRangedBatches,100000,8192,3,6,1.484083,5207976.0,0.0
destination-primary,columnarSequentialRangedBatches,100000,8192,3,7,1.351583,5207976.0,0.0
destination-primary,columnarSequentialRangedBatches,100000,8192,3,8,1.388667,5207976.0,0.0
destination-primary,columnarSequentialRangedBatches,100000,8192,3,9,1.293084,5207976.0,0.0
destination-primary,columnarSequentialRangedBatches,100000,8192,3,10,1.470209,5211232.0,0.0
destination-primary,columnarSequentialRangedBatches,10000000,8192,1,1,47.68475,520094952.0,0.0
destination-primary,columnarSequentialRangedBatches,10000000,8192,1,2,49.090625,520094952.0,0.0
destination-primary,columnarSequentialRangedBatches,10000000,8192,1,3,49.429458,520094952.0,0.0
destination-primary,columnarSequentialRangedBatches,10000000,8192,1,4,50.073542,520094952.0,0.0
destination-primary,columnarSequentialRangedBatches,10000000,8192,1,5,48.957375,520094952.0,0.0
destination-primary,columnarSequentialRangedBatches,10000000,8192,1,6,46.534625,520094952.0,0.0
destination-primary,columnarSequentialRangedBatches,10000000,8192,1,7,50.528542,520094952.0,0.0
destination-primary,columnarSequentialRangedBatches,10000000,8192,1,8,48.814042,520094952.0,0.0
destination-primary,columnarSequentialRangedBatches,10000000,8192,1,9,45.146291,520094952.0,0.0
destination-primary,columnarSequentialRangedBatches,10000000,8192,1,10,48.847625,520098208.0,0.0
destination-primary,columnarSequentialRangedBatches,10000000,8192,2,1,47.324542,520094952.0,0.0
destination-primary,columnarSequentialRangedBatches,10000000,8192,2,2,50.443875,520094952.0,0.0
destination-primary,columnarSequentialRangedBatches,10000000,8192,2,3,36.023084,520094952.0,0.0
destination-primary,columnarSequentialRangedBatches,10000000,8192,2,4,50.316041,520094952.0,0.0
destination-primary,columnarSequentialRangedBatches,10000000,8192,2,5,48.413583,520094952.0,0.0
destination-primary,columnarSequentialRangedBatches,10000000,8192,2,6,49.880042,520094952.0,0.0
destination-primary,columnarSequentialRangedBatches,10000000,8192,2,7,49.429125,520094952.0,0.0
destination-primary,columnarSequentialRangedBatches,10000000,8192,2,8,67.471542,520094952.0,0.0
destination-primary,columnarSequentialRangedBatches,10000000,8192,2,9,47.584917,520094952.0,0.0
destination-primary,columnarSequentialRangedBatches,10000000,8192,2,10,28.9435,520098208.0,0.0
destination-primary,columnarSequentialRangedBatches,10000000,8192,3,1,47.224667,520094952.0,0.0
destination-primary,columnarSequentialRangedBatches,10000000,8192,3,2,40.667833,520094952.0,0.0
destination-primary,columnarSequentialRangedBatches,10000000,8192,3,3,48.989,520094952.0,0.0
destination-primary,columnarSequentialRangedBatches,10000000,8192,3,4,49.664083,520094952.0,0.0
destination-primary,columnarSequentialRangedBatches,10000000,8192,3,5,47.643708,520094952.0,0.0
destination-primary,columnarSequentialRangedBatches,10000000,8192,3,6,50.350375,520094952.0,0.0
destination-primary,columnarSequentialRangedBatches,10000000,8192,3,7,48.721042,520094952.0,0.0
destination-primary,columnarSequentialRangedBatches,10000000,8192,3,8,44.172375,520094952.0,0.0
destination-primary,columnarSequentialRangedBatches,10000000,8192,3,9,49.663791,520094952.0,0.0
destination-primary,columnarSequentialRangedBatches,10000000,8192,3,10,50.116667,520098208.0,0.0
destination-primary,columnarSequentialRangedBatches,100000,1000000,1,1,1.521417,5207112.0,0.0
destination-primary,columnarSequentialRangedBatches,100000,1000000,1,2,1.234958,5207112.0,0.0
destination-primary,columnarSequentialRangedBatches,100000,1000000,1,3,1.460083,5207112.0,0.0
destination-primary,columnarSequentialRangedBatches,100000,1000000,1,4,1.375959,5207112.0,0.0
destination-primary,columnarSequentialRangedBatches,100000,1000000,1,5,1.288375,5207112.0,0.0
destination-primary,columnarSequentialRangedBatches,100000,1000000,1,6,1.45125,5207112.0,0.0
destination-primary,columnarSequentialRangedBatches,100000,1000000,1,7,1.384459,5207112.0,0.0
destination-primary,columnarSequentialRangedBatches,100000,1000000,1,8,1.211833,5207112.0,0.0
destination-primary,columnarSequentialRangedBatches,100000,1000000,1,9,0.958959,5207112.0,0.0
destination-primary,columnarSequentialRangedBatches,100000,1000000,1,10,1.388375,5210368.0,0.0
destination-primary,columnarSequentialRangedBatches,100000,1000000,2,1,1.319917,5207112.0,0.0
destination-primary,columnarSequentialRangedBatches,100000,1000000,2,2,1.470875,5207112.0,0.0
destination-primary,columnarSequentialRangedBatches,100000,1000000,2,3,0.909083,5207112.0,0.0
destination-primary,columnarSequentialRangedBatches,100000,1000000,2,4,1.455292,5207112.0,0.0
destination-primary,columnarSequentialRangedBatches,100000,1000000,2,5,1.32725,5207112.0,0.0
destination-primary,columnarSequentialRangedBatches,100000,1000000,2,6,1.224833,5207112.0,0.0
destination-primary,columnarSequentialRangedBatches,100000,1000000,2,7,1.169167,5207112.0,0.0
destination-primary,columnarSequentialRangedBatches,100000,1000000,2,8,1.18675,5207112.0,0.0
destination-primary,columnarSequentialRangedBatches,100000,1000000,2,9,1.342042,5207112.0,0.0
destination-primary,columnarSequentialRangedBatches,100000,1000000,2,10,1.397208,5210368.0,0.0
destination-primary,columnarSequentialRangedBatches,100000,1000000,3,1,1.513583,5207112.0,0.0
destination-primary,columnarSequentialRangedBatches,100000,1000000,3,2,1.269875,5207112.0,0.0
destination-primary,columnarSequentialRangedBatches,100000,1000000,3,3,1.145541,5207112.0,0.0
destination-primary,columnarSequentialRangedBatches,100000,1000000,3,4,1.570042,5207112.0,0.0
destination-primary,columnarSequentialRangedBatches,100000,1000000,3,5,1.691917,5207112.0,0.0
destination-primary,columnarSequentialRangedBatches,100000,1000000,3,6,1.200041,5207112.0,0.0
destination-primary,columnarSequentialRangedBatches,100000,1000000,3,7,1.38325,5207112.0,0.0
destination-primary,columnarSequentialRangedBatches,100000,1000000,3,8,1.293,5207112.0,0.0
destination-primary,columnarSequentialRangedBatches,100000,1000000,3,9,1.212917,5207112.0,0.0
destination-primary,columnarSequentialRangedBatches,100000,1000000,3,10,0.950083,5210368.0,0.0
destination-primary,columnarSequentialRangedBatches,10000000,1000000,1,1,45.969084,520007760.0,0.0
destination-primary,columnarSequentialRangedBatches,10000000,1000000,1,2,51.443792,520007760.0,0.0
destination-primary,columnarSequentialRangedBatches,10000000,1000000,1,3,46.153375,520007760.0,0.0
destination-primary,columnarSequentialRangedBatches,10000000,1000000,1,4,52.178708,520007760.0,0.0
destination-primary,columnarSequentialRangedBatches,10000000,1000000,1,5,51.976625,520007760.0,0.0
destination-primary,columnarSequentialRangedBatches,10000000,1000000,1,6,52.568834,520007760.0,0.0
destination-primary,columnarSequentialRangedBatches,10000000,1000000,1,7,53.814416,520007760.0,0.0
destination-primary,columnarSequentialRangedBatches,10000000,1000000,1,8,53.608042,520007760.0,0.0
destination-primary,columnarSequentialRangedBatches,10000000,1000000,1,9,57.570541,520007760.0,0.0
destination-primary,columnarSequentialRangedBatches,10000000,1000000,1,10,63.845417,520011016.0,0.0
destination-primary,columnarSequentialRangedBatches,10000000,1000000,2,1,56.678834,520007760.0,0.0
destination-primary,columnarSequentialRangedBatches,10000000,1000000,2,2,50.571625,520007760.0,0.0
destination-primary,columnarSequentialRangedBatches,10000000,1000000,2,3,53.796625,520007760.0,0.0
destination-primary,columnarSequentialRangedBatches,10000000,1000000,2,4,52.536167,520007760.0,0.0
destination-primary,columnarSequentialRangedBatches,10000000,1000000,2,5,56.815084,520007760.0,0.0
destination-primary,columnarSequentialRangedBatches,10000000,1000000,2,6,50.948334,520007760.0,0.0
destination-primary,columnarSequentialRangedBatches,10000000,1000000,2,7,42.681583,520007760.0,0.0
destination-primary,columnarSequentialRangedBatches,10000000,1000000,2,8,29.180916,520007760.0,0.0
destination-primary,columnarSequentialRangedBatches,10000000,1000000,2,9,55.276292,520007760.0,0.0
destination-primary,columnarSequentialRangedBatches,10000000,1000000,2,10,53.120792,520011016.0,0.0
destination-primary,columnarSequentialRangedBatches,10000000,1000000,3,1,52.81725,520007760.0,0.0
destination-primary,columnarSequentialRangedBatches,10000000,1000000,3,2,52.168375,520007760.0,0.0
destination-primary,columnarSequentialRangedBatches,10000000,1000000,3,3,58.630292,520007760.0,0.0
destination-primary,columnarSequentialRangedBatches,10000000,1000000,3,4,56.507375,520007760.0,0.0
destination-primary,columnarSequentialRangedBatches,10000000,1000000,3,5,54.095,520007760.0,0.0
destination-primary,columnarSequentialRangedBatches,10000000,1000000,3,6,55.059542,520007760.0,0.0
destination-primary,columnarSequentialRangedBatches,10000000,1000000,3,7,53.19125,520007760.0,0.0
destination-primary,columnarSequentialRangedBatches,10000000,1000000,3,8,75.7045,520007760.0,0.0
destination-primary,columnarSequentialRangedBatches,10000000,1000000,3,9,63.373958,520007760.0,0.0
destination-primary,columnarSequentialRangedBatches,10000000,1000000,3,10,53.768375,520011016.0,0.0
destination-primary,columnarSingleThreadedAppender,100000,8192,1,1,1.41025,5207040.0,0.0
destination-primary,columnarSingleThreadedAppender,100000,8192,1,2,1.314625,5207040.0,0.0
destination-primary,columnarSingleThreadedAppender,100000,8192,1,3,1.274792,5207040.0,0.0
destination-primary,columnarSingleThreadedAppender,100000,8192,1,4,1.501334,5207040.0,0.0
destination-primary,columnarSingleThreadedAppender,100000,8192,1,5,1.214,5207040.0,0.0
destination-primary,columnarSingleThreadedAppender,100000,8192,1,6,1.33425,5207040.0,0.0
destination-primary,columnarSingleThreadedAppender,100000,8192,1,7,1.423084,5207040.0,0.0
destination-primary,columnarSingleThreadedAppender,100000,8192,1,8,1.426166,5207040.0,0.0
destination-primary,columnarSingleThreadedAppender,100000,8192,1,9,1.409334,5207040.0,0.0
destination-primary,columnarSingleThreadedAppender,100000,8192,1,10,1.41975,5210296.0,0.0
destination-primary,columnarSingleThreadedAppender,100000,8192,2,1,1.789583,5207040.0,0.0
destination-primary,columnarSingleThreadedAppender,100000,8192,2,2,1.208125,5207040.0,0.0
destination-primary,columnarSingleThreadedAppender,100000,8192,2,3,1.038167,5207040.0,0.0
destination-primary,columnarSingleThreadedAppender,100000,8192,2,4,1.645,5207040.0,0.0
destination-primary,columnarSingleThreadedAppender,100000,8192,2,5,1.513958,5207040.0,0.0
destination-primary,columnarSingleThreadedAppender,100000,8192,2,6,1.482291,5207040.0,0.0
destination-primary,columnarSingleThreadedAppender,100000,8192,2,7,1.478792,5207040.0,0.0
destination-primary,columnarSingleThreadedAppender,100000,8192,2,8,1.556875,5207040.0,0.0
destination-primary,columnarSingleThreadedAppender,100000,8192,2,9,1.258042,5207040.0,0.0
destination-primary,columnarSingleThreadedAppender,100000,8192,2,10,1.508084,5210296.0,0.0
destination-primary,columnarSingleThreadedAppender,100000,8192,3,1,1.311792,5207040.0,0.0
destination-primary,columnarSingleThreadedAppender,100000,8192,3,2,1.410833,5207040.0,0.0
destination-primary,columnarSingleThreadedAppender,100000,8192,3,3,1.455416,5207040.0,0.0
destination-primary,columnarSingleThreadedAppender,100000,8192,3,4,1.572709,5207040.0,0.0
destination-primary,columnarSingleThreadedAppender,100000,8192,3,5,0.999542,5207040.0,0.0
destination-primary,columnarSingleThreadedAppender,100000,8192,3,6,0.726667,5207040.0,0.0
destination-primary,columnarSingleThreadedAppender,100000,8192,3,7,1.427792,5207040.0,0.0
destination-primary,columnarSingleThreadedAppender,100000,8192,3,8,1.23625,5207040.0,0.0
destination-primary,columnarSingleThreadedAppender,100000,8192,3,9,1.333625,5207040.0,0.0
destination-primary,columnarSingleThreadedAppender,100000,8192,3,10,1.468416,5210296.0,0.0
destination-primary,columnarSingleThreadedAppender,10000000,8192,1,1,42.891458,520007040.0,0.0
destination-primary,columnarSingleThreadedAppender,10000000,8192,1,2,40.365792,520007040.0,0.0
destination-primary,columnarSingleThreadedAppender,10000000,8192,1,3,48.077417,520007040.0,0.0
destination-primary,columnarSingleThreadedAppender,10000000,8192,1,4,50.826333,520007040.0,0.0
destination-primary,columnarSingleThreadedAppender,10000000,8192,1,5,45.754417,520007040.0,0.0
destination-primary,columnarSingleThreadedAppender,10000000,8192,1,6,51.020917,520007040.0,0.0
destination-primary,columnarSingleThreadedAppender,10000000,8192,1,7,29.507458,520007040.0,0.0
destination-primary,columnarSingleThreadedAppender,10000000,8192,1,8,33.624459,520007040.0,0.0
destination-primary,columnarSingleThreadedAppender,10000000,8192,1,9,47.96525,520007040.0,0.0
destination-primary,columnarSingleThreadedAppender,10000000,8192,1,10,46.764417,520010296.0,0.0
destination-primary,columnarSingleThreadedAppender,10000000,8192,2,1,104.768667,520007040.0,0.0
destination-primary,columnarSingleThreadedAppender,10000000,8192,2,2,63.609208,520007040.0,0.0
destination-primary,columnarSingleThreadedAppender,10000000,8192,2,3,29.778625,520007040.0,0.0
destination-primary,columnarSingleThreadedAppender,10000000,8192,2,4,28.740583,520007040.0,0.0
destination-primary,columnarSingleThreadedAppender,10000000,8192,2,5,25.967167,520007040.0,0.0
destination-primary,columnarSingleThreadedAppender,10000000,8192,2,6,28.421417,520007040.0,0.0
destination-primary,columnarSingleThreadedAppender,10000000,8192,2,7,28.467917,520007040.0,0.0
destination-primary,columnarSingleThreadedAppender,10000000,8192,2,8,21.9975,520007040.0,0.0
destination-primary,columnarSingleThreadedAppender,10000000,8192,2,9,40.239125,520007040.0,0.0
destination-primary,columnarSingleThreadedAppender,10000000,8192,2,10,29.141583,520010296.0,0.0
destination-primary,columnarSingleThreadedAppender,10000000,8192,3,1,23.561333,520007040.0,0.0
destination-primary,columnarSingleThreadedAppender,10000000,8192,3,2,35.880125,520007040.0,0.0
destination-primary,columnarSingleThreadedAppender,10000000,8192,3,3,24.848458,520007040.0,0.0
destination-primary,columnarSingleThreadedAppender,10000000,8192,3,4,28.798375,520007040.0,0.0
destination-primary,columnarSingleThreadedAppender,10000000,8192,3,5,33.363125,520007040.0,0.0
destination-primary,columnarSingleThreadedAppender,10000000,8192,3,6,48.74425,520007040.0,0.0
destination-primary,columnarSingleThreadedAppender,10000000,8192,3,7,24.149833,520007040.0,0.0
destination-primary,columnarSingleThreadedAppender,10000000,8192,3,8,23.791625,520007040.0,0.0
destination-primary,columnarSingleThreadedAppender,10000000,8192,3,9,25.342791,520007040.0,0.0
destination-primary,columnarSingleThreadedAppender,10000000,8192,3,10,29.762833,520010296.0,0.0
destination-primary,columnarSingleThreadedAppender,100000,1000000,1,1,0.491875,5207040.0,0.0
destination-primary,columnarSingleThreadedAppender,100000,1000000,1,2,0.668875,5207040.0,0.0
destination-primary,columnarSingleThreadedAppender,100000,1000000,1,3,0.413041,5207040.0,0.0
destination-primary,columnarSingleThreadedAppender,100000,1000000,1,4,1.557084,5207040.0,0.0
destination-primary,columnarSingleThreadedAppender,100000,1000000,1,5,0.701375,5207040.0,0.0
destination-primary,columnarSingleThreadedAppender,100000,1000000,1,6,1.267125,5207040.0,0.0
destination-primary,columnarSingleThreadedAppender,100000,1000000,1,7,1.3205,5207040.0,0.0
destination-primary,columnarSingleThreadedAppender,100000,1000000,1,8,1.399583,5207040.0,0.0
destination-primary,columnarSingleThreadedAppender,100000,1000000,1,9,0.5055,5207040.0,0.0
destination-primary,columnarSingleThreadedAppender,100000,1000000,1,10,0.319042,5210296.0,0.0
destination-primary,columnarSingleThreadedAppender,100000,1000000,2,1,1.554791,5207040.0,0.0
destination-primary,columnarSingleThreadedAppender,100000,1000000,2,2,0.2745,5207040.0,0.0
destination-primary,columnarSingleThreadedAppender,100000,1000000,2,3,1.125541,5207040.0,0.0
destination-primary,columnarSingleThreadedAppender,100000,1000000,2,4,1.109458,5207040.0,0.0
destination-primary,columnarSingleThreadedAppender,100000,1000000,2,5,1.500917,5207040.0,0.0
destination-primary,columnarSingleThreadedAppender,100000,1000000,2,6,0.318167,5207040.0,0.0
destination-primary,columnarSingleThreadedAppender,100000,1000000,2,7,0.845125,5207040.0,0.0
destination-primary,columnarSingleThreadedAppender,100000,1000000,2,8,0.412584,5207040.0,0.0
destination-primary,columnarSingleThreadedAppender,100000,1000000,2,9,1.48875,5207040.0,0.0
destination-primary,columnarSingleThreadedAppender,100000,1000000,2,10,1.699625,5210296.0,0.0
destination-primary,columnarSingleThreadedAppender,100000,1000000,3,1,1.158083,5207040.0,0.0
destination-primary,columnarSingleThreadedAppender,100000,1000000,3,2,1.175334,5207040.0,0.0
destination-primary,columnarSingleThreadedAppender,100000,1000000,3,3,1.3295,5207040.0,0.0
destination-primary,columnarSingleThreadedAppender,100000,1000000,3,4,1.322709,5207040.0,0.0
destination-primary,columnarSingleThreadedAppender,100000,1000000,3,5,1.110417,5207040.0,0.0
destination-primary,columnarSingleThreadedAppender,100000,1000000,3,6,1.358958,5207040.0,0.0
destination-primary,columnarSingleThreadedAppender,100000,1000000,3,7,0.823959,5207040.0,0.0
destination-primary,columnarSingleThreadedAppender,100000,1000000,3,8,1.035292,5207040.0,0.0
destination-primary,columnarSingleThreadedAppender,100000,1000000,3,9,1.134625,5207040.0,0.0
destination-primary,columnarSingleThreadedAppender,100000,1000000,3,10,1.211041,5210296.0,0.0
destination-primary,columnarSingleThreadedAppender,10000000,1000000,1,1,48.4045,520007040.0,0.0
destination-primary,columnarSingleThreadedAppender,10000000,1000000,1,2,53.973792,520007040.0,0.0
destination-primary,columnarSingleThreadedAppender,10000000,1000000,1,3,53.383917,520007040.0,0.0
destination-primary,columnarSingleThreadedAppender,10000000,1000000,1,4,51.620708,520007040.0,0.0
destination-primary,columnarSingleThreadedAppender,10000000,1000000,1,5,54.125916,520007040.0,0.0
destination-primary,columnarSingleThreadedAppender,10000000,1000000,1,6,46.593541,520007040.0,0.0
destination-primary,columnarSingleThreadedAppender,10000000,1000000,1,7,57.914792,520007040.0,0.0
destination-primary,columnarSingleThreadedAppender,10000000,1000000,1,8,60.058709,520007040.0,0.0
destination-primary,columnarSingleThreadedAppender,10000000,1000000,1,9,49.63125,520007040.0,0.0
destination-primary,columnarSingleThreadedAppender,10000000,1000000,1,10,54.126708,520010296.0,0.0
destination-primary,columnarSingleThreadedAppender,10000000,1000000,2,1,30.71325,520007040.0,0.0
destination-primary,columnarSingleThreadedAppender,10000000,1000000,2,2,50.9955,520007040.0,0.0
destination-primary,columnarSingleThreadedAppender,10000000,1000000,2,3,53.455292,520007040.0,0.0
destination-primary,columnarSingleThreadedAppender,10000000,1000000,2,4,26.54875,520007040.0,0.0
destination-primary,columnarSingleThreadedAppender,10000000,1000000,2,5,25.366166,520007040.0,0.0
destination-primary,columnarSingleThreadedAppender,10000000,1000000,2,6,46.108833,520007040.0,0.0
destination-primary,columnarSingleThreadedAppender,10000000,1000000,2,7,35.782375,520007040.0,0.0
destination-primary,columnarSingleThreadedAppender,10000000,1000000,2,8,31.9835,520007040.0,0.0
destination-primary,columnarSingleThreadedAppender,10000000,1000000,2,9,46.4465,520007040.0,0.0
destination-primary,columnarSingleThreadedAppender,10000000,1000000,2,10,30.479834,520010296.0,0.0
destination-primary,columnarSingleThreadedAppender,10000000,1000000,3,1,26.973125,520007040.0,0.0
destination-primary,columnarSingleThreadedAppender,10000000,1000000,3,2,29.474917,520007040.0,0.0
destination-primary,columnarSingleThreadedAppender,10000000,1000000,3,3,29.517709,520007040.0,0.0
destination-primary,columnarSingleThreadedAppender,10000000,1000000,3,4,39.708,520007040.0,0.0
destination-primary,columnarSingleThreadedAppender,10000000,1000000,3,5,44.3285,520007040.0,0.0
destination-primary,columnarSingleThreadedAppender,10000000,1000000,3,6,43.953084,520007040.0,0.0
destination-primary,columnarSingleThreadedAppender,10000000,1000000,3,7,35.280833,520007040.0,0.0
destination-primary,columnarSingleThreadedAppender,10000000,1000000,3,8,29.549083,520007040.0,0.0
destination-primary,columnarSingleThreadedAppender,10000000,1000000,3,9,31.399208,520007040.0,0.0
destination-primary,columnarSingleThreadedAppender,10000000,1000000,3,10,29.685416,520010296.0,0.0
destination-repeat,arrayListRows,10000000,8192,1,1,279.873583,680006824.0,0.0
destination-repeat,arrayListRows,10000000,8192,1,2,276.144666,680006824.0,0.0
destination-repeat,arrayListRows,10000000,8192,1,3,270.2605,680006824.0,0.0
destination-repeat,arrayListRows,10000000,8192,1,4,264.875042,680006824.0,0.0
destination-repeat,arrayListRows,10000000,8192,1,5,324.464,680006824.0,0.0
destination-repeat,arrayListRows,10000000,8192,1,6,252.371,680006824.0,0.0
destination-repeat,arrayListRows,10000000,8192,1,7,236.153708,680006824.0,0.0
destination-repeat,arrayListRows,10000000,8192,1,8,237.457625,680006824.0,0.0
destination-repeat,arrayListRows,10000000,8192,1,9,225.853916,680006824.0,0.0
destination-repeat,arrayListRows,10000000,8192,1,10,228.651542,680010080.0,0.0
destination-repeat,arrayListRows,10000000,8192,2,1,292.871875,680006880.0,1.0
destination-repeat,arrayListRows,10000000,8192,2,2,238.336541,680006824.0,0.0
destination-repeat,arrayListRows,10000000,8192,2,3,228.55125,680006824.0,0.0
destination-repeat,arrayListRows,10000000,8192,2,4,267.7575,680006824.0,0.0
destination-repeat,arrayListRows,10000000,8192,2,5,218.905125,680006824.0,0.0
destination-repeat,arrayListRows,10000000,8192,2,6,220.156708,680006824.0,0.0
destination-repeat,arrayListRows,10000000,8192,2,7,215.7215,680006824.0,0.0
destination-repeat,arrayListRows,10000000,8192,2,8,232.666125,680006824.0,0.0
destination-repeat,arrayListRows,10000000,8192,2,9,219.276875,680006824.0,0.0
destination-repeat,arrayListRows,10000000,8192,2,10,229.390875,680010080.0,0.0
destination-repeat,arrayListRows,10000000,8192,3,1,243.056833,680006824.0,0.0
destination-repeat,arrayListRows,10000000,8192,3,2,253.115459,680006824.0,0.0
destination-repeat,arrayListRows,10000000,8192,3,3,226.793166,680006824.0,0.0
destination-repeat,arrayListRows,10000000,8192,3,4,221.800292,680006824.0,0.0
destination-repeat,arrayListRows,10000000,8192,3,5,224.246583,680006824.0,0.0
destination-repeat,arrayListRows,10000000,8192,3,6,225.640458,680006824.0,0.0
destination-repeat,arrayListRows,10000000,8192,3,7,232.161125,680006824.0,0.0
destination-repeat,arrayListRows,10000000,8192,3,8,240.75975,680006824.0,0.0
destination-repeat,arrayListRows,10000000,8192,3,9,234.649333,680006824.0,0.0
destination-repeat,arrayListRows,10000000,8192,3,10,229.896583,680010080.0,0.0
destination-repeat,arrayListRows,10000000,1000000,1,1,271.927209,680006824.0,0.0
destination-repeat,arrayListRows,10000000,1000000,1,2,225.912667,680006824.0,0.0
destination-repeat,arrayListRows,10000000,1000000,1,3,219.4805,680006824.0,0.0
destination-repeat,arrayListRows,10000000,1000000,1,4,226.997292,680006824.0,0.0
destination-repeat,arrayListRows,10000000,1000000,1,5,220.998625,680006824.0,0.0
destination-repeat,arrayListRows,10000000,1000000,1,6,219.817708,680006824.0,0.0
destination-repeat,arrayListRows,10000000,1000000,1,7,215.100833,680006824.0,0.0
destination-repeat,arrayListRows,10000000,1000000,1,8,230.1445,680006824.0,0.0
destination-repeat,arrayListRows,10000000,1000000,1,9,226.59575,680006824.0,0.0
destination-repeat,arrayListRows,10000000,1000000,1,10,230.927875,680010080.0,0.0
destination-repeat,arrayListRows,10000000,1000000,2,1,240.789917,680006824.0,0.0
destination-repeat,arrayListRows,10000000,1000000,2,2,226.336042,680006824.0,0.0
destination-repeat,arrayListRows,10000000,1000000,2,3,218.55625,680006824.0,0.0
destination-repeat,arrayListRows,10000000,1000000,2,4,227.810333,680006824.0,0.0
destination-repeat,arrayListRows,10000000,1000000,2,5,222.755958,680006824.0,0.0
destination-repeat,arrayListRows,10000000,1000000,2,6,218.323125,680006824.0,0.0
destination-repeat,arrayListRows,10000000,1000000,2,7,227.326166,680006824.0,0.0
destination-repeat,arrayListRows,10000000,1000000,2,8,228.14425,680006824.0,0.0
destination-repeat,arrayListRows,10000000,1000000,2,9,225.970541,680006824.0,0.0
destination-repeat,arrayListRows,10000000,1000000,2,10,220.049583,680010080.0,0.0
destination-repeat,arrayListRows,10000000,1000000,3,1,242.880208,680006824.0,0.0
destination-repeat,arrayListRows,10000000,1000000,3,2,218.624416,680006824.0,0.0
destination-repeat,arrayListRows,10000000,1000000,3,3,212.999875,680006824.0,0.0
destination-repeat,arrayListRows,10000000,1000000,3,4,221.554125,680006824.0,0.0
destination-repeat,arrayListRows,10000000,1000000,3,5,314.065291,680006824.0,0.0
destination-repeat,arrayListRows,10000000,1000000,3,6,258.664416,680006824.0,0.0
destination-repeat,arrayListRows,10000000,1000000,3,7,228.677959,680006824.0,0.0
destination-repeat,arrayListRows,10000000,1000000,3,8,225.431708,680006824.0,0.0
destination-repeat,arrayListRows,10000000,1000000,3,9,248.707625,680006824.0,0.0
destination-repeat,arrayListRows,10000000,1000000,3,10,222.544,680010080.0,0.0
destination-repeat,columnarFixedPoolPerBatchBarrierAppender,10000000,8192,1,1,50.672792,522243352.0,0.0
destination-repeat,columnarFixedPoolPerBatchBarrierAppender,10000000,8192,1,2,48.540958,522243856.0,0.0
destination-repeat,columnarFixedPoolPerBatchBarrierAppender,10000000,8192,1,3,47.930041,522227256.0,0.0
destination-repeat,columnarFixedPoolPerBatchBarrierAppender,10000000,8192,1,4,46.683083,522229040.0,0.0
destination-repeat,columnarFixedPoolPerBatchBarrierAppender,10000000,8192,1,5,52.593416,522265376.0,0.0
destination-repeat,columnarFixedPoolPerBatchBarrierAppender,10000000,8192,1,6,46.450083,522237144.0,0.0
destination-repeat,columnarFixedPoolPerBatchBarrierAppender,10000000,8192,1,7,42.5745,522249568.0,0.0
destination-repeat,columnarFixedPoolPerBatchBarrierAppender,10000000,8192,1,8,52.713875,522283888.0,0.0
destination-repeat,columnarFixedPoolPerBatchBarrierAppender,10000000,8192,1,9,50.691875,522256216.0,0.0
destination-repeat,columnarFixedPoolPerBatchBarrierAppender,10000000,8192,1,10,55.293625,522298112.0,0.0
destination-repeat,columnarFixedPoolPerBatchBarrierAppender,10000000,8192,2,1,50.755125,522254600.0,0.0
destination-repeat,columnarFixedPoolPerBatchBarrierAppender,10000000,8192,2,2,46.326959,522237952.0,0.0
destination-repeat,columnarFixedPoolPerBatchBarrierAppender,10000000,8192,2,3,39.818916,522283808.0,0.0
destination-repeat,columnarFixedPoolPerBatchBarrierAppender,10000000,8192,2,4,53.099208,522267224.0,0.0
destination-repeat,columnarFixedPoolPerBatchBarrierAppender,10000000,8192,2,5,48.717,522255800.0,0.0
destination-repeat,columnarFixedPoolPerBatchBarrierAppender,10000000,8192,2,6,46.951625,522245368.0,0.0
destination-repeat,columnarFixedPoolPerBatchBarrierAppender,10000000,8192,2,7,57.63975,522274208.0,0.0
destination-repeat,columnarFixedPoolPerBatchBarrierAppender,10000000,8192,2,8,56.98425,522278304.0,0.0
destination-repeat,columnarFixedPoolPerBatchBarrierAppender,10000000,8192,2,9,44.942292,522251512.0,0.0
destination-repeat,columnarFixedPoolPerBatchBarrierAppender,10000000,8192,2,10,28.674708,522260768.0,0.0
destination-repeat,columnarFixedPoolPerBatchBarrierAppender,10000000,8192,3,1,47.912167,522246568.0,0.0
destination-repeat,columnarFixedPoolPerBatchBarrierAppender,10000000,8192,3,2,45.964291,522246936.0,0.0
destination-repeat,columnarFixedPoolPerBatchBarrierAppender,10000000,8192,3,3,48.070542,522250784.0,0.0
destination-repeat,columnarFixedPoolPerBatchBarrierAppender,10000000,8192,3,4,50.165541,522257432.0,0.0
destination-repeat,columnarFixedPoolPerBatchBarrierAppender,10000000,8192,3,5,48.334583,522256568.0,0.0
destination-repeat,columnarFixedPoolPerBatchBarrierAppender,10000000,8192,3,6,53.868,522291184.0,0.0
destination-repeat,columnarFixedPoolPerBatchBarrierAppender,10000000,8192,3,7,58.809708,522274392.0,0.0
destination-repeat,columnarFixedPoolPerBatchBarrierAppender,10000000,8192,3,8,53.543708,522277560.0,0.0
destination-repeat,columnarFixedPoolPerBatchBarrierAppender,10000000,8192,3,9,38.029375,522249736.0,0.0
destination-repeat,columnarFixedPoolPerBatchBarrierAppender,10000000,8192,3,10,50.903,522257168.0,0.0
destination-repeat,columnarFixedPoolPerBatchBarrierAppender,10000000,1000000,1,1,34.130792,520026240.0,0.0
destination-repeat,columnarFixedPoolPerBatchBarrierAppender,10000000,1000000,1,2,33.071834,520026440.0,0.0
destination-repeat,columnarFixedPoolPerBatchBarrierAppender,10000000,1000000,1,3,29.254,520026240.0,0.0
destination-repeat,columnarFixedPoolPerBatchBarrierAppender,10000000,1000000,1,4,24.006666,520026240.0,0.0
destination-repeat,columnarFixedPoolPerBatchBarrierAppender,10000000,1000000,1,5,38.882667,520026272.0,0.0
destination-repeat,columnarFixedPoolPerBatchBarrierAppender,10000000,1000000,1,6,23.702458,520026240.0,0.0
destination-repeat,columnarFixedPoolPerBatchBarrierAppender,10000000,1000000,1,7,31.720875,520026240.0,0.0
destination-repeat,columnarFixedPoolPerBatchBarrierAppender,10000000,1000000,1,8,18.571,520026272.0,0.0
destination-repeat,columnarFixedPoolPerBatchBarrierAppender,10000000,1000000,1,9,28.229958,520026240.0,0.0
destination-repeat,columnarFixedPoolPerBatchBarrierAppender,10000000,1000000,1,10,27.98175,520035640.0,0.0
destination-repeat,columnarFixedPoolPerBatchBarrierAppender,10000000,1000000,2,1,29.537791,520026240.0,0.0
destination-repeat,columnarFixedPoolPerBatchBarrierAppender,10000000,1000000,2,2,29.463125,520026240.0,0.0
destination-repeat,columnarFixedPoolPerBatchBarrierAppender,10000000,1000000,2,3,31.771833,520026240.0,0.0
destination-repeat,columnarFixedPoolPerBatchBarrierAppender,10000000,1000000,2,4,26.359541,520026240.0,0.0
destination-repeat,columnarFixedPoolPerBatchBarrierAppender,10000000,1000000,2,5,29.715667,520026240.0,0.0
destination-repeat,columnarFixedPoolPerBatchBarrierAppender,10000000,1000000,2,6,29.217083,520026240.0,0.0
destination-repeat,columnarFixedPoolPerBatchBarrierAppender,10000000,1000000,2,7,18.917209,520026272.0,0.0
destination-repeat,columnarFixedPoolPerBatchBarrierAppender,10000000,1000000,2,8,32.132125,520026240.0,0.0
destination-repeat,columnarFixedPoolPerBatchBarrierAppender,10000000,1000000,2,9,32.83075,520026272.0,0.0
destination-repeat,columnarFixedPoolPerBatchBarrierAppender,10000000,1000000,2,10,27.960041,520035640.0,0.0
destination-repeat,columnarFixedPoolPerBatchBarrierAppender,10000000,1000000,3,1,36.424584,520027088.0,0.0
destination-repeat,columnarFixedPoolPerBatchBarrierAppender,10000000,1000000,3,2,35.179333,520026336.0,0.0
destination-repeat,columnarFixedPoolPerBatchBarrierAppender,10000000,1000000,3,3,29.316291,520026240.0,0.0
destination-repeat,columnarFixedPoolPerBatchBarrierAppender,10000000,1000000,3,4,28.706875,520026440.0,0.0
destination-repeat,columnarFixedPoolPerBatchBarrierAppender,10000000,1000000,3,5,60.248375,520026272.0,0.0
destination-repeat,columnarFixedPoolPerBatchBarrierAppender,10000000,1000000,3,6,20.417166,520026240.0,0.0
destination-repeat,columnarFixedPoolPerBatchBarrierAppender,10000000,1000000,3,7,29.136417,520026240.0,0.0
destination-repeat,columnarFixedPoolPerBatchBarrierAppender,10000000,1000000,3,8,27.486042,520026240.0,0.0
destination-repeat,columnarFixedPoolPerBatchBarrierAppender,10000000,1000000,3,9,24.642667,520026240.0,0.0
destination-repeat,columnarFixedPoolPerBatchBarrierAppender,10000000,1000000,3,10,34.499875,520035640.0,0.0
destination-repeat,columnarFixedPoolPipelinedAppender,10000000,8192,1,1,21.514583,521239504.0,0.0
destination-repeat,columnarFixedPoolPipelinedAppender,10000000,8192,1,2,33.335834,521245248.0,0.0
destination-repeat,columnarFixedPoolPipelinedAppender,10000000,8192,1,3,31.943125,521248640.0,0.0
destination-repeat,columnarFixedPoolPipelinedAppender,10000000,8192,1,4,62.849,521217856.0,0.0
destination-repeat,columnarFixedPoolPipelinedAppender,10000000,8192,1,5,27.491583,521266080.0,0.0
destination-repeat,columnarFixedPoolPipelinedAppender,10000000,8192,1,6,32.706666,521235680.0,0.0
destination-repeat,columnarFixedPoolPipelinedAppender,10000000,8192,1,7,30.762834,521236224.0,0.0
destination-repeat,columnarFixedPoolPipelinedAppender,10000000,8192,1,8,34.98,521224352.0,0.0
destination-repeat,columnarFixedPoolPipelinedAppender,10000000,8192,1,9,32.324333,521234560.0,0.0
destination-repeat,columnarFixedPoolPipelinedAppender,10000000,8192,1,10,31.627958,521247256.0,0.0
destination-repeat,columnarFixedPoolPipelinedAppender,10000000,8192,2,1,46.785958,521246288.0,0.0
destination-repeat,columnarFixedPoolPipelinedAppender,10000000,8192,2,2,27.059209,521238592.0,0.0
destination-repeat,columnarFixedPoolPipelinedAppender,10000000,8192,2,3,36.197583,521233632.0,0.0
destination-repeat,columnarFixedPoolPipelinedAppender,10000000,8192,2,4,18.834666,521239872.0,0.0
destination-repeat,columnarFixedPoolPipelinedAppender,10000000,8192,2,5,32.345959,521245600.0,0.0
destination-repeat,columnarFixedPoolPipelinedAppender,10000000,8192,2,6,32.660625,521233120.0,0.0
destination-repeat,columnarFixedPoolPipelinedAppender,10000000,8192,2,7,30.931166,521245920.0,0.0
destination-repeat,columnarFixedPoolPipelinedAppender,10000000,8192,2,8,33.876625,521199296.0,0.0
destination-repeat,columnarFixedPoolPipelinedAppender,10000000,8192,2,9,30.995125,521239520.0,0.0
destination-repeat,columnarFixedPoolPipelinedAppender,10000000,8192,2,10,21.55175,521247512.0,0.0
destination-repeat,columnarFixedPoolPipelinedAppender,10000000,8192,3,1,45.319208,521212496.0,0.0
destination-repeat,columnarFixedPoolPipelinedAppender,10000000,8192,3,2,35.12075,521229376.0,0.0
destination-repeat,columnarFixedPoolPipelinedAppender,10000000,8192,3,3,20.565334,521227392.0,0.0
destination-repeat,columnarFixedPoolPipelinedAppender,10000000,8192,3,4,33.542541,521227776.0,0.0
destination-repeat,columnarFixedPoolPipelinedAppender,10000000,8192,3,5,34.053542,521239168.0,0.0
destination-repeat,columnarFixedPoolPipelinedAppender,10000000,8192,3,6,35.752958,521235008.0,0.0
destination-repeat,columnarFixedPoolPipelinedAppender,10000000,8192,3,7,28.118042,521237312.0,0.0
destination-repeat,columnarFixedPoolPipelinedAppender,10000000,8192,3,8,28.585583,521237120.0,0.0
destination-repeat,columnarFixedPoolPipelinedAppender,10000000,8192,3,9,20.059792,521237184.0,0.0
destination-repeat,columnarFixedPoolPipelinedAppender,10000000,8192,3,10,23.087083,521243640.0,0.0
destination-repeat,columnarFixedPoolPipelinedAppender,10000000,1000000,1,1,28.485459,520018144.0,0.0
destination-repeat,columnarFixedPoolPipelinedAppender,10000000,1000000,1,2,17.948291,520018688.0,0.0
destination-repeat,columnarFixedPoolPipelinedAppender,10000000,1000000,1,3,23.436,520019008.0,0.0
destination-repeat,columnarFixedPoolPipelinedAppender,10000000,1000000,1,4,27.577042,520019232.0,0.0
destination-repeat,columnarFixedPoolPipelinedAppender,10000000,1000000,1,5,24.185834,520018592.0,0.0
destination-repeat,columnarFixedPoolPipelinedAppender,10000000,1000000,1,6,18.462,520019040.0,0.0
destination-repeat,columnarFixedPoolPipelinedAppender,10000000,1000000,1,7,25.498916,520019040.0,0.0
destination-repeat,columnarFixedPoolPipelinedAppender,10000000,1000000,1,8,31.680292,520019040.0,0.0
destination-repeat,columnarFixedPoolPipelinedAppender,10000000,1000000,1,9,29.2615,520018624.0,0.0
destination-repeat,columnarFixedPoolPipelinedAppender,10000000,1000000,1,10,28.031208,520028248.0,0.0
destination-repeat,columnarFixedPoolPipelinedAppender,10000000,1000000,2,1,20.605,520018304.0,0.0
destination-repeat,columnarFixedPoolPipelinedAppender,10000000,1000000,2,2,30.573333,520018888.0,0.0
destination-repeat,columnarFixedPoolPipelinedAppender,10000000,1000000,2,3,25.299292,520018944.0,0.0
destination-repeat,columnarFixedPoolPipelinedAppender,10000000,1000000,2,4,28.346,520018464.0,0.0
destination-repeat,columnarFixedPoolPipelinedAppender,10000000,1000000,2,5,28.457791,520018592.0,0.0
destination-repeat,columnarFixedPoolPipelinedAppender,10000000,1000000,2,6,27.950042,520018656.0,0.0
destination-repeat,columnarFixedPoolPipelinedAppender,10000000,1000000,2,7,23.546583,520018656.0,0.0
destination-repeat,columnarFixedPoolPipelinedAppender,10000000,1000000,2,8,26.390417,520018496.0,0.0
destination-repeat,columnarFixedPoolPipelinedAppender,10000000,1000000,2,9,24.667083,520019104.0,0.0
destination-repeat,columnarFixedPoolPipelinedAppender,10000000,1000000,2,10,21.165875,520028568.0,0.0
destination-repeat,columnarFixedPoolPipelinedAppender,10000000,1000000,3,1,28.459083,520019040.0,0.0
destination-repeat,columnarFixedPoolPipelinedAppender,10000000,1000000,3,2,36.476042,520018496.0,0.0
destination-repeat,columnarFixedPoolPipelinedAppender,10000000,1000000,3,3,29.414458,520018944.0,0.0
destination-repeat,columnarFixedPoolPipelinedAppender,10000000,1000000,3,4,23.904334,520019208.0,0.0
destination-repeat,columnarFixedPoolPipelinedAppender,10000000,1000000,3,5,28.449041,520018784.0,0.0
destination-repeat,columnarFixedPoolPipelinedAppender,10000000,1000000,3,6,28.748459,520019072.0,0.0
destination-repeat,columnarFixedPoolPipelinedAppender,10000000,1000000,3,7,27.714083,520018752.0,0.0
destination-repeat,columnarFixedPoolPipelinedAppender,10000000,1000000,3,8,24.212875,520019136.0,0.0
destination-repeat,columnarFixedPoolPipelinedAppender,10000000,1000000,3,9,27.35575,520018880.0,0.0
destination-repeat,columnarFixedPoolPipelinedAppender,10000000,1000000,3,10,26.057042,520028376.0,0.0
destination-repeat,columnarSequentialRangedBatches,10000000,8192,1,1,49.510291,520094952.0,0.0
destination-repeat,columnarSequentialRangedBatches,10000000,8192,1,2,41.704083,520094952.0,0.0
destination-repeat,columnarSequentialRangedBatches,10000000,8192,1,3,49.034708,520094952.0,0.0
destination-repeat,columnarSequentialRangedBatches,10000000,8192,1,4,49.222791,520094952.0,0.0
destination-repeat,columnarSequentialRangedBatches,10000000,8192,1,5,37.905125,520094952.0,0.0
destination-repeat,columnarSequentialRangedBatches,10000000,8192,1,6,49.330666,520094952.0,0.0
destination-repeat,columnarSequentialRangedBatches,10000000,8192,1,7,48.218875,520094952.0,0.0
destination-repeat,columnarSequentialRangedBatches,10000000,8192,1,8,40.451167,520094952.0,0.0
destination-repeat,columnarSequentialRangedBatches,10000000,8192,1,9,48.510792,520094952.0,0.0
destination-repeat,columnarSequentialRangedBatches,10000000,8192,1,10,39.26175,520098208.0,0.0
destination-repeat,columnarSequentialRangedBatches,10000000,8192,2,1,38.951417,520094952.0,0.0
destination-repeat,columnarSequentialRangedBatches,10000000,8192,2,2,114.729667,520094952.0,0.0
destination-repeat,columnarSequentialRangedBatches,10000000,8192,2,3,49.742625,520094952.0,0.0
destination-repeat,columnarSequentialRangedBatches,10000000,8192,2,4,41.1935,520094952.0,0.0
destination-repeat,columnarSequentialRangedBatches,10000000,8192,2,5,29.195875,520094952.0,0.0
destination-repeat,columnarSequentialRangedBatches,10000000,8192,2,6,46.271875,520094952.0,0.0
destination-repeat,columnarSequentialRangedBatches,10000000,8192,2,7,48.305792,520094952.0,0.0
destination-repeat,columnarSequentialRangedBatches,10000000,8192,2,8,50.491875,520094952.0,0.0
destination-repeat,columnarSequentialRangedBatches,10000000,8192,2,9,44.934959,520094952.0,0.0
destination-repeat,columnarSequentialRangedBatches,10000000,8192,2,10,49.413291,520098208.0,0.0
destination-repeat,columnarSequentialRangedBatches,10000000,8192,3,1,48.565459,520094952.0,0.0
destination-repeat,columnarSequentialRangedBatches,10000000,8192,3,2,50.31775,520094952.0,0.0
destination-repeat,columnarSequentialRangedBatches,10000000,8192,3,3,51.19875,520094952.0,0.0
destination-repeat,columnarSequentialRangedBatches,10000000,8192,3,4,48.492958,520094952.0,0.0
destination-repeat,columnarSequentialRangedBatches,10000000,8192,3,5,45.498584,520094952.0,0.0
destination-repeat,columnarSequentialRangedBatches,10000000,8192,3,6,49.26125,520094952.0,0.0
destination-repeat,columnarSequentialRangedBatches,10000000,8192,3,7,47.719833,520094952.0,0.0
destination-repeat,columnarSequentialRangedBatches,10000000,8192,3,8,37.079416,520094952.0,0.0
destination-repeat,columnarSequentialRangedBatches,10000000,8192,3,9,47.924291,520094952.0,0.0
destination-repeat,columnarSequentialRangedBatches,10000000,8192,3,10,52.118584,520098208.0,0.0
destination-repeat,columnarSequentialRangedBatches,10000000,1000000,1,1,39.957583,520007760.0,0.0
destination-repeat,columnarSequentialRangedBatches,10000000,1000000,1,2,38.705,520007760.0,0.0
destination-repeat,columnarSequentialRangedBatches,10000000,1000000,1,3,53.602208,520007760.0,0.0
destination-repeat,columnarSequentialRangedBatches,10000000,1000000,1,4,50.810666,520007760.0,0.0
destination-repeat,columnarSequentialRangedBatches,10000000,1000000,1,5,53.724166,520007760.0,0.0
destination-repeat,columnarSequentialRangedBatches,10000000,1000000,1,6,52.999541,520007760.0,0.0
destination-repeat,columnarSequentialRangedBatches,10000000,1000000,1,7,55.202042,520007760.0,0.0
destination-repeat,columnarSequentialRangedBatches,10000000,1000000,1,8,50.353958,520007760.0,0.0
destination-repeat,columnarSequentialRangedBatches,10000000,1000000,1,9,42.072375,520007760.0,0.0
destination-repeat,columnarSequentialRangedBatches,10000000,1000000,1,10,53.225333,520011016.0,0.0
destination-repeat,columnarSequentialRangedBatches,10000000,1000000,2,1,76.698917,520007760.0,0.0
destination-repeat,columnarSequentialRangedBatches,10000000,1000000,2,2,46.731959,520007760.0,0.0
destination-repeat,columnarSequentialRangedBatches,10000000,1000000,2,3,53.536125,520007760.0,0.0
destination-repeat,columnarSequentialRangedBatches,10000000,1000000,2,4,37.296125,520007760.0,0.0
destination-repeat,columnarSequentialRangedBatches,10000000,1000000,2,5,37.24475,520007760.0,0.0
destination-repeat,columnarSequentialRangedBatches,10000000,1000000,2,6,47.554,520007760.0,0.0
destination-repeat,columnarSequentialRangedBatches,10000000,1000000,2,7,56.621625,520007760.0,0.0
destination-repeat,columnarSequentialRangedBatches,10000000,1000000,2,8,37.831084,520007760.0,0.0
destination-repeat,columnarSequentialRangedBatches,10000000,1000000,2,9,54.223459,520007760.0,0.0
destination-repeat,columnarSequentialRangedBatches,10000000,1000000,2,10,54.618583,520011016.0,0.0
destination-repeat,columnarSequentialRangedBatches,10000000,1000000,3,1,42.820625,520007760.0,0.0
destination-repeat,columnarSequentialRangedBatches,10000000,1000000,3,2,56.887917,520007760.0,0.0
destination-repeat,columnarSequentialRangedBatches,10000000,1000000,3,3,55.766375,520007760.0,0.0
destination-repeat,columnarSequentialRangedBatches,10000000,1000000,3,4,51.933208,520007760.0,0.0
destination-repeat,columnarSequentialRangedBatches,10000000,1000000,3,5,52.324667,520007760.0,0.0
destination-repeat,columnarSequentialRangedBatches,10000000,1000000,3,6,61.611583,520007760.0,0.0
destination-repeat,columnarSequentialRangedBatches,10000000,1000000,3,7,61.810375,520007760.0,0.0
destination-repeat,columnarSequentialRangedBatches,10000000,1000000,3,8,47.579667,520007760.0,0.0
destination-repeat,columnarSequentialRangedBatches,10000000,1000000,3,9,52.154916,520007760.0,0.0
destination-repeat,columnarSequentialRangedBatches,10000000,1000000,3,10,38.327,520011016.0,0.0
destination-repeat,columnarSingleThreadedAppender,10000000,8192,1,1,39.01175,520007040.0,0.0
destination-repeat,columnarSingleThreadedAppender,10000000,8192,1,2,50.657958,520007040.0,0.0
destination-repeat,columnarSingleThreadedAppender,10000000,8192,1,3,48.277917,520007040.0,0.0
destination-repeat,columnarSingleThreadedAppender,10000000,8192,1,4,47.888625,520007040.0,0.0
destination-repeat,columnarSingleThreadedAppender,10000000,8192,1,5,28.022375,520007040.0,0.0
destination-repeat,columnarSingleThreadedAppender,10000000,8192,1,6,48.386375,520007040.0,0.0
destination-repeat,columnarSingleThreadedAppender,10000000,8192,1,7,47.609375,520007040.0,0.0
destination-repeat,columnarSingleThreadedAppender,10000000,8192,1,8,44.297417,520007040.0,0.0
destination-repeat,columnarSingleThreadedAppender,10000000,8192,1,9,52.221666,520007040.0,0.0
destination-repeat,columnarSingleThreadedAppender,10000000,8192,1,10,49.980458,520010296.0,0.0
destination-repeat,columnarSingleThreadedAppender,10000000,8192,2,1,48.324834,520007040.0,0.0
destination-repeat,columnarSingleThreadedAppender,10000000,8192,2,2,47.45925,520007040.0,0.0
destination-repeat,columnarSingleThreadedAppender,10000000,8192,2,3,57.548417,520007040.0,0.0
destination-repeat,columnarSingleThreadedAppender,10000000,8192,2,4,35.347334,520007040.0,0.0
destination-repeat,columnarSingleThreadedAppender,10000000,8192,2,5,46.778791,520007040.0,0.0
destination-repeat,columnarSingleThreadedAppender,10000000,8192,2,6,48.896292,520007040.0,0.0
destination-repeat,columnarSingleThreadedAppender,10000000,8192,2,7,50.251958,520007040.0,0.0
destination-repeat,columnarSingleThreadedAppender,10000000,8192,2,8,51.8385,520007040.0,0.0
destination-repeat,columnarSingleThreadedAppender,10000000,8192,2,9,63.282042,520007040.0,0.0
destination-repeat,columnarSingleThreadedAppender,10000000,8192,2,10,41.217375,520010296.0,0.0
destination-repeat,columnarSingleThreadedAppender,10000000,8192,3,1,46.459292,520007040.0,0.0
destination-repeat,columnarSingleThreadedAppender,10000000,8192,3,2,60.633667,520007040.0,0.0
destination-repeat,columnarSingleThreadedAppender,10000000,8192,3,3,51.413,520007040.0,0.0
destination-repeat,columnarSingleThreadedAppender,10000000,8192,3,4,54.440708,520007040.0,0.0
destination-repeat,columnarSingleThreadedAppender,10000000,8192,3,5,48.423375,520007040.0,0.0
destination-repeat,columnarSingleThreadedAppender,10000000,8192,3,6,41.622167,520007040.0,0.0
destination-repeat,columnarSingleThreadedAppender,10000000,8192,3,7,51.374542,520007040.0,0.0
destination-repeat,columnarSingleThreadedAppender,10000000,8192,3,8,47.821958,520007040.0,0.0
destination-repeat,columnarSingleThreadedAppender,10000000,8192,3,9,46.866917,520007040.0,0.0
destination-repeat,columnarSingleThreadedAppender,10000000,8192,3,10,50.082791,520010296.0,0.0
destination-repeat,columnarSingleThreadedAppender,10000000,1000000,1,1,30.446166,520007040.0,0.0
destination-repeat,columnarSingleThreadedAppender,10000000,1000000,1,2,93.660542,520007040.0,0.0
destination-repeat,columnarSingleThreadedAppender,10000000,1000000,1,3,52.167209,520007040.0,0.0
destination-repeat,columnarSingleThreadedAppender,10000000,1000000,1,4,48.59975,520007040.0,0.0
destination-repeat,columnarSingleThreadedAppender,10000000,1000000,1,5,47.872958,520007040.0,0.0
destination-repeat,columnarSingleThreadedAppender,10000000,1000000,1,6,51.950084,520007040.0,0.0
destination-repeat,columnarSingleThreadedAppender,10000000,1000000,1,7,40.836625,520007040.0,0.0
destination-repeat,columnarSingleThreadedAppender,10000000,1000000,1,8,37.0475,520007040.0,0.0
destination-repeat,columnarSingleThreadedAppender,10000000,1000000,1,9,54.186542,520007040.0,0.0
destination-repeat,columnarSingleThreadedAppender,10000000,1000000,1,10,49.248416,520010296.0,0.0
destination-repeat,columnarSingleThreadedAppender,10000000,1000000,2,1,62.051875,520007040.0,0.0
destination-repeat,columnarSingleThreadedAppender,10000000,1000000,2,2,51.012208,520007040.0,0.0
destination-repeat,columnarSingleThreadedAppender,10000000,1000000,2,3,49.754708,520007040.0,0.0
destination-repeat,columnarSingleThreadedAppender,10000000,1000000,2,4,53.407,520007040.0,0.0
destination-repeat,columnarSingleThreadedAppender,10000000,1000000,2,5,50.689292,520007040.0,0.0
destination-repeat,columnarSingleThreadedAppender,10000000,1000000,2,6,52.294333,520007040.0,0.0
destination-repeat,columnarSingleThreadedAppender,10000000,1000000,2,7,54.501208,520007040.0,0.0
destination-repeat,columnarSingleThreadedAppender,10000000,1000000,2,8,50.085625,520007040.0,0.0
destination-repeat,columnarSingleThreadedAppender,10000000,1000000,2,9,53.966334,520007040.0,0.0
destination-repeat,columnarSingleThreadedAppender,10000000,1000000,2,10,53.003958,520010296.0,0.0
destination-repeat,columnarSingleThreadedAppender,10000000,1000000,3,1,55.918166,520007040.0,0.0
destination-repeat,columnarSingleThreadedAppender,10000000,1000000,3,2,58.18475,520007040.0,0.0
destination-repeat,columnarSingleThreadedAppender,10000000,1000000,3,3,55.790333,520007040.0,0.0
destination-repeat,columnarSingleThreadedAppender,10000000,1000000,3,4,38.607667,520007040.0,0.0
destination-repeat,columnarSingleThreadedAppender,10000000,1000000,3,5,48.342416,520007040.0,0.0
destination-repeat,columnarSingleThreadedAppender,10000000,1000000,3,6,51.577834,520007040.0,0.0
destination-repeat,columnarSingleThreadedAppender,10000000,1000000,3,7,38.792083,520007040.0,0.0
destination-repeat,columnarSingleThreadedAppender,10000000,1000000,3,8,51.63475,520007040.0,0.0
destination-repeat,columnarSingleThreadedAppender,10000000,1000000,3,9,90.443208,520007040.0,0.0
destination-repeat,columnarSingleThreadedAppender,10000000,1000000,3,10,48.294708,520010296.0,0.0
hardwood,hardwoodToArrayList,100000,1000000,1,1,21.578375,484598368.0,0.0
hardwood,hardwoodToArrayList,100000,1000000,1,2,22.514,484788088.0,0.0
hardwood,hardwoodToArrayList,100000,1000000,1,3,21.85475,484471768.0,0.0
hardwood,hardwoodToArrayList,100000,1000000,1,4,18.613125,484621472.0,0.0
hardwood,hardwoodToArrayList,100000,1000000,1,5,21.51575,484881288.0,0.0
hardwood,hardwoodToArrayList,100000,1000000,1,6,19.363708,484583688.0,0.0
hardwood,hardwoodToArrayList,100000,1000000,1,7,20.585542,484633336.0,0.0
hardwood,hardwoodToArrayList,100000,1000000,1,8,20.49175,484746672.0,0.0
hardwood,hardwoodToArrayList,100000,1000000,1,9,19.517167,484633536.0,0.0
hardwood,hardwoodToArrayList,100000,1000000,1,10,19.887958,484724096.0,0.0
hardwood,hardwoodToArrayList,100000,1000000,2,1,21.7585,484745360.0,0.0
hardwood,hardwoodToArrayList,100000,1000000,2,2,21.818084,484586920.0,0.0
hardwood,hardwoodToArrayList,100000,1000000,2,3,23.492791,484591216.0,0.0
hardwood,hardwoodToArrayList,100000,1000000,2,4,21.988542,484626840.0,0.0
hardwood,hardwoodToArrayList,100000,1000000,2,5,9.711583,484634584.0,0.0
hardwood,hardwoodToArrayList,100000,1000000,2,6,21.980333,484785864.0,0.0
hardwood,hardwoodToArrayList,100000,1000000,2,7,22.054916,484745080.0,0.0
hardwood,hardwoodToArrayList,100000,1000000,2,8,13.090291,484830592.0,0.0
hardwood,hardwoodToArrayList,100000,1000000,2,9,10.124875,484591432.0,0.0
hardwood,hardwoodToArrayList,100000,1000000,2,10,21.637,484627408.0,0.0
hardwood,hardwoodToArrayList,100000,1000000,3,1,8.959875,484595560.0,0.0
hardwood,hardwoodToArrayList,100000,1000000,3,2,21.833291,484705152.0,0.0
hardwood,hardwoodToArrayList,100000,1000000,3,3,17.97525,484789000.0,0.0
hardwood,hardwoodToArrayList,100000,1000000,3,4,10.264167,484928104.0,0.0
hardwood,hardwoodToArrayList,100000,1000000,3,5,20.180125,484780272.0,0.0
hardwood,hardwoodToArrayList,100000,1000000,3,6,14.575083,484907640.0,0.0
hardwood,hardwoodToArrayList,100000,1000000,3,7,17.170875,484624936.0,0.0
hardwood,hardwoodToArrayList,100000,1000000,3,8,15.586,484750328.0,0.0
hardwood,hardwoodToArrayList,100000,1000000,3,9,8.371625,484796296.0,0.0
hardwood,hardwoodToArrayList,100000,1000000,3,10,16.703625,484884416.0,0.0
hardwood,hardwoodToArrayList,10000000,1000000,1,1,711.225833,5301238528.0,2.0
hardwood,hardwoodToArrayList,10000000,1000000,1,2,864.962375,5301191824.0,2.0
hardwood,hardwoodToArrayList,10000000,1000000,1,3,748.769125,5301183448.0,2.0
hardwood,hardwoodToArrayList,10000000,1000000,1,4,942.1205,5301197640.0,2.0
hardwood,hardwoodToArrayList,10000000,1000000,1,5,846.965167,5301220384.0,2.0
hardwood,hardwoodToArrayList,10000000,1000000,1,6,726.851792,5301338032.0,2.0
hardwood,hardwoodToArrayList,10000000,1000000,1,7,773.398833,5301182824.0,2.0
hardwood,hardwoodToArrayList,10000000,1000000,1,8,849.912875,5301358104.0,2.0
hardwood,hardwoodToArrayList,10000000,1000000,1,9,1017.220667,5301125592.0,2.0
hardwood,hardwoodToArrayList,10000000,1000000,1,10,956.971666,5301430472.0,2.0
hardwood,hardwoodToArrayList,10000000,1000000,2,1,698.476791,5301262896.0,3.0
hardwood,hardwoodToArrayList,10000000,1000000,2,2,699.603708,5301180648.0,2.0
hardwood,hardwoodToArrayList,10000000,1000000,2,3,693.9585,5301178296.0,2.0
hardwood,hardwoodToArrayList,10000000,1000000,2,4,1018.205666,5301201984.0,2.0
hardwood,hardwoodToArrayList,10000000,1000000,2,5,788.813625,5301185248.0,3.0
hardwood,hardwoodToArrayList,10000000,1000000,2,6,792.736292,5301328176.0,2.0
hardwood,hardwoodToArrayList,10000000,1000000,2,7,773.481084,5301195680.0,2.0
hardwood,hardwoodToArrayList,10000000,1000000,2,8,774.733167,5301317744.0,2.0
hardwood,hardwoodToArrayList,10000000,1000000,2,9,721.240042,5301529232.0,2.0
hardwood,hardwoodToArrayList,10000000,1000000,2,10,652.841916,5301106792.0,2.0
hardwood,hardwoodToArrayList,10000000,1000000,3,1,710.58425,5301035952.0,4.0
hardwood,hardwoodToArrayList,10000000,1000000,3,2,588.133959,5301023224.0,3.0
hardwood,hardwoodToArrayList,10000000,1000000,3,3,891.210875,5301092840.0,4.0
hardwood,hardwoodToArrayList,10000000,1000000,3,4,648.8065,5301043544.0,4.0
hardwood,hardwoodToArrayList,10000000,1000000,3,5,635.430125,5301039152.0,4.0
hardwood,hardwoodToArrayList,10000000,1000000,3,6,634.661375,5301011784.0,4.0
hardwood,hardwoodToArrayList,10000000,1000000,3,7,667.133625,5301030984.0,4.0
hardwood,hardwoodToArrayList,10000000,1000000,3,8,696.190875,5301038472.0,4.0
hardwood,hardwoodToArrayList,10000000,1000000,3,9,678.359375,5300828216.0,4.0
hardwood,hardwoodToArrayList,10000000,1000000,3,10,624.613,5300828032.0,4.0
hardwood,hardwoodToColumnarBatch,100000,1000000,1,1,21.713916,482982648.0,0.0
hardwood,hardwoodToColumnarBatch,100000,1000000,1,2,13.855125,483375728.0,0.0
hardwood,hardwoodToColumnarBatch,100000,1000000,1,3,22.676042,483036080.0,0.0
hardwood,hardwoodToColumnarBatch,100000,1000000,1,4,21.257125,482948344.0,0.0
hardwood,hardwoodToColumnarBatch,100000,1000000,1,5,21.077208,483279696.0,0.0
hardwood,hardwoodToColumnarBatch,100000,1000000,1,6,17.866042,482983472.0,0.0
hardwood,hardwoodToColumnarBatch,100000,1000000,1,7,21.313292,483180512.0,0.0
hardwood,hardwoodToColumnarBatch,100000,1000000,1,8,22.797583,482984864.0,0.0
hardwood,hardwoodToColumnarBatch,100000,1000000,1,9,21.463667,483035376.0,0.0
hardwood,hardwoodToColumnarBatch,100000,1000000,1,10,20.565208,482987608.0,0.0
hardwood,hardwoodToColumnarBatch,100000,1000000,2,1,21.991125,483035648.0,0.0
hardwood,hardwoodToColumnarBatch,100000,1000000,2,2,11.217666,482954888.0,0.0
hardwood,hardwoodToColumnarBatch,100000,1000000,2,3,20.132709,482987128.0,0.0
hardwood,hardwoodToColumnarBatch,100000,1000000,2,4,19.587959,483142256.0,0.0
hardwood,hardwoodToColumnarBatch,100000,1000000,2,5,9.846792,483456288.0,0.0
hardwood,hardwoodToColumnarBatch,100000,1000000,2,6,19.494583,483144632.0,0.0
hardwood,hardwoodToColumnarBatch,100000,1000000,2,7,20.308375,482823712.0,0.0
hardwood,hardwoodToColumnarBatch,100000,1000000,2,8,10.903,483370344.0,0.0
hardwood,hardwoodToColumnarBatch,100000,1000000,2,9,20.640208,482990952.0,0.0
hardwood,hardwoodToColumnarBatch,100000,1000000,2,10,22.300833,483021920.0,0.0
hardwood,hardwoodToColumnarBatch,100000,1000000,3,1,22.67225,482862816.0,0.0
hardwood,hardwoodToColumnarBatch,100000,1000000,3,2,22.094917,482985512.0,0.0
hardwood,hardwoodToColumnarBatch,100000,1000000,3,3,14.468666,483026816.0,0.0
hardwood,hardwoodToColumnarBatch,100000,1000000,3,4,24.937459,482863568.0,0.0
hardwood,hardwoodToColumnarBatch,100000,1000000,3,5,14.0195,483067064.0,0.0
hardwood,hardwoodToColumnarBatch,100000,1000000,3,6,21.051458,482987184.0,0.0
hardwood,hardwoodToColumnarBatch,100000,1000000,3,7,20.68675,483144528.0,0.0
hardwood,hardwoodToColumnarBatch,100000,1000000,3,8,13.333083,483169632.0,0.0
hardwood,hardwoodToColumnarBatch,100000,1000000,3,9,20.453208,483022280.0,0.0
hardwood,hardwoodToColumnarBatch,100000,1000000,3,10,18.929292,483147704.0,0.0
hardwood,hardwoodToColumnarBatch,10000000,1000000,1,1,571.657917,5141233552.0,2.0
hardwood,hardwoodToColumnarBatch,10000000,1000000,1,2,509.065334,5141326056.0,2.0
hardwood,hardwoodToColumnarBatch,10000000,1000000,1,3,471.534417,5141050136.0,2.0
hardwood,hardwoodToColumnarBatch,10000000,1000000,1,4,503.531125,5141203928.0,3.0
hardwood,hardwoodToColumnarBatch,10000000,1000000,1,5,791.328583,5141189256.0,2.0
hardwood,hardwoodToColumnarBatch,10000000,1000000,1,6,573.343959,5141209520.0,2.0
hardwood,hardwoodToColumnarBatch,10000000,1000000,1,7,519.870792,5141213504.0,2.0
hardwood,hardwoodToColumnarBatch,10000000,1000000,1,8,540.311333,5141485992.0,2.0
hardwood,hardwoodToColumnarBatch,10000000,1000000,1,9,616.02075,5141139392.0,2.0
hardwood,hardwoodToColumnarBatch,10000000,1000000,1,10,578.2015,5141127352.0,2.0
hardwood,hardwoodToColumnarBatch,10000000,1000000,2,1,677.301959,5141284064.0,3.0
hardwood,hardwoodToColumnarBatch,10000000,1000000,2,2,585.603833,5141195328.0,3.0
hardwood,hardwoodToColumnarBatch,10000000,1000000,2,3,505.720208,5141212280.0,2.0
hardwood,hardwoodToColumnarBatch,10000000,1000000,2,4,484.250333,5141179776.0,2.0
hardwood,hardwoodToColumnarBatch,10000000,1000000,2,5,481.791917,5141219256.0,5.0
hardwood,hardwoodToColumnarBatch,10000000,1000000,2,6,494.077209,5141195376.0,4.0
hardwood,hardwoodToColumnarBatch,10000000,1000000,2,7,461.570916,5141203520.0,4.0
hardwood,hardwoodToColumnarBatch,10000000,1000000,2,8,479.988333,5141203168.0,4.0
hardwood,hardwoodToColumnarBatch,10000000,1000000,2,9,501.858292,5141134920.0,4.0
hardwood,hardwoodToColumnarBatch,10000000,1000000,2,10,479.31725,5141132552.0,4.0
hardwood,hardwoodToColumnarBatch,10000000,1000000,3,1,467.665875,5141279680.0,4.0
hardwood,hardwoodToColumnarBatch,10000000,1000000,3,2,513.834167,5141199768.0,4.0
hardwood,hardwoodToColumnarBatch,10000000,1000000,3,3,477.85325,5141192992.0,2.0
hardwood,hardwoodToColumnarBatch,10000000,1000000,3,4,511.590291,5141206168.0,2.0
hardwood,hardwoodToColumnarBatch,10000000,1000000,3,5,481.784375,5141198576.0,4.0
hardwood,hardwoodToColumnarBatch,10000000,1000000,3,6,475.0985,5141191104.0,4.0
hardwood,hardwoodToColumnarBatch,10000000,1000000,3,7,511.934625,5141225648.0,5.0
hardwood,hardwoodToColumnarBatch,10000000,1000000,3,8,527.96425,5141218136.0,4.0
hardwood,hardwoodToColumnarBatch,10000000,1000000,3,9,515.319917,5141154648.0,4.0
hardwood,hardwoodToColumnarBatch,10000000,1000000,3,10,601.132209,5141129048.0,2.0
hardwood,hardwoodToExecutorBackedColumnarBatch,100000,1000000,1,1,14.472041,482945376.0,0.0
hardwood,hardwoodToExecutorBackedColumnarBatch,100000,1000000,1,2,11.600917,483455408.0,0.0
hardwood,hardwoodToExecutorBackedColumnarBatch,100000,1000000,1,3,8.246125,483040016.0,0.0
hardwood,hardwoodToExecutorBackedColumnarBatch,100000,1000000,1,4,20.984042,483419704.0,0.0
hardwood,hardwoodToExecutorBackedColumnarBatch,100000,1000000,1,5,21.050125,483153448.0,0.0
hardwood,hardwoodToExecutorBackedColumnarBatch,100000,1000000,1,6,20.604417,483144736.0,0.0
hardwood,hardwoodToExecutorBackedColumnarBatch,100000,1000000,1,7,19.15875,482991392.0,0.0
hardwood,hardwoodToExecutorBackedColumnarBatch,100000,1000000,1,8,19.461208,483021960.0,0.0
hardwood,hardwoodToExecutorBackedColumnarBatch,100000,1000000,1,9,20.550084,483190664.0,0.0
hardwood,hardwoodToExecutorBackedColumnarBatch,100000,1000000,1,10,23.367959,482996568.0,0.0
hardwood,hardwoodToExecutorBackedColumnarBatch,100000,1000000,2,1,19.684375,483188248.0,0.0
hardwood,hardwoodToExecutorBackedColumnarBatch,100000,1000000,2,2,21.312375,483144488.0,0.0
hardwood,hardwoodToExecutorBackedColumnarBatch,100000,1000000,2,3,21.2495,483292664.0,0.0
hardwood,hardwoodToExecutorBackedColumnarBatch,100000,1000000,2,4,19.185709,483032672.0,0.0
hardwood,hardwoodToExecutorBackedColumnarBatch,100000,1000000,2,5,20.77425,483464384.0,0.0
hardwood,hardwoodToExecutorBackedColumnarBatch,100000,1000000,2,6,20.604833,483009416.0,0.0
hardwood,hardwoodToExecutorBackedColumnarBatch,100000,1000000,2,7,19.549875,483290432.0,0.0
hardwood,hardwoodToExecutorBackedColumnarBatch,100000,1000000,2,8,19.470708,482987976.0,0.0
hardwood,hardwoodToExecutorBackedColumnarBatch,100000,1000000,2,9,18.904625,482985576.0,0.0
hardwood,hardwoodToExecutorBackedColumnarBatch,100000,1000000,2,10,18.23675,483156496.0,0.0
hardwood,hardwoodToExecutorBackedColumnarBatch,100000,1000000,3,1,11.810292,483183328.0,0.0
hardwood,hardwoodToExecutorBackedColumnarBatch,100000,1000000,3,2,22.322833,482989192.0,0.0
hardwood,hardwoodToExecutorBackedColumnarBatch,100000,1000000,3,3,19.386541,482985192.0,0.0
hardwood,hardwoodToExecutorBackedColumnarBatch,100000,1000000,3,4,13.533541,483054184.0,0.0
hardwood,hardwoodToExecutorBackedColumnarBatch,100000,1000000,3,5,22.543541,483187232.0,0.0
hardwood,hardwoodToExecutorBackedColumnarBatch,100000,1000000,3,6,22.203292,482994816.0,0.0
hardwood,hardwoodToExecutorBackedColumnarBatch,100000,1000000,3,7,22.362958,483306480.0,0.0
hardwood,hardwoodToExecutorBackedColumnarBatch,100000,1000000,3,8,20.782625,483026448.0,0.0
hardwood,hardwoodToExecutorBackedColumnarBatch,100000,1000000,3,9,18.317125,483286280.0,0.0
hardwood,hardwoodToExecutorBackedColumnarBatch,100000,1000000,3,10,8.585708,482992224.0,0.0
hardwood,hardwoodToExecutorBackedColumnarBatch,10000000,1000000,1,1,514.562541,5141229592.0,2.0
hardwood,hardwoodToExecutorBackedColumnarBatch,10000000,1000000,1,2,480.4775,5141330432.0,2.0
hardwood,hardwoodToExecutorBackedColumnarBatch,10000000,1000000,1,3,482.128667,5141198440.0,2.0
hardwood,hardwoodToExecutorBackedColumnarBatch,10000000,1000000,1,4,538.92725,5141183784.0,2.0
hardwood,hardwoodToExecutorBackedColumnarBatch,10000000,1000000,1,5,797.835458,5141228072.0,3.0
hardwood,hardwoodToExecutorBackedColumnarBatch,10000000,1000000,1,6,486.733834,5141215536.0,3.0
hardwood,hardwoodToExecutorBackedColumnarBatch,10000000,1000000,1,7,525.469417,5141212512.0,2.0
hardwood,hardwoodToExecutorBackedColumnarBatch,10000000,1000000,1,8,506.529542,5141362088.0,3.0
hardwood,hardwoodToExecutorBackedColumnarBatch,10000000,1000000,1,9,474.044875,5141161624.0,5.0
hardwood,hardwoodToExecutorBackedColumnarBatch,10000000,1000000,1,10,494.292041,5140999144.0,2.0
hardwood,hardwoodToExecutorBackedColumnarBatch,10000000,1000000,2,1,556.346458,5141279104.0,3.0
hardwood,hardwoodToExecutorBackedColumnarBatch,10000000,1000000,2,2,492.455417,5141193464.0,2.0
hardwood,hardwoodToExecutorBackedColumnarBatch,10000000,1000000,2,3,481.6835,5141219960.0,4.0
hardwood,hardwoodToExecutorBackedColumnarBatch,10000000,1000000,2,4,487.756459,5141197488.0,2.0
hardwood,hardwoodToExecutorBackedColumnarBatch,10000000,1000000,2,5,496.028792,5141330528.0,2.0
hardwood,hardwoodToExecutorBackedColumnarBatch,10000000,1000000,2,6,448.480875,5141207040.0,3.0
hardwood,hardwoodToExecutorBackedColumnarBatch,10000000,1000000,2,7,502.850916,5141222544.0,3.0
hardwood,hardwoodToExecutorBackedColumnarBatch,10000000,1000000,2,8,487.638333,5141090480.0,4.0
hardwood,hardwoodToExecutorBackedColumnarBatch,10000000,1000000,2,9,495.942458,5141133040.0,2.0
hardwood,hardwoodToExecutorBackedColumnarBatch,10000000,1000000,2,10,728.566167,5141164432.0,2.0
hardwood,hardwoodToExecutorBackedColumnarBatch,10000000,1000000,3,1,494.673292,5141274784.0,3.0
hardwood,hardwoodToExecutorBackedColumnarBatch,10000000,1000000,3,2,545.848125,5141230016.0,3.0
hardwood,hardwoodToExecutorBackedColumnarBatch,10000000,1000000,3,3,478.103958,5141211096.0,3.0
hardwood,hardwoodToExecutorBackedColumnarBatch,10000000,1000000,3,4,476.155291,5141189576.0,2.0
hardwood,hardwoodToExecutorBackedColumnarBatch,10000000,1000000,3,5,504.583583,5141208272.0,3.0
hardwood,hardwoodToExecutorBackedColumnarBatch,10000000,1000000,3,6,597.21025,5141229464.0,4.0
hardwood,hardwoodToExecutorBackedColumnarBatch,10000000,1000000,3,7,537.84925,5141213760.0,2.0
hardwood,hardwoodToExecutorBackedColumnarBatch,10000000,1000000,3,8,582.954166,5141246408.0,4.0
hardwood,hardwoodToExecutorBackedColumnarBatch,10000000,1000000,3,9,553.94225,5141139464.0,3.0
hardwood,hardwoodToExecutorBackedColumnarBatch,10000000,1000000,3,10,477.452209,5141139000.0,2.0
